Mapping caricato: 1818 SKU trovati nel CSV
SKU con immagine risolta senza ambiguita': 3997
SKU con file candidati ambigui (esclusi da questo giro): 22
SKU del catalogo senza nessuna immagine: 307 (vedi sku_senza_immagine.csv)
Immagini da caricare in questo giro: 1287
[1/1287] /Users/anna.nardi/Library/CloudStorage/OneDrive-Raccoltecondivise-DuckyNetworkS.r.l/E-Commerce - FOTO PRODOTTO 2019_2022_2023_2024_2025/CHAIN KITS_Braking/B520XRE039G.jpg -> SKU B520XRE039G -> uid 41231991: OK
[2/1287] /Users/anna.nardi/Library/CloudStorage/OneDrive-Raccoltecondivise-DuckyNetworkS.r.l/E-Commerce - FOTO PRODOTTO 2019_2022_2023_2024_2025/CHAIN KITS_Braking/B520XRE040G.jpg -> SKU B520XRE040G -> uid 41231992: OK
[3/1287] /Users/anna.nardi/Library/CloudStorage/OneDrive-Raccoltecondivise-DuckyNetworkS.r.l/E-Commerce - FOTO PRODOTTO 2019_2022_2023_2024_2025/CHAIN KITS_Braking/B520XRE046G.jpg -> SKU B520XRE046G -> uid 41231993: OK
[4/1287] /Users/anna.nardi/Library/CloudStorage/OneDrive-Raccoltecondivise-DuckyNetworkS.r.l/E-Commerce - FOTO PRODOTTO 2019_2022_2023_2024_2025/CHAIN KITS_Braking/B520XRE053G.jpg -> SKU B520XRE053G -> uid 41231994: OK
[5/1287] /Users/anna.nardi/Library/CloudStorage/OneDrive-Raccoltecondivise-DuckyNetworkS.r.l/E-Commerce - FOTO PRODOTTO 2019_2022_2023_2024_2025/CHAIN KITS_Braking/B520XRE055G.jpg -> SKU B520XRE055G -> uid 41231995: OK
[6/1287] /Users/anna.nardi/Library/CloudStorage/OneDrive-Raccoltecondivise-DuckyNetworkS.r.l/E-Commerce - FOTO PRODOTTO 2019_2022_2023_2024_2025/CHAIN KITS_Braking/B520XRE058G.jpg -> SKU B520XRE058G -> uid 41231996: OK
[7/1287] /Users/anna.nardi/Library/CloudStorage/OneDrive-Raccoltecondivise-DuckyNetworkS.r.l/E-Commerce - FOTO PRODOTTO 2019_2022_2023_2024_2025/CHAIN KITS_Braking/B520XRE059G.jpg -> SKU B520XRE059G -> uid 41231997: OK
[8/1287] /Users/anna.nardi/Library/CloudStorage/OneDrive-Raccoltecondivise-DuckyNetworkS.r.l/E-Commerce - FOTO PRODOTTO 2019_2022_2023_2024_2025/CHAIN KITS_Braking/B520XRE061G.jpg -> SKU B520XRE061G -> uid 41231998: OK
[9/1287] /Users/anna.nardi/Library/CloudStorage/OneDrive-Raccoltecondivise-DuckyNetworkS.r.l/E-Commerce - FOTO PRODOTTO 2019_2022_2023_2024_2025/CHAIN KITS_Braking/B520XRE063G.jpg -> SKU B520XRE063G -> uid 41231999: OK
[10/1287] /Users/anna.nardi/Library/CloudStorage/OneDrive-Raccoltecondivise-DuckyNetworkS.r.l/E-Commerce - FOTO PRODOTTO 2019_2022_2023_2024_2025/CHAIN KITS_Braking/B520XRE064G.jpg -> SKU B520XRE064G -> uid 41232000: OK
[11/1287] /Users/anna.nardi/Library/CloudStorage/OneDrive-Raccoltecondivise-DuckyNetworkS.r.l/E-Commerce - FOTO PRODOTTO 2019_2022_2023_2024_2025/CHAIN KITS_Braking/B520XRE065G.jpg -> SKU B520XRE065G -> uid 41232001: OK
[12/1287] /Users/anna.nardi/Library/CloudStorage/OneDrive-Raccoltecondivise-DuckyNetworkS.r.l/E-Commerce - FOTO PRODOTTO 2019_2022_2023_2024_2025/CHAIN KITS_Braking/B520XRE066G.jpg -> SKU B520XRE066G -> uid 41232002: OK
[13/1287] /Users/anna.nardi/Library/CloudStorage/OneDrive-Raccoltecondivise-DuckyNetworkS.r.l/E-Commerce - FOTO PRODOTTO 2019_2022_2023_2024_2025/CHAIN KITS_Braking/B520XRE067G.jpg -> SKU B520XRE067G -> uid 41232003: OK
[14/1287] /Users/anna.nardi/Library/CloudStorage/OneDrive-Raccoltecondivise-DuckyNetworkS.r.l/E-Commerce - FOTO PRODOTTO 2019_2022_2023_2024_2025/CHAIN KITS_Braking/B520XRE068G.jpg -> SKU B520XRE068G -> uid 41226981: OK
[15/1287] /Users/anna.nardi/Library/CloudStorage/OneDrive-Raccoltecondivise-DuckyNetworkS.r.l/E-Commerce - FOTO PRODOTTO 2019_2022_2023_2024_2025/CHAIN KITS_Braking/B520XRE069G.jpg -> SKU B520XRE069G -> uid 41226982: OK
[16/1287] /Users/anna.nardi/Library/CloudStorage/OneDrive-Raccoltecondivise-DuckyNetworkS.r.l/E-Commerce - FOTO PRODOTTO 2019_2022_2023_2024_2025/CHAIN KITS_Braking/B520XRE071G.jpg -> SKU B520XRE071G -> uid 41232004: OK
[17/1287] /Users/anna.nardi/Library/CloudStorage/OneDrive-Raccoltecondivise-DuckyNetworkS.r.l/E-Commerce - FOTO PRODOTTO 2019_2022_2023_2024_2025/CHAIN KITS_Braking/B520XRE078G.jpg -> SKU B520XRE078G -> uid 41232005: OK
[18/1287] /Users/anna.nardi/Library/CloudStorage/OneDrive-Raccoltecondivise-DuckyNetworkS.r.l/E-Commerce - FOTO PRODOTTO 2019_2022_2023_2024_2025/CHAIN KITS_Braking/B520XRE082G.jpg -> SKU B520XRE082G -> uid 41232006: OK
[19/1287] /Users/anna.nardi/Library/CloudStorage/OneDrive-Raccoltecondivise-DuckyNetworkS.r.l/E-Commerce - FOTO PRODOTTO 2019_2022_2023_2024_2025/CHAIN KITS_Braking/B520XRE084G.jpg -> SKU B520XRE084G -> uid 41232007: OK
[20/1287] /Users/anna.nardi/Library/CloudStorage/OneDrive-Raccoltecondivise-DuckyNetworkS.r.l/E-Commerce - FOTO PRODOTTO 2019_2022_2023_2024_2025/CHAIN KITS_Braking/B520XRE085G.jpg -> SKU B520XRE085G -> uid 41232008: OK
[21/1287] /Users/anna.nardi/Library/CloudStorage/OneDrive-Raccoltecondivise-DuckyNetworkS.r.l/E-Commerce - FOTO PRODOTTO 2019_2022_2023_2024_2025/CHAIN KITS_Braking/B520XRE086G.jpg -> SKU B520XRE086G -> uid 41226986: OK
[22/1287] /Users/anna.nardi/Library/CloudStorage/OneDrive-Raccoltecondivise-DuckyNetworkS.r.l/E-Commerce - FOTO PRODOTTO 2019_2022_2023_2024_2025/CHAIN KITS_Braking/B520XRE087G.jpg -> SKU B520XRE087G -> uid 41226987: OK
[23/1287] /Users/anna.nardi/Library/CloudStorage/OneDrive-Raccoltecondivise-DuckyNetworkS.r.l/E-Commerce - FOTO PRODOTTO 2019_2022_2023_2024_2025/CHAIN KITS_Braking/B520XRE088G.jpg -> SKU B520XRE088G -> uid 41226988: OK
[24/1287] /Users/anna.nardi/Library/CloudStorage/OneDrive-Raccoltecondivise-DuckyNetworkS.r.l/E-Commerce - FOTO PRODOTTO 2019_2022_2023_2024_2025/CHAIN KITS_Braking/B520XRE089G.jpg -> SKU B520XRE089G -> uid 41226989: OK
[25/1287] /Users/anna.nardi/Library/CloudStorage/OneDrive-Raccoltecondivise-DuckyNetworkS.r.l/E-Commerce - FOTO PRODOTTO 2019_2022_2023_2024_2025/CHAIN KITS_Braking/B520XRE090G.jpg -> SKU B520XRE090G -> uid 41232009: OK
[26/1287] /Users/anna.nardi/Library/CloudStorage/OneDrive-Raccoltecondivise-DuckyNetworkS.r.l/E-Commerce - FOTO PRODOTTO 2019_2022_2023_2024_2025/CHAIN KITS_Braking/B520XRE091G.jpg -> SKU B520XRE091G -> uid 41226990: OK
[27/1287] /Users/anna.nardi/Library/CloudStorage/OneDrive-Raccoltecondivise-DuckyNetworkS.r.l/E-Commerce - FOTO PRODOTTO 2019_2022_2023_2024_2025/CHAIN KITS_Braking/B520XRE093G.jpg -> SKU B520XRE093G -> uid 41232010: OK
[28/1287] /Users/anna.nardi/Library/CloudStorage/OneDrive-Raccoltecondivise-DuckyNetworkS.r.l/E-Commerce - FOTO PRODOTTO 2019_2022_2023_2024_2025/CHAIN KITS_Braking/B525XRE004G.jpg -> SKU B525XRE004G -> uid 41232011: OK
[29/1287] /Users/anna.nardi/Library/CloudStorage/OneDrive-Raccoltecondivise-DuckyNetworkS.r.l/E-Commerce - FOTO PRODOTTO 2019_2022_2023_2024_2025/CHAIN KITS_Braking/B525XRE006G.jpg -> SKU B525XRE006G -> uid 41232012: OK
[30/1287] /Users/anna.nardi/Library/CloudStorage/OneDrive-Raccoltecondivise-DuckyNetworkS.r.l/E-Commerce - FOTO PRODOTTO 2019_2022_2023_2024_2025/CHAIN KITS_Braking/B525XRE007G.jpg -> SKU B525XRE007G -> uid 41232013: OK
[31/1287] /Users/anna.nardi/Library/CloudStorage/OneDrive-Raccoltecondivise-DuckyNetworkS.r.l/E-Commerce - FOTO PRODOTTO 2019_2022_2023_2024_2025/CHAIN KITS_Braking/B525XRE008G.jpg -> SKU B525XRE008G -> uid 41232014: OK
[32/1287] /Users/anna.nardi/Library/CloudStorage/OneDrive-Raccoltecondivise-DuckyNetworkS.r.l/E-Commerce - FOTO PRODOTTO 2019_2022_2023_2024_2025/CHAIN KITS_Braking/B525XRE010G.jpg -> SKU B525XRE010G -> uid 41232015: OK
[33/1287] /Users/anna.nardi/Library/CloudStorage/OneDrive-Raccoltecondivise-DuckyNetworkS.r.l/E-Commerce - FOTO PRODOTTO 2019_2022_2023_2024_2025/CHAIN KITS_Braking/B525XRE012G.jpg -> SKU B525XRE012G -> uid 41232016: OK
[34/1287] /Users/anna.nardi/Library/CloudStorage/OneDrive-Raccoltecondivise-DuckyNetworkS.r.l/E-Commerce - FOTO PRODOTTO 2019_2022_2023_2024_2025/CHAIN KITS_Braking/B525XRE014G.jpg -> SKU B525XRE014G -> uid 41232017: OK
[35/1287] /Users/anna.nardi/Library/CloudStorage/OneDrive-Raccoltecondivise-DuckyNetworkS.r.l/E-Commerce - FOTO PRODOTTO 2019_2022_2023_2024_2025/CHAIN KITS_Braking/B525XRE015G.jpg -> SKU B525XRE015G -> uid 41232018: OK
[36/1287] /Users/anna.nardi/Library/CloudStorage/OneDrive-Raccoltecondivise-DuckyNetworkS.r.l/E-Commerce - FOTO PRODOTTO 2019_2022_2023_2024_2025/CHAIN KITS_Braking/B525XRE016G.jpg -> SKU B525XRE016G -> uid 41232019: OK
[37/1287] /Users/anna.nardi/Library/CloudStorage/OneDrive-Raccoltecondivise-DuckyNetworkS.r.l/E-Commerce - FOTO PRODOTTO 2019_2022_2023_2024_2025/CHAIN KITS_Braking/B525XRE017G.jpg -> SKU B525XRE017G -> uid 41232020: OK
[38/1287] /Users/anna.nardi/Library/CloudStorage/OneDrive-Raccoltecondivise-DuckyNetworkS.r.l/E-Commerce - FOTO PRODOTTO 2019_2022_2023_2024_2025/CHAIN KITS_Braking/B525XRE018G.jpg -> SKU B525XRE018G -> uid 41232021: OK
[39/1287] /Users/anna.nardi/Library/CloudStorage/OneDrive-Raccoltecondivise-DuckyNetworkS.r.l/E-Commerce - FOTO PRODOTTO 2019_2022_2023_2024_2025/CHAIN KITS_Braking/B525XRE019G.jpg -> SKU B525XRE019G -> uid 41232022: OK
[40/1287] /Users/anna.nardi/Library/CloudStorage/OneDrive-Raccoltecondivise-DuckyNetworkS.r.l/E-Commerce - FOTO PRODOTTO 2019_2022_2023_2024_2025/CHAIN KITS_Braking/B525XRE021G.jpg -> SKU B525XRE021G -> uid 41232023: OK
[41/1287] /Users/anna.nardi/Library/CloudStorage/OneDrive-Raccoltecondivise-DuckyNetworkS.r.l/E-Commerce - FOTO PRODOTTO 2019_2022_2023_2024_2025/CHAIN KITS_Braking/B525XRE023G.jpg -> SKU B525XRE023G -> uid 41232024: OK
[42/1287] /Users/anna.nardi/Library/CloudStorage/OneDrive-Raccoltecondivise-DuckyNetworkS.r.l/E-Commerce - FOTO PRODOTTO 2019_2022_2023_2024_2025/CHAIN KITS_Braking/B525XRE024G.jpg -> SKU B525XRE024G -> uid 41232025: OK
[43/1287] /Users/anna.nardi/Library/CloudStorage/OneDrive-Raccoltecondivise-DuckyNetworkS.r.l/E-Commerce - FOTO PRODOTTO 2019_2022_2023_2024_2025/CHAIN KITS_Braking/B525XRE025G.jpg -> SKU B525XRE025G -> uid 41232029: OK
[44/1287] /Users/anna.nardi/Library/CloudStorage/OneDrive-Raccoltecondivise-DuckyNetworkS.r.l/E-Commerce - FOTO PRODOTTO 2019_2022_2023_2024_2025/CHAIN KITS_Braking/B525XRE027G.jpg -> SKU B525XRE027G -> uid 41232030: OK
[45/1287] /Users/anna.nardi/Library/CloudStorage/OneDrive-Raccoltecondivise-DuckyNetworkS.r.l/E-Commerce - FOTO PRODOTTO 2019_2022_2023_2024_2025/CHAIN KITS_Braking/B525XRE028G.jpg -> SKU B525XRE028G -> uid 41232031: OK
[46/1287] /Users/anna.nardi/Library/CloudStorage/OneDrive-Raccoltecondivise-DuckyNetworkS.r.l/E-Commerce - FOTO PRODOTTO 2019_2022_2023_2024_2025/CHAIN KITS_Braking/B525XRE029G.jpg -> SKU B525XRE029G -> uid 41232032: OK
[47/1287] /Users/anna.nardi/Library/CloudStorage/OneDrive-Raccoltecondivise-DuckyNetworkS.r.l/E-Commerce - FOTO PRODOTTO 2019_2022_2023_2024_2025/CHAIN KITS_Braking/B525XRE030G.jpg -> SKU B525XRE030G -> uid 41232033: OK
[48/1287] /Users/anna.nardi/Library/CloudStorage/OneDrive-Raccoltecondivise-DuckyNetworkS.r.l/E-Commerce - FOTO PRODOTTO 2019_2022_2023_2024_2025/CHAIN KITS_Braking/B525XRE032G.jpg -> SKU B525XRE032G -> uid 41232034: OK
[49/1287] /Users/anna.nardi/Library/CloudStorage/OneDrive-Raccoltecondivise-DuckyNetworkS.r.l/E-Commerce - FOTO PRODOTTO 2019_2022_2023_2024_2025/CHAIN KITS_Braking/B525XRE034G.jpg -> SKU B525XRE034G -> uid 41232035: OK
[50/1287] /Users/anna.nardi/Library/CloudStorage/OneDrive-Raccoltecondivise-DuckyNetworkS.r.l/E-Commerce - FOTO PRODOTTO 2019_2022_2023_2024_2025/CHAIN KITS_Braking/B525XRE035G.jpg -> SKU B525XRE035G -> uid 41232036: OK
[51/1287] /Users/anna.nardi/Library/CloudStorage/OneDrive-Raccoltecondivise-DuckyNetworkS.r.l/E-Commerce - FOTO PRODOTTO 2019_2022_2023_2024_2025/CHAIN KITS_Braking/B525XRE036G.jpg -> SKU B525XRE036G -> uid 41232037: OK
[52/1287] /Users/anna.nardi/Library/CloudStorage/OneDrive-Raccoltecondivise-DuckyNetworkS.r.l/E-Commerce - FOTO PRODOTTO 2019_2022_2023_2024_2025/CHAIN KITS_Braking/B525XRE037G.jpg -> SKU B525XRE037G -> uid 41232038: OK
[53/1287] /Users/anna.nardi/Library/CloudStorage/OneDrive-Raccoltecondivise-DuckyNetworkS.r.l/E-Commerce - FOTO PRODOTTO 2019_2022_2023_2024_2025/CHAIN KITS_Braking/B525XRE038G.jpg -> SKU B525XRE038G -> uid 41232039: OK
[54/1287] /Users/anna.nardi/Library/CloudStorage/OneDrive-Raccoltecondivise-DuckyNetworkS.r.l/E-Commerce - FOTO PRODOTTO 2019_2022_2023_2024_2025/CHAIN KITS_Braking/B525XRE039G.jpg -> SKU B525XRE039G -> uid 41232040: OK
[55/1287] /Users/anna.nardi/Library/CloudStorage/OneDrive-Raccoltecondivise-DuckyNetworkS.r.l/E-Commerce - FOTO PRODOTTO 2019_2022_2023_2024_2025/CHAIN KITS_Braking/B525XRE040G.jpg -> SKU B525XRE040G -> uid 41232041: OK
[56/1287] /Users/anna.nardi/Library/CloudStorage/OneDrive-Raccoltecondivise-DuckyNetworkS.r.l/E-Commerce - FOTO PRODOTTO 2019_2022_2023_2024_2025/CHAIN KITS_Braking/B525XRE041G.jpg -> SKU B525XRE041G -> uid 41232042: OK
[57/1287] /Users/anna.nardi/Library/CloudStorage/OneDrive-Raccoltecondivise-DuckyNetworkS.r.l/E-Commerce - FOTO PRODOTTO 2019_2022_2023_2024_2025/CHAIN KITS_Braking/B525XRE043G.jpg -> SKU B525XRE043G -> uid 41232043: OK
[58/1287] /Users/anna.nardi/Library/CloudStorage/OneDrive-Raccoltecondivise-DuckyNetworkS.r.l/E-Commerce - FOTO PRODOTTO 2019_2022_2023_2024_2025/CHAIN KITS_Braking/B525XRE044G.jpg -> SKU B525XRE044G -> uid 41232044: OK
[59/1287] /Users/anna.nardi/Library/CloudStorage/OneDrive-Raccoltecondivise-DuckyNetworkS.r.l/E-Commerce - FOTO PRODOTTO 2019_2022_2023_2024_2025/CHAIN KITS_Braking/B525XRE046G.jpg -> SKU B525XRE046G -> uid 41232045: OK
[60/1287] /Users/anna.nardi/Library/CloudStorage/OneDrive-Raccoltecondivise-DuckyNetworkS.r.l/E-Commerce - FOTO PRODOTTO 2019_2022_2023_2024_2025/CHAIN KITS_Braking/B525XRE047G.jpg -> SKU B525XRE047G -> uid 41232046: OK
[61/1287] /Users/anna.nardi/Library/CloudStorage/OneDrive-Raccoltecondivise-DuckyNetworkS.r.l/E-Commerce - FOTO PRODOTTO 2019_2022_2023_2024_2025/CHAIN KITS_Braking/B525XRE051G.jpg -> SKU B525XRE051G -> uid 41232047: OK
[62/1287] /Users/anna.nardi/Library/CloudStorage/OneDrive-Raccoltecondivise-DuckyNetworkS.r.l/E-Commerce - FOTO PRODOTTO 2019_2022_2023_2024_2025/CHAIN KITS_Braking/B525XRE053G.jpg -> SKU B525XRE053G -> uid 41232048: OK
[63/1287] /Users/anna.nardi/Library/CloudStorage/OneDrive-Raccoltecondivise-DuckyNetworkS.r.l/E-Commerce - FOTO PRODOTTO 2019_2022_2023_2024_2025/CHAIN KITS_Braking/B525XRE057G.jpg -> SKU B525XRE057G -> uid 41232049: OK
[64/1287] /Users/anna.nardi/Library/CloudStorage/OneDrive-Raccoltecondivise-DuckyNetworkS.r.l/E-Commerce - FOTO PRODOTTO 2019_2022_2023_2024_2025/CHAIN KITS_Braking/B525XRE061G.jpg -> SKU B525XRE061G -> uid 41232050: OK
[65/1287] /Users/anna.nardi/Library/CloudStorage/OneDrive-Raccoltecondivise-DuckyNetworkS.r.l/E-Commerce - FOTO PRODOTTO 2019_2022_2023_2024_2025/CHAIN KITS_Braking/B525XRE062G.jpg -> SKU B525XRE062G -> uid 41232051: OK
[66/1287] /Users/anna.nardi/Library/CloudStorage/OneDrive-Raccoltecondivise-DuckyNetworkS.r.l/E-Commerce - FOTO PRODOTTO 2019_2022_2023_2024_2025/CHAIN KITS_Braking/B525XRE065G.jpg -> SKU B525XRE065G -> uid 41232052: OK
[67/1287] /Users/anna.nardi/Library/CloudStorage/OneDrive-Raccoltecondivise-DuckyNetworkS.r.l/E-Commerce - FOTO PRODOTTO 2019_2022_2023_2024_2025/CHAIN KITS_Braking/B525XRE066G.jpg -> SKU B525XRE066G -> uid 41232053: OK
[68/1287] /Users/anna.nardi/Library/CloudStorage/OneDrive-Raccoltecondivise-DuckyNetworkS.r.l/E-Commerce - FOTO PRODOTTO 2019_2022_2023_2024_2025/CHAIN KITS_Braking/B525XRE069G.jpg -> SKU B525XRE069G -> uid 41232054: OK
[69/1287] /Users/anna.nardi/Library/CloudStorage/OneDrive-Raccoltecondivise-DuckyNetworkS.r.l/E-Commerce - FOTO PRODOTTO 2019_2022_2023_2024_2025/CHAIN KITS_Braking/B525XRE071G.jpg -> SKU B525XRE071G -> uid 41232055: OK
[70/1287] /Users/anna.nardi/Library/CloudStorage/OneDrive-Raccoltecondivise-DuckyNetworkS.r.l/E-Commerce - FOTO PRODOTTO 2019_2022_2023_2024_2025/CHAIN KITS_Braking/B525XRE073G.jpg -> SKU B525XRE073G -> uid 41232056: OK
[71/1287] /Users/anna.nardi/Library/CloudStorage/OneDrive-Raccoltecondivise-DuckyNetworkS.r.l/E-Commerce - FOTO PRODOTTO 2019_2022_2023_2024_2025/CHAIN KITS_Braking/B525XRE074G.jpg -> SKU B525XRE074G -> uid 41232057: OK
[72/1287] /Users/anna.nardi/Library/CloudStorage/OneDrive-Raccoltecondivise-DuckyNetworkS.r.l/E-Commerce - FOTO PRODOTTO 2019_2022_2023_2024_2025/CHAIN KITS_Braking/B525XRE075G.jpg -> SKU B525XRE075G -> uid 41232058: OK
[73/1287] /Users/anna.nardi/Library/CloudStorage/OneDrive-Raccoltecondivise-DuckyNetworkS.r.l/E-Commerce - FOTO PRODOTTO 2019_2022_2023_2024_2025/CHAIN KITS_Braking/B525XRE080G.jpg -> SKU B525XRE080G -> uid 41232059: OK
[74/1287] /Users/anna.nardi/Library/CloudStorage/OneDrive-Raccoltecondivise-DuckyNetworkS.r.l/E-Commerce - FOTO PRODOTTO 2019_2022_2023_2024_2025/CHAIN KITS_Braking/B525XRE081G.jpg -> SKU B525XRE081G -> uid 41159353: OK
[75/1287] /Users/anna.nardi/Library/CloudStorage/OneDrive-Raccoltecondivise-DuckyNetworkS.r.l/E-Commerce - FOTO PRODOTTO 2019_2022_2023_2024_2025/CHAIN KITS_Braking/B525XRE082G.jpg -> SKU B525XRE082G -> uid 41232060: OK
[76/1287] /Users/anna.nardi/Library/CloudStorage/OneDrive-Raccoltecondivise-DuckyNetworkS.r.l/E-Commerce - FOTO PRODOTTO 2019_2022_2023_2024_2025/CHAIN KITS_Braking/B530XRE017G.jpg -> SKU B530XRE017G -> uid 41232061: OK
[77/1287] /Users/anna.nardi/Library/CloudStorage/OneDrive-Raccoltecondivise-DuckyNetworkS.r.l/E-Commerce - FOTO PRODOTTO 2019_2022_2023_2024_2025/CHAIN KITS_Braking/B530XRE020G.jpg -> SKU B530XRE020G -> uid 41232062: OK
[78/1287] /Users/anna.nardi/Library/CloudStorage/OneDrive-Raccoltecondivise-DuckyNetworkS.r.l/E-Commerce - FOTO PRODOTTO 2019_2022_2023_2024_2025/CHAIN KITS_Braking/B530XRE021G.jpg -> SKU B530XRE021G -> uid 41232063: OK
[79/1287] /Users/anna.nardi/Library/CloudStorage/OneDrive-Raccoltecondivise-DuckyNetworkS.r.l/E-Commerce - FOTO PRODOTTO 2019_2022_2023_2024_2025/CHAIN KITS_Braking/B530XRE022G.jpg -> SKU B530XRE022G -> uid 41232064: OK
[80/1287] /Users/anna.nardi/Library/CloudStorage/OneDrive-Raccoltecondivise-DuckyNetworkS.r.l/E-Commerce - FOTO PRODOTTO 2019_2022_2023_2024_2025/CHAIN KITS_Braking/B530XRE023G.jpg -> SKU B530XRE023G -> uid 41232065: OK
[81/1287] /Users/anna.nardi/Library/CloudStorage/OneDrive-Raccoltecondivise-DuckyNetworkS.r.l/E-Commerce - FOTO PRODOTTO 2019_2022_2023_2024_2025/CHAIN KITS_Braking/B530XRE024G.jpg -> SKU B530XRE024G -> uid 41232066: OK
[82/1287] /Users/anna.nardi/Library/CloudStorage/OneDrive-Raccoltecondivise-DuckyNetworkS.r.l/E-Commerce - FOTO PRODOTTO 2019_2022_2023_2024_2025/CHAIN KITS_Braking/B530XRE036G.jpg -> SKU B530XRE036G -> uid 41232067: OK
[83/1287] /Users/anna.nardi/Library/CloudStorage/OneDrive-Raccoltecondivise-DuckyNetworkS.r.l/E-Commerce - FOTO PRODOTTO 2019_2022_2023_2024_2025/CHAIN KITS_Braking/B530XRE037G.jpg -> SKU B530XRE037G -> uid 41232068: OK
[84/1287] /Users/anna.nardi/Library/CloudStorage/OneDrive-Raccoltecondivise-DuckyNetworkS.r.l/E-Commerce - FOTO PRODOTTO 2019_2022_2023_2024_2025/CHAIN KITS_Braking/B530XRE038G.jpg -> SKU B530XRE038G -> uid 41232069: OK
[85/1287] /Users/anna.nardi/Library/CloudStorage/OneDrive-Raccoltecondivise-DuckyNetworkS.r.l/E-Commerce - FOTO PRODOTTO 2019_2022_2023_2024_2025/CHAIN KITS_Braking/B530XRE039G.jpg -> SKU B530XRE039G -> uid 41232070: OK
[86/1287] /Users/anna.nardi/Library/CloudStorage/OneDrive-Raccoltecondivise-DuckyNetworkS.r.l/E-Commerce - FOTO PRODOTTO 2019_2022_2023_2024_2025/CHAIN KITS_Braking/B530XRE041G.jpg -> SKU B530XRE041G -> uid 41232071: OK
[87/1287] /Users/anna.nardi/Library/CloudStorage/OneDrive-Raccoltecondivise-DuckyNetworkS.r.l/E-Commerce - FOTO PRODOTTO 2019_2022_2023_2024_2025/CHAIN KITS_Braking/B530XRE042G.jpg -> SKU B530XRE042G -> uid 41232072: OK
[88/1287] /Users/anna.nardi/Library/CloudStorage/OneDrive-Raccoltecondivise-DuckyNetworkS.r.l/E-Commerce - FOTO PRODOTTO 2019_2022_2023_2024_2025/CHAIN KITS_Braking/B530XRE060G.jpg -> SKU B530XRE060G -> uid 41232073: OK
[89/1287] /Users/anna.nardi/Library/CloudStorage/OneDrive-Raccoltecondivise-DuckyNetworkS.r.l/E-Commerce - FOTO PRODOTTO 2019_2022_2023_2024_2025/CHAIN KITS_Braking/B530XRE061G.jpg -> SKU B530XRE061G -> uid 41232074: OK
[90/1287] /Users/anna.nardi/Library/CloudStorage/OneDrive-Raccoltecondivise-DuckyNetworkS.r.l/E-Commerce - FOTO PRODOTTO 2019_2022_2023_2024_2025/CHAIN KITS_Braking/B530XRE062G.jpg -> SKU B530XRE062G -> uid 41232075: OK
[91/1287] /Users/anna.nardi/Library/CloudStorage/OneDrive-Raccoltecondivise-DuckyNetworkS.r.l/E-Commerce - FOTO PRODOTTO 2019_2022_2023_2024_2025/CHAIN KITS_Braking/B530XRE063G.jpg -> SKU B530XRE063G -> uid 41232076: OK
[92/1287] /Users/anna.nardi/Library/CloudStorage/OneDrive-Raccoltecondivise-DuckyNetworkS.r.l/E-Commerce - FOTO PRODOTTO 2019_2022_2023_2024_2025/CHAIN KITS_Braking/B530XRE065G.jpg -> SKU B530XRE065G -> uid 41232077: OK
[93/1287] /Users/anna.nardi/Library/CloudStorage/OneDrive-Raccoltecondivise-DuckyNetworkS.r.l/E-Commerce - FOTO PRODOTTO 2019_2022_2023_2024_2025/CHAIN KITS_Braking/B530XRE067G.jpg -> SKU B530XRE067G -> uid 41232078: OK
[94/1287] /Users/anna.nardi/Library/CloudStorage/OneDrive-Raccoltecondivise-DuckyNetworkS.r.l/E-Commerce - FOTO PRODOTTO 2019_2022_2023_2024_2025/CHAIN KITS_Braking/B530XRE069G.jpg -> SKU B530XRE069G -> uid 41232079: OK
[95/1287] /Users/anna.nardi/Library/CloudStorage/OneDrive-Raccoltecondivise-DuckyNetworkS.r.l/E-Commerce - FOTO PRODOTTO 2019_2022_2023_2024_2025/CHAIN KITS_Braking/B530XRE072G.jpg -> SKU B530XRE072G -> uid 41232080: OK
[96/1287] /Users/anna.nardi/Library/CloudStorage/OneDrive-Raccoltecondivise-DuckyNetworkS.r.l/E-Commerce - FOTO PRODOTTO 2019_2022_2023_2024_2025/CHAIN KITS_Braking/B530XRE073G.jpg -> SKU B530XRE073G -> uid 41232081: OK
[97/1287] /Users/anna.nardi/Library/CloudStorage/OneDrive-Raccoltecondivise-DuckyNetworkS.r.l/E-Commerce - FOTO PRODOTTO 2019_2022_2023_2024_2025/CHAIN KITS_Braking/B530XRE074G.jpg -> SKU B530XRE074G -> uid 41232082: OK
[98/1287] /Users/anna.nardi/Library/CloudStorage/OneDrive-Raccoltecondivise-DuckyNetworkS.r.l/E-Commerce - FOTO PRODOTTO 2019_2022_2023_2024_2025/CHAIN KITS_Braking/B530XRE083G.jpg -> SKU B530XRE083G -> uid 41232083: OK
[99/1287] /Users/anna.nardi/Library/CloudStorage/OneDrive-Raccoltecondivise-DuckyNetworkS.r.l/E-Commerce - FOTO PRODOTTO 2019_2022_2023_2024_2025/CHAIN KITS_Braking/B530XRE084G.jpg -> SKU B530XRE084G -> uid 41232084: OK
[100/1287] /Users/anna.nardi/Library/CloudStorage/OneDrive-Raccoltecondivise-DuckyNetworkS.r.l/E-Commerce - FOTO PRODOTTO 2019_2022_2023_2024_2025/CHAIN KITS_Braking/B530XRE093G.jpg -> SKU B530XRE093G -> uid 41232085: OK
[101/1287] /Users/anna.nardi/Library/CloudStorage/OneDrive-Raccoltecondivise-DuckyNetworkS.r.l/E-Commerce - FOTO PRODOTTO 2019_2022_2023_2024_2025/CHAIN KITS_Braking/B530XRE100G.jpg -> SKU B530XRE100G -> uid 41232086: OK
[102/1287] /Users/anna.nardi/Library/CloudStorage/OneDrive-Raccoltecondivise-DuckyNetworkS.r.l/E-Commerce - FOTO PRODOTTO 2019_2022_2023_2024_2025/CHAIN KITS_Braking/B530XRE101G.jpg -> SKU B530XRE101G -> uid 41232087: OK
[103/1287] /Users/anna.nardi/Library/CloudStorage/OneDrive-Raccoltecondivise-DuckyNetworkS.r.l/E-Commerce - FOTO PRODOTTO 2019_2022_2023_2024_2025/INGRANAGGI_Braking/B56017R.jpg -> SKU B56017R -> uid 41159355: OK
[104/1287] /Users/anna.nardi/Library/CloudStorage/OneDrive-Raccoltecondivise-DuckyNetworkS.r.l/E-Commerce - FOTO PRODOTTO 2019_2022_2023_2024_2025/INGRANAGGI_Braking/B56018.jpg -> SKU B56018 -> uid 41159356: OK
[105/1287] /Users/anna.nardi/Library/CloudStorage/OneDrive-Raccoltecondivise-DuckyNetworkS.r.l/E-Commerce - FOTO PRODOTTO 2019_2022_2023_2024_2025/DISCHI/W-FIX/BL01RID.jpg -> SKU BL01RID -> uid 41159358: OK
[106/1287] /Users/anna.nardi/Library/CloudStorage/OneDrive-Raccoltecondivise-DuckyNetworkS.r.l/E-Commerce - FOTO PRODOTTO 2019_2022_2023_2024_2025/DISCHI/SK2/BL02FID.jpg -> SKU BL02FID -> uid 41159359: OK
[107/1287] /Users/anna.nardi/Library/CloudStorage/OneDrive-Raccoltecondivise-DuckyNetworkS.r.l/E-Commerce - FOTO PRODOTTO 2019_2022_2023_2024_2025/DISCHI/W-FIX/BL02RID.jpg -> SKU BL02RID -> uid 41159360: OK
[108/1287] /Users/anna.nardi/Library/CloudStorage/OneDrive-Raccoltecondivise-DuckyNetworkS.r.l/E-Commerce - FOTO PRODOTTO 2019_2022_2023_2024_2025/DISCHI/R-FIX/BW01FI.jpg -> SKU BW01FI -> uid 41159361: OK
[109/1287] /Users/anna.nardi/Library/CloudStorage/OneDrive-Raccoltecondivise-DuckyNetworkS.r.l/E-Commerce - FOTO PRODOTTO 2019_2022_2023_2024_2025/DISCHI/R-FIX/BW02FI.jpg -> SKU BW02FI -> uid 41159362: OK
[110/1287] /Users/anna.nardi/Library/CloudStorage/OneDrive-Raccoltecondivise-DuckyNetworkS.r.l/E-Commerce - FOTO PRODOTTO 2019_2022_2023_2024_2025/DISCHI/R-FIX/BW03RI.jpg -> SKU BW03RI -> uid 41159363: OK
[111/1287] /Users/anna.nardi/Library/CloudStorage/OneDrive-Raccoltecondivise-DuckyNetworkS.r.l/E-Commerce - FOTO PRODOTTO 2019_2022_2023_2024_2025/DISCHI/W-FIX/BW03RID.jpg -> SKU BW03RID -> uid 41159364: OK
[112/1287] /Users/anna.nardi/Library/CloudStorage/OneDrive-Raccoltecondivise-DuckyNetworkS.r.l/E-Commerce - FOTO PRODOTTO 2019_2022_2023_2024_2025/DISCHI/R-FIX/BW05RI.jpg -> SKU BW05RI -> uid 41159365: OK
[113/1287] /Users/anna.nardi/Library/CloudStorage/OneDrive-Raccoltecondivise-DuckyNetworkS.r.l/E-Commerce - FOTO PRODOTTO 2019_2022_2023_2024_2025/DISCHI/W-FIX/BW05RID.jpg -> SKU BW05RID -> uid 41159366: OK
[114/1287] /Users/anna.nardi/Library/CloudStorage/OneDrive-Raccoltecondivise-DuckyNetworkS.r.l/E-Commerce - FOTO PRODOTTO 2019_2022_2023_2024_2025/DISCHI/R-FIX/BW06RI.jpg -> SKU BW06RI -> uid 41159367: OK
[115/1287] /Users/anna.nardi/Library/CloudStorage/OneDrive-Raccoltecondivise-DuckyNetworkS.r.l/E-Commerce - FOTO PRODOTTO 2019_2022_2023_2024_2025/DISCHI/W-FIX/BW06RID.jpg -> SKU BW06RID -> uid 41159368: OK
[116/1287] /Users/anna.nardi/Library/CloudStorage/OneDrive-Raccoltecondivise-DuckyNetworkS.r.l/E-Commerce - FOTO PRODOTTO 2019_2022_2023_2024_2025/DISCHI/BATFLY/BY102L.jpg -> SKU BY102L -> uid 41159369: OK
[117/1287] /Users/anna.nardi/Library/CloudStorage/OneDrive-Raccoltecondivise-DuckyNetworkS.r.l/E-Commerce - FOTO PRODOTTO 2019_2022_2023_2024_2025/DISCHI/BATFLY/BY102R.jpg -> SKU BY102R -> uid 41159370: OK
[118/1287] /Users/anna.nardi/Library/CloudStorage/OneDrive-Raccoltecondivise-DuckyNetworkS.r.l/E-Commerce - FOTO PRODOTTO 2019_2022_2023_2024_2025/BICI/Dischi bici/BY2001.jpg -> SKU BY2001 -> uid 41159374: OK
[119/1287] /Users/anna.nardi/Library/CloudStorage/OneDrive-Raccoltecondivise-DuckyNetworkS.r.l/E-Commerce - FOTO PRODOTTO 2019_2022_2023_2024_2025/BICI/Dischi bici/BY2002.jpg -> SKU BY2002 -> uid 41159375: OK
[120/1287] /Users/anna.nardi/Library/CloudStorage/OneDrive-Raccoltecondivise-DuckyNetworkS.r.l/E-Commerce - FOTO PRODOTTO 2019_2022_2023_2024_2025/BICI/Dischi bici/BY2003.jpg -> SKU BY2003 -> uid 41159376: OK
[121/1287] /Users/anna.nardi/Library/CloudStorage/OneDrive-Raccoltecondivise-DuckyNetworkS.r.l/E-Commerce - FOTO PRODOTTO 2019_2022_2023_2024_2025/BICI/Dischi bici/BY2004.jpg -> SKU BY2004 -> uid 41159377: OK
[122/1287] /Users/anna.nardi/Library/CloudStorage/OneDrive-Raccoltecondivise-DuckyNetworkS.r.l/E-Commerce - FOTO PRODOTTO 2019_2022_2023_2024_2025/DISCHI/BATFLY/BY4122.jpg -> SKU BY4122 -> uid 41159380: OK
[123/1287] /Users/anna.nardi/Library/CloudStorage/OneDrive-Raccoltecondivise-DuckyNetworkS.r.l/E-Commerce - FOTO PRODOTTO 2019_2022_2023_2024_2025/DISCHI/EPTA OFF/BY4122E.jpg -> SKU BY4122E -> uid 41159381: OK
[124/1287] /Users/anna.nardi/Library/CloudStorage/OneDrive-Raccoltecondivise-DuckyNetworkS.r.l/E-Commerce - FOTO PRODOTTO 2019_2022_2023_2024_2025/DISCHI/BATFLY/BY4123.jpg -> SKU BY4123 -> uid 41159382: OK
[125/1287] /Users/anna.nardi/Library/CloudStorage/OneDrive-Raccoltecondivise-DuckyNetworkS.r.l/E-Commerce - FOTO PRODOTTO 2019_2022_2023_2024_2025/DISCHI/EPTA OFF/BY4124E.jpg -> SKU BY4124E -> uid 41159383: OK
[126/1287] /Users/anna.nardi/Library/CloudStorage/OneDrive-Raccoltecondivise-DuckyNetworkS.r.l/E-Commerce - FOTO PRODOTTO 2019_2022_2023_2024_2025/DISCHI/BATFLY/BY4125.jpg -> SKU BY4125 -> uid 41159384: OK
[127/1287] /Users/anna.nardi/Library/CloudStorage/OneDrive-Raccoltecondivise-DuckyNetworkS.r.l/E-Commerce - FOTO PRODOTTO 2019_2022_2023_2024_2025/DISCHI/EPTA OFF/BY4125E.jpg -> SKU BY4125E -> uid 41159385: OK
[128/1287] /Users/anna.nardi/Library/CloudStorage/OneDrive-Raccoltecondivise-DuckyNetworkS.r.l/E-Commerce - FOTO PRODOTTO 2019_2022_2023_2024_2025/DISCHI/EPTA OFF/BY4126E.jpg -> SKU BY4126E -> uid 41159386: OK
[129/1287] /Users/anna.nardi/Library/CloudStorage/OneDrive-Raccoltecondivise-DuckyNetworkS.r.l/E-Commerce - FOTO PRODOTTO 2019_2022_2023_2024_2025/DISCHI/BATFLY/BY4128.jpg -> SKU BY4128 -> uid 41159388: OK
[130/1287] /Users/anna.nardi/Library/CloudStorage/OneDrive-Raccoltecondivise-DuckyNetworkS.r.l/E-Commerce - FOTO PRODOTTO 2019_2022_2023_2024_2025/DISCHI/EPTA OFF/BY4128E.jpg -> SKU BY4128E -> uid 41159389: OK
[131/1287] /Users/anna.nardi/Library/CloudStorage/OneDrive-Raccoltecondivise-DuckyNetworkS.r.l/E-Commerce - FOTO PRODOTTO 2019_2022_2023_2024_2025/DISCHI/EPTA OFF/BY4130E.jpg -> SKU BY4130E -> uid 41159390: OK
[132/1287] /Users/anna.nardi/Library/CloudStorage/OneDrive-Raccoltecondivise-DuckyNetworkS.r.l/E-Commerce - FOTO PRODOTTO 2019_2022_2023_2024_2025/DISCHI/BATFLY/BY4132.jpg -> SKU BY4132 -> uid 41232089: OK
[133/1287] /Users/anna.nardi/Library/CloudStorage/OneDrive-Raccoltecondivise-DuckyNetworkS.r.l/E-Commerce - FOTO PRODOTTO 2019_2022_2023_2024_2025/DISCHI/BATFLY/BY4134.jpg -> SKU BY4134 -> uid 41159392: OK
[134/1287] /Users/anna.nardi/Library/CloudStorage/OneDrive-Raccoltecondivise-DuckyNetworkS.r.l/E-Commerce - FOTO PRODOTTO 2019_2022_2023_2024_2025/DISCHI/EPTA OFF/BY4134E.jpg -> SKU BY4134E -> uid 41159393: OK
[135/1287] /Users/anna.nardi/Library/CloudStorage/OneDrive-Raccoltecondivise-DuckyNetworkS.r.l/E-Commerce - FOTO PRODOTTO 2019_2022_2023_2024_2025/DISCHI/EPTA OFF/BY4135E.jpg -> SKU BY4135E -> uid 41159394: OK
[136/1287] /Users/anna.nardi/Library/CloudStorage/OneDrive-Raccoltecondivise-DuckyNetworkS.r.l/E-Commerce - FOTO PRODOTTO 2019_2022_2023_2024_2025/DISCHI/BATFLY/BY4136.jpg -> SKU BY4136 -> uid 41159395: OK
[137/1287] /Users/anna.nardi/Library/CloudStorage/OneDrive-Raccoltecondivise-DuckyNetworkS.r.l/E-Commerce - FOTO PRODOTTO 2019_2022_2023_2024_2025/DISCHI/EPTA OFF/BY4137E.jpg -> SKU BY4137E -> uid 41159396: OK
[138/1287] /Users/anna.nardi/Library/CloudStorage/OneDrive-Raccoltecondivise-DuckyNetworkS.r.l/E-Commerce - FOTO PRODOTTO 2019_2022_2023_2024_2025/DISCHI/BATFLY/BY4501.jpg -> SKU BY4501 -> uid 41159397: OK
[139/1287] /Users/anna.nardi/Library/CloudStorage/OneDrive-Raccoltecondivise-DuckyNetworkS.r.l/E-Commerce - FOTO PRODOTTO 2019_2022_2023_2024_2025/DISCHI/BATFLY/BY4502.jpg -> SKU BY4502 -> uid 41159398: OK
[140/1287] /Users/anna.nardi/Library/CloudStorage/OneDrive-Raccoltecondivise-DuckyNetworkS.r.l/E-Commerce - FOTO PRODOTTO 2019_2022_2023_2024_2025/DISCHI/BATFLY/BY4503.jpg -> SKU BY4503 -> uid 41159399: OK
[141/1287] /Users/anna.nardi/Library/CloudStorage/OneDrive-Raccoltecondivise-DuckyNetworkS.r.l/E-Commerce - FOTO PRODOTTO 2019_2022_2023_2024_2025/DISCHI/BATFLY/BY4504.jpg -> SKU BY4504 -> uid 41159400: OK
[142/1287] /Users/anna.nardi/Library/CloudStorage/OneDrive-Raccoltecondivise-DuckyNetworkS.r.l/E-Commerce - FOTO PRODOTTO 2019_2022_2023_2024_2025/DISCHI/BATFLY/BY4505.jpg -> SKU BY4505 -> uid 41159401: OK
[143/1287] /Users/anna.nardi/Library/CloudStorage/OneDrive-Raccoltecondivise-DuckyNetworkS.r.l/E-Commerce - FOTO PRODOTTO 2019_2022_2023_2024_2025/DISCHI/BATFLY/BY4506.jpg -> SKU BY4506 -> uid 41159402: OK
[144/1287] /Users/anna.nardi/Library/CloudStorage/OneDrive-Raccoltecondivise-DuckyNetworkS.r.l/E-Commerce - FOTO PRODOTTO 2019_2022_2023_2024_2025/DISCHI/BATFLY/BY4507.jpg -> SKU BY4507 -> uid 41159403: OK
[145/1287] /Users/anna.nardi/Library/CloudStorage/OneDrive-Raccoltecondivise-DuckyNetworkS.r.l/E-Commerce - FOTO PRODOTTO 2019_2022_2023_2024_2025/DISCHI/BATFLY/BY4508.jpg -> SKU BY4508 -> uid 41159404: OK
[146/1287] /Users/anna.nardi/Library/CloudStorage/OneDrive-Raccoltecondivise-DuckyNetworkS.r.l/E-Commerce - FOTO PRODOTTO 2019_2022_2023_2024_2025/DISCHI/BATFLY/BY4509.jpg -> SKU BY4509 -> uid 41159405: OK
[147/1287] /Users/anna.nardi/Library/CloudStorage/OneDrive-Raccoltecondivise-DuckyNetworkS.r.l/E-Commerce - FOTO PRODOTTO 2019_2022_2023_2024_2025/DISCHI/BATFLY/BY701L.jpg -> SKU BY701L -> uid 41159406: OK
[148/1287] /Users/anna.nardi/Library/CloudStorage/OneDrive-Raccoltecondivise-DuckyNetworkS.r.l/E-Commerce - FOTO PRODOTTO 2019_2022_2023_2024_2025/DISCHI/BATFLY/BY709L.jpg -> SKU BY709L -> uid 41159407: OK
[149/1287] /Users/anna.nardi/Library/CloudStorage/OneDrive-Raccoltecondivise-DuckyNetworkS.r.l/E-Commerce - FOTO PRODOTTO 2019_2022_2023_2024_2025/DISCHI/BATFLY/BY711L.jpg -> SKU BY711L -> uid 41159409: OK
[150/1287] /Users/anna.nardi/Library/CloudStorage/OneDrive-Raccoltecondivise-DuckyNetworkS.r.l/E-Commerce - FOTO PRODOTTO 2019_2022_2023_2024_2025/DISCHI/BATFLY/BY711R.jpg -> SKU BY711R -> uid 41159410: OK
[151/1287] /Users/anna.nardi/Library/CloudStorage/OneDrive-Raccoltecondivise-DuckyNetworkS.r.l/E-Commerce - FOTO PRODOTTO 2019_2022_2023_2024_2025/DISCHI/BATFLY/BY770L.jpg -> SKU BY770L -> uid 41159411: OK
[152/1287] /Users/anna.nardi/Library/CloudStorage/OneDrive-Raccoltecondivise-DuckyNetworkS.r.l/E-Commerce - FOTO PRODOTTO 2019_2022_2023_2024_2025/DISCHI/BATFLY/BY770R.jpg -> SKU BY770R -> uid 41159412: OK
[153/1287] /Users/anna.nardi/Library/CloudStorage/OneDrive-Raccoltecondivise-DuckyNetworkS.r.l/E-Commerce - FOTO PRODOTTO 2019_2022_2023_2024_2025/DISCHI/BATFLY/BY778L.jpg -> SKU BY778L -> uid 41159413: OK
[154/1287] /Users/anna.nardi/Library/CloudStorage/OneDrive-Raccoltecondivise-DuckyNetworkS.r.l/E-Commerce - FOTO PRODOTTO 2019_2022_2023_2024_2025/DISCHI/BATFLY/BY778R.jpg -> SKU BY778R -> uid 41232090: OK
[155/1287] /Users/anna.nardi/Library/CloudStorage/OneDrive-Raccoltecondivise-DuckyNetworkS.r.l/E-Commerce - FOTO PRODOTTO 2019_2022_2023_2024_2025/DISCHI/UTV/BY9001.jpg -> SKU BY9001 -> uid 41159416: OK
[156/1287] /Users/anna.nardi/Library/CloudStorage/OneDrive-Raccoltecondivise-DuckyNetworkS.r.l/E-Commerce - FOTO PRODOTTO 2019_2022_2023_2024_2025/DISCHI/UTV/BY9002.jpg -> SKU BY9002 -> uid 41159417: OK
[157/1287] /Users/anna.nardi/Library/CloudStorage/OneDrive-Raccoltecondivise-DuckyNetworkS.r.l/E-Commerce - FOTO PRODOTTO 2019_2022_2023_2024_2025/DISCHI/UTV/BY9003.jpg -> SKU BY9003 -> uid 41159418: OK
[158/1287] /Users/anna.nardi/Library/CloudStorage/OneDrive-Raccoltecondivise-DuckyNetworkS.r.l/E-Commerce - FOTO PRODOTTO 2019_2022_2023_2024_2025/DISCHI/UTV/BY9004L.jpg -> SKU BY9004L -> uid 41159419: OK
[159/1287] /Users/anna.nardi/Library/CloudStorage/OneDrive-Raccoltecondivise-DuckyNetworkS.r.l/E-Commerce - FOTO PRODOTTO 2019_2022_2023_2024_2025/DISCHI/UTV/BY9005.jpg -> SKU BY9005 -> uid 41159421: OK
[160/1287] /Users/anna.nardi/Library/CloudStorage/OneDrive-Raccoltecondivise-DuckyNetworkS.r.l/E-Commerce - FOTO PRODOTTO 2019_2022_2023_2024_2025/DISCHI/UTV/BY9006L.jpg -> SKU BY9006L -> uid 41159422: OK
[161/1287] /Users/anna.nardi/Library/CloudStorage/OneDrive-Raccoltecondivise-DuckyNetworkS.r.l/E-Commerce - FOTO PRODOTTO 2019_2022_2023_2024_2025/DISCHI/UTV/BY9007.jpg -> SKU BY9007 -> uid 41159424: OK
[162/1287] /Users/anna.nardi/Library/CloudStorage/OneDrive-Raccoltecondivise-DuckyNetworkS.r.l/E-Commerce - FOTO PRODOTTO 2019_2022_2023_2024_2025/DISCHI/UTV/BY9008.jpg -> SKU BY9008 -> uid 41159425: OK
[163/1287] /Users/anna.nardi/Library/CloudStorage/OneDrive-Raccoltecondivise-DuckyNetworkS.r.l/E-Commerce - FOTO PRODOTTO 2019_2022_2023_2024_2025/DISCHI/UTV/BY9009R.jpg -> SKU BY9009R -> uid 41159427: OK
[164/1287] /Users/anna.nardi/Library/CloudStorage/OneDrive-Raccoltecondivise-DuckyNetworkS.r.l/E-Commerce - FOTO PRODOTTO 2019_2022_2023_2024_2025/DISCHI/UTV/BY9010.jpg -> SKU BY9010 -> uid 41159428: OK
[165/1287] /Users/anna.nardi/Library/CloudStorage/OneDrive-Raccoltecondivise-DuckyNetworkS.r.l/E-Commerce - FOTO PRODOTTO 2019_2022_2023_2024_2025/DISCHI/UTV/BY9011.jpg -> SKU BY9011 -> uid 41159429: OK
[166/1287] /Users/anna.nardi/Library/CloudStorage/OneDrive-Raccoltecondivise-DuckyNetworkS.r.l/E-Commerce - FOTO PRODOTTO 2019_2022_2023_2024_2025/DISCHI/UTV/BY9012L.jpg -> SKU BY9012L -> uid 41159430: OK
[167/1287] /Users/anna.nardi/Library/CloudStorage/OneDrive-Raccoltecondivise-DuckyNetworkS.r.l/E-Commerce - FOTO PRODOTTO 2019_2022_2023_2024_2025/DISCHI/UTV/BY9012R.jpg -> SKU BY9012R -> uid 41159431: OK
[168/1287] /Users/anna.nardi/Library/CloudStorage/OneDrive-Raccoltecondivise-DuckyNetworkS.r.l/E-Commerce - FOTO PRODOTTO 2019_2022_2023_2024_2025/DISCHI/UTV/BY9013L.jpg -> SKU BY9013L -> uid 41159432: OK
[169/1287] /Users/anna.nardi/Library/CloudStorage/OneDrive-Raccoltecondivise-DuckyNetworkS.r.l/E-Commerce - FOTO PRODOTTO 2019_2022_2023_2024_2025/DISCHI/UTV/BY9013R.jpg -> SKU BY9013R -> uid 41159433: OK
[170/1287] /Users/anna.nardi/Library/CloudStorage/OneDrive-Raccoltecondivise-DuckyNetworkS.r.l/E-Commerce - FOTO PRODOTTO 2019_2022_2023_2024_2025/DISCHI/UTV/BY9014.jpg -> SKU BY9014 -> uid 41159434: OK
[171/1287] /Users/anna.nardi/Library/CloudStorage/OneDrive-Raccoltecondivise-DuckyNetworkS.r.l/E-Commerce - FOTO PRODOTTO 2019_2022_2023_2024_2025/DISCHI/UTV/BY9015.jpg -> SKU BY9015 -> uid 41159435: OK
[172/1287] /Users/anna.nardi/Library/CloudStorage/OneDrive-Raccoltecondivise-DuckyNetworkS.r.l/E-Commerce - FOTO PRODOTTO 2019_2022_2023_2024_2025/DISCHI/UTV/BY9016L.jpg -> SKU BY9016L -> uid 41159436: OK
[173/1287] /Users/anna.nardi/Library/CloudStorage/OneDrive-Raccoltecondivise-DuckyNetworkS.r.l/E-Commerce - FOTO PRODOTTO 2019_2022_2023_2024_2025/DISCHI/UTV/BY9016R.jpg -> SKU BY9016R -> uid 41159437: OK
[174/1287] /Users/anna.nardi/Library/CloudStorage/OneDrive-Raccoltecondivise-DuckyNetworkS.r.l/E-Commerce - FOTO PRODOTTO 2019_2022_2023_2024_2025/DISCHI/UTV/BY9017.jpg -> SKU BY9017 -> uid 41159438: OK
[175/1287] /Users/anna.nardi/Library/CloudStorage/OneDrive-Raccoltecondivise-DuckyNetworkS.r.l/E-Commerce - FOTO PRODOTTO 2019_2022_2023_2024_2025/DISCHI/UTV/BY9018.jpg -> SKU BY9018 -> uid 41159439: OK
[176/1287] /Users/anna.nardi/Library/CloudStorage/OneDrive-Raccoltecondivise-DuckyNetworkS.r.l/E-Commerce - FOTO PRODOTTO 2019_2022_2023_2024_2025/DISCHI/BATFLY/BY9019.jpg -> SKU BY9019 -> uid 41159440: OK
[177/1287] /Users/anna.nardi/Library/CloudStorage/OneDrive-Raccoltecondivise-DuckyNetworkS.r.l/E-Commerce - FOTO PRODOTTO 2019_2022_2023_2024_2025/DISCHI/UTV/BY9020R.jpg -> SKU BY9020R -> uid 41159442: OK
[178/1287] /Users/anna.nardi/Library/CloudStorage/OneDrive-Raccoltecondivise-DuckyNetworkS.r.l/E-Commerce - FOTO PRODOTTO 2019_2022_2023_2024_2025/DISCHI/BATFLY/BY9022L.jpg -> SKU BY9022L -> uid 41159443: OK
[179/1287] /Users/anna.nardi/Library/CloudStorage/OneDrive-Raccoltecondivise-DuckyNetworkS.r.l/E-Commerce - FOTO PRODOTTO 2019_2022_2023_2024_2025/DISCHI/BATFLY/BY9022R.jpg -> SKU BY9022R -> uid 41159444: OK
[180/1287] /Users/anna.nardi/Library/CloudStorage/OneDrive-Raccoltecondivise-DuckyNetworkS.r.l/E-Commerce - FOTO PRODOTTO 2019_2022_2023_2024_2025/DISCHI/BATFLY/BY9023L.jpg -> SKU BY9023L -> uid 41159445: OK
[181/1287] /Users/anna.nardi/Library/CloudStorage/OneDrive-Raccoltecondivise-DuckyNetworkS.r.l/E-Commerce - FOTO PRODOTTO 2019_2022_2023_2024_2025/DISCHI/BATFLY/BY9023R.jpg -> SKU BY9023R -> uid 41159446: OK
[182/1287] /Users/anna.nardi/Library/CloudStorage/OneDrive-Raccoltecondivise-DuckyNetworkS.r.l/E-Commerce - FOTO PRODOTTO 2019_2022_2023_2024_2025/DISCHI/W-FIX/DC02RID.jpg -> SKU DC02RID -> uid 41159456: OK
[183/1287] /Users/anna.nardi/Library/CloudStorage/OneDrive-Raccoltecondivise-DuckyNetworkS.r.l/E-Commerce - FOTO PRODOTTO 2019_2022_2023_2024_2025/DISCHI/W-FIX/DC04RID.jpg -> SKU DC04RID -> uid 41159457: OK
[184/1287] /Users/anna.nardi/Library/CloudStorage/OneDrive-Raccoltecondivise-DuckyNetworkS.r.l/E-Commerce - FOTO PRODOTTO 2019_2022_2023_2024_2025/DISCHI/W-FIX/DC05FID.jpg -> SKU DC05FID -> uid 41159458: OK
[185/1287] /Users/anna.nardi/Library/CloudStorage/OneDrive-Raccoltecondivise-DuckyNetworkS.r.l/E-Commerce - FOTO PRODOTTO 2019_2022_2023_2024_2025/DISCHI/W-FIX/DC05RID.jpg -> SKU DC05RID -> uid 41159459: OK
[186/1287] /Users/anna.nardi/Library/CloudStorage/OneDrive-Raccoltecondivise-DuckyNetworkS.r.l/E-Commerce - FOTO PRODOTTO 2019_2022_2023_2024_2025/DISCHI/W-FIX/DC06RID.jpg -> SKU DC06RID -> uid 41159460: OK
[187/1287] /Users/anna.nardi/Library/CloudStorage/OneDrive-Raccoltecondivise-DuckyNetworkS.r.l/E-Commerce - FOTO PRODOTTO 2019_2022_2023_2024_2025/DISCHI/EPTA/EP047L.jpg -> SKU EP047L -> uid 41159466: OK
[188/1287] /Users/anna.nardi/Library/CloudStorage/OneDrive-Raccoltecondivise-DuckyNetworkS.r.l/E-Commerce - FOTO PRODOTTO 2019_2022_2023_2024_2025/DISCHI/EPTA/EP070L.jpg -> SKU EP070L -> uid 41159468: OK
[189/1287] /Users/anna.nardi/Library/CloudStorage/OneDrive-Raccoltecondivise-DuckyNetworkS.r.l/E-Commerce - FOTO PRODOTTO 2019_2022_2023_2024_2025/DISCHI/EPTA/EP070R.jpg -> SKU EP070R -> uid 41159469: OK
[190/1287] /Users/anna.nardi/Library/CloudStorage/OneDrive-Raccoltecondivise-DuckyNetworkS.r.l/E-Commerce - FOTO PRODOTTO 2019_2022_2023_2024_2025/DISCHI/EPTA/EP071L.jpg -> SKU EP071L -> uid 41159470: OK
[191/1287] /Users/anna.nardi/Library/CloudStorage/OneDrive-Raccoltecondivise-DuckyNetworkS.r.l/E-Commerce - FOTO PRODOTTO 2019_2022_2023_2024_2025/DISCHI/EPTA/EP071R.jpg -> SKU EP071R -> uid 41159471: OK
[192/1287] /Users/anna.nardi/Library/CloudStorage/OneDrive-Raccoltecondivise-DuckyNetworkS.r.l/E-Commerce - FOTO PRODOTTO 2019_2022_2023_2024_2025/DISCHI/EPTA/EP073L.jpg -> SKU EP073L -> uid 41159472: OK
[193/1287] /Users/anna.nardi/Library/CloudStorage/OneDrive-Raccoltecondivise-DuckyNetworkS.r.l/E-Commerce - FOTO PRODOTTO 2019_2022_2023_2024_2025/DISCHI/EPTA/EP073R.jpg -> SKU EP073R -> uid 41159473: OK
[194/1287] /Users/anna.nardi/Library/CloudStorage/OneDrive-Raccoltecondivise-DuckyNetworkS.r.l/E-Commerce - FOTO PRODOTTO 2019_2022_2023_2024_2025/DISCHI/EPTA/EP090L.jpg -> SKU EP090L -> uid 41159474: OK
[195/1287] /Users/anna.nardi/Library/CloudStorage/OneDrive-Raccoltecondivise-DuckyNetworkS.r.l/E-Commerce - FOTO PRODOTTO 2019_2022_2023_2024_2025/DISCHI/EPTA/EP090R.jpg -> SKU EP090R -> uid 41159475: OK
[196/1287] /Users/anna.nardi/Library/CloudStorage/OneDrive-Raccoltecondivise-DuckyNetworkS.r.l/E-Commerce - FOTO PRODOTTO 2019_2022_2023_2024_2025/DISCHI/EPTA/EP098L.jpg -> SKU EP098L -> uid 41159476: OK
[197/1287] /Users/anna.nardi/Library/CloudStorage/OneDrive-Raccoltecondivise-DuckyNetworkS.r.l/E-Commerce - FOTO PRODOTTO 2019_2022_2023_2024_2025/DISCHI/EPTA/EP098R.jpg -> SKU EP098R -> uid 41159477: OK
[198/1287] /Users/anna.nardi/Library/CloudStorage/OneDrive-Raccoltecondivise-DuckyNetworkS.r.l/E-Commerce - FOTO PRODOTTO 2019_2022_2023_2024_2025/DISCHI/EPTA/EP101L.jpg -> SKU EP101L -> uid 41159478: OK
[199/1287] /Users/anna.nardi/Library/CloudStorage/OneDrive-Raccoltecondivise-DuckyNetworkS.r.l/E-Commerce - FOTO PRODOTTO 2019_2022_2023_2024_2025/DISCHI/EPTA/EP101R.jpg -> SKU EP101R -> uid 41159479: OK
[200/1287] /Users/anna.nardi/Library/CloudStorage/OneDrive-Raccoltecondivise-DuckyNetworkS.r.l/E-Commerce - FOTO PRODOTTO 2019_2022_2023_2024_2025/DISCHI/EPTA/EP111L.jpg -> SKU EP111L -> uid 41232093: OK
[201/1287] /Users/anna.nardi/Library/CloudStorage/OneDrive-Raccoltecondivise-DuckyNetworkS.r.l/E-Commerce - FOTO PRODOTTO 2019_2022_2023_2024_2025/DISCHI/EPTA/EP111R.jpg -> SKU EP111R -> uid 41232094: OK
[202/1287] /Users/anna.nardi/Library/CloudStorage/OneDrive-Raccoltecondivise-DuckyNetworkS.r.l/E-Commerce - FOTO PRODOTTO 2019_2022_2023_2024_2025/DISCHI/EPTA/EP117L.jpg -> SKU EP117L -> uid 41159480: OK
[203/1287] /Users/anna.nardi/Library/CloudStorage/OneDrive-Raccoltecondivise-DuckyNetworkS.r.l/E-Commerce - FOTO PRODOTTO 2019_2022_2023_2024_2025/DISCHI/EPTA/EP117R.jpg -> SKU EP117R -> uid 41159481: OK
[204/1287] /Users/anna.nardi/Library/CloudStorage/OneDrive-Raccoltecondivise-DuckyNetworkS.r.l/E-Commerce - FOTO PRODOTTO 2019_2022_2023_2024_2025/DISCHI/EPTA/EP144L.jpg -> SKU EP144L -> uid 41159482: OK
[205/1287] /Users/anna.nardi/Library/CloudStorage/OneDrive-Raccoltecondivise-DuckyNetworkS.r.l/E-Commerce - FOTO PRODOTTO 2019_2022_2023_2024_2025/DISCHI/EPTA/EP144R.jpg -> SKU EP144R -> uid 41159483: OK
[206/1287] /Users/anna.nardi/Library/CloudStorage/OneDrive-Raccoltecondivise-DuckyNetworkS.r.l/E-Commerce - FOTO PRODOTTO 2019_2022_2023_2024_2025/DISCHI/EPTA/EP146L.jpg -> SKU EP146L -> uid 41232095: OK
[207/1287] /Users/anna.nardi/Library/CloudStorage/OneDrive-Raccoltecondivise-DuckyNetworkS.r.l/E-Commerce - FOTO PRODOTTO 2019_2022_2023_2024_2025/DISCHI/EPTA/EP146R.jpg -> SKU EP146R -> uid 41232096: OK
[208/1287] /Users/anna.nardi/Library/CloudStorage/OneDrive-Raccoltecondivise-DuckyNetworkS.r.l/E-Commerce - FOTO PRODOTTO 2019_2022_2023_2024_2025/DISCHI/EPTA/EP149L.jpg -> SKU EP149L -> uid 41159484: OK
[209/1287] /Users/anna.nardi/Library/CloudStorage/OneDrive-Raccoltecondivise-DuckyNetworkS.r.l/E-Commerce - FOTO PRODOTTO 2019_2022_2023_2024_2025/DISCHI/EPTA/EP149R.jpg -> SKU EP149R -> uid 41159485: OK
[210/1287] /Users/anna.nardi/Library/CloudStorage/OneDrive-Raccoltecondivise-DuckyNetworkS.r.l/E-Commerce - FOTO PRODOTTO 2019_2022_2023_2024_2025/DISCHI/EPTA/EP153L.jpg -> SKU EP153L -> uid 41159486: OK
[211/1287] /Users/anna.nardi/Library/CloudStorage/OneDrive-Raccoltecondivise-DuckyNetworkS.r.l/E-Commerce - FOTO PRODOTTO 2019_2022_2023_2024_2025/DISCHI/EPTA/EP153R.jpg -> SKU EP153R -> uid 41159487: OK
[212/1287] /Users/anna.nardi/Library/CloudStorage/OneDrive-Raccoltecondivise-DuckyNetworkS.r.l/E-Commerce - FOTO PRODOTTO 2019_2022_2023_2024_2025/DISCHI/EPTA/EP158L.jpg -> SKU EP158L -> uid 41159490: OK
[213/1287] /Users/anna.nardi/Library/CloudStorage/OneDrive-Raccoltecondivise-DuckyNetworkS.r.l/E-Commerce - FOTO PRODOTTO 2019_2022_2023_2024_2025/DISCHI/EPTA/EP158R.jpg -> SKU EP158R -> uid 41159491: OK
[214/1287] /Users/anna.nardi/Library/CloudStorage/OneDrive-Raccoltecondivise-DuckyNetworkS.r.l/E-Commerce - FOTO PRODOTTO 2019_2022_2023_2024_2025/DISCHI/EPTA/EP159R.jpg -> SKU EP159R -> uid 41159492: OK
[215/1287] /Users/anna.nardi/Library/CloudStorage/OneDrive-Raccoltecondivise-DuckyNetworkS.r.l/E-Commerce - FOTO PRODOTTO 2019_2022_2023_2024_2025/DISCHI/EPTA STAGE 0/EPR101L.jpg -> SKU EPR101L -> uid 41159505: OK
[216/1287] /Users/anna.nardi/Library/CloudStorage/OneDrive-Raccoltecondivise-DuckyNetworkS.r.l/E-Commerce - FOTO PRODOTTO 2019_2022_2023_2024_2025/DISCHI/EPTA STAGE 0/EPR101R/EPR101R.jpg -> SKU EPR101R -> uid 41232099: OK
[217/1287] /Users/anna.nardi/Library/CloudStorage/OneDrive-Raccoltecondivise-DuckyNetworkS.r.l/E-Commerce - FOTO PRODOTTO 2019_2022_2023_2024_2025/DISCHI/EPTA STAGE 0/EPR117L.jpg -> SKU EPR117L -> uid 41159510: OK
[218/1287] /Users/anna.nardi/Library/CloudStorage/OneDrive-Raccoltecondivise-DuckyNetworkS.r.l/E-Commerce - FOTO PRODOTTO 2019_2022_2023_2024_2025/DISCHI/EPTA STAGE 0/EPR117R.jpg -> SKU EPR117R -> uid 41159511: OK
[219/1287] /Users/anna.nardi/Library/CloudStorage/OneDrive-Raccoltecondivise-DuckyNetworkS.r.l/E-Commerce - FOTO PRODOTTO 2019_2022_2023_2024_2025/DISCHI/EPTA STAGE 0/EPR136L.jpg -> SKU EPR136L -> uid 41232100: OK
[220/1287] /Users/anna.nardi/Library/CloudStorage/OneDrive-Raccoltecondivise-DuckyNetworkS.r.l/E-Commerce - FOTO PRODOTTO 2019_2022_2023_2024_2025/DISCHI/EPTA STAGE 0/EPR145L.jpg -> SKU EPR145L -> uid 41159512: OK
[221/1287] /Users/anna.nardi/Library/CloudStorage/OneDrive-Raccoltecondivise-DuckyNetworkS.r.l/E-Commerce - FOTO PRODOTTO 2019_2022_2023_2024_2025/DISCHI/EPTA STAGE 0/EPR145R.jpg -> SKU EPR145R -> uid 41159513: OK
[222/1287] /Users/anna.nardi/Library/CloudStorage/OneDrive-Raccoltecondivise-DuckyNetworkS.r.l/E-Commerce - FOTO PRODOTTO 2019_2022_2023_2024_2025/DISCHI/EPTA STAGE 0/EPR146L.jpg -> SKU EPR146L -> uid 41159514: OK
[223/1287] /Users/anna.nardi/Library/CloudStorage/OneDrive-Raccoltecondivise-DuckyNetworkS.r.l/E-Commerce - FOTO PRODOTTO 2019_2022_2023_2024_2025/DISCHI/EPTA STAGE 0/EPR146R.jpg -> SKU EPR146R -> uid 41159515: OK
[224/1287] /Users/anna.nardi/Library/CloudStorage/OneDrive-Raccoltecondivise-DuckyNetworkS.r.l/E-Commerce - FOTO PRODOTTO 2019_2022_2023_2024_2025/DISCHI/EPTA STAGE 0/EPR149L.jpg -> SKU EPR149L -> uid 41159518: OK
[225/1287] /Users/anna.nardi/Library/CloudStorage/OneDrive-Raccoltecondivise-DuckyNetworkS.r.l/E-Commerce - FOTO PRODOTTO 2019_2022_2023_2024_2025/DISCHI/EPTA STAGE 0/EPR149R.jpg -> SKU EPR149R -> uid 41159519: OK
[226/1287] /Users/anna.nardi/Library/CloudStorage/OneDrive-Raccoltecondivise-DuckyNetworkS.r.l/E-Commerce - FOTO PRODOTTO 2019_2022_2023_2024_2025/DISCHI/EPTA STAGE 0/EPR153L.jpg -> SKU EPR153L -> uid 41232102: OK
[227/1287] /Users/anna.nardi/Library/CloudStorage/OneDrive-Raccoltecondivise-DuckyNetworkS.r.l/E-Commerce - FOTO PRODOTTO 2019_2022_2023_2024_2025/DISCHI/EPTA STAGE 0/EPR153R.jpg -> SKU EPR153R -> uid 41232103: OK
[228/1287] /Users/anna.nardi/Library/CloudStorage/OneDrive-Raccoltecondivise-DuckyNetworkS.r.l/E-Commerce - FOTO PRODOTTO 2019_2022_2023_2024_2025/DISCHI/EPTA STAGE 0/EPR155L.jpg -> SKU EPR155L -> uid 41159520: OK
[229/1287] /Users/anna.nardi/Library/CloudStorage/OneDrive-Raccoltecondivise-DuckyNetworkS.r.l/E-Commerce - FOTO PRODOTTO 2019_2022_2023_2024_2025/DISCHI/EPTA STAGE 0/EPR155R.jpg -> SKU EPR155R -> uid 41159521: OK
[230/1287] /Users/anna.nardi/Library/CloudStorage/OneDrive-Raccoltecondivise-DuckyNetworkS.r.l/E-Commerce - FOTO PRODOTTO 2019_2022_2023_2024_2025/DISCHI/EPTA STAGE 0/EPR156L.jpg -> SKU EPR156L -> uid 41159522: OK
[231/1287] /Users/anna.nardi/Library/CloudStorage/OneDrive-Raccoltecondivise-DuckyNetworkS.r.l/E-Commerce - FOTO PRODOTTO 2019_2022_2023_2024_2025/DISCHI/EPTA STAGE 0/EPR156R.jpg -> SKU EPR156R -> uid 41159523: OK
[232/1287] /Users/anna.nardi/Library/CloudStorage/OneDrive-Raccoltecondivise-DuckyNetworkS.r.l/E-Commerce - FOTO PRODOTTO 2019_2022_2023_2024_2025/DISCHI/EPTA STAGE 0/EPR158L.jpg -> SKU EPR158L -> uid 41159524: OK
[233/1287] /Users/anna.nardi/Library/CloudStorage/OneDrive-Raccoltecondivise-DuckyNetworkS.r.l/E-Commerce - FOTO PRODOTTO 2019_2022_2023_2024_2025/DISCHI/EPTA STAGE 0/EPR158R.jpg -> SKU EPR158R -> uid 41159525: OK
[234/1287] /Users/anna.nardi/Library/CloudStorage/OneDrive-Raccoltecondivise-DuckyNetworkS.r.l/E-Commerce - FOTO PRODOTTO 2019_2022_2023_2024_2025/DISCHI/W-FLO/GA04FLD.jpg -> SKU GA04FLD -> uid 41159536: OK
[235/1287] /Users/anna.nardi/Library/CloudStorage/OneDrive-Raccoltecondivise-DuckyNetworkS.r.l/E-Commerce - FOTO PRODOTTO 2019_2022_2023_2024_2025/DISCHI/W-FIX/GL01RID.jpg -> SKU GL01RID -> uid 41159537: OK
[236/1287] /Users/anna.nardi/Library/CloudStorage/OneDrive-Raccoltecondivise-DuckyNetworkS.r.l/E-Commerce - FOTO PRODOTTO 2019_2022_2023_2024_2025/DISCHI/W-FIX/GL06FID.jpg -> SKU GL06FID -> uid 41159538: OK
[237/1287] /Users/anna.nardi/Library/CloudStorage/OneDrive-Raccoltecondivise-DuckyNetworkS.r.l/E-Commerce - FOTO PRODOTTO 2019_2022_2023_2024_2025/DISCHI/W-FIX/GL06RID.jpg -> SKU GL06RID -> uid 41159539: OK
[238/1287] /Users/anna.nardi/Library/CloudStorage/OneDrive-Raccoltecondivise-DuckyNetworkS.r.l/E-Commerce - FOTO PRODOTTO 2019_2022_2023_2024_2025/DISCHI/R-FIX/HD01FI.jpg -> SKU HD01FI -> uid 41159557: OK
[239/1287] /Users/anna.nardi/Library/CloudStorage/OneDrive-Raccoltecondivise-DuckyNetworkS.r.l/E-Commerce - FOTO PRODOTTO 2019_2022_2023_2024_2025/DISCHI/R-FLO/HD01FL.jpg -> SKU HD01FL -> uid 41159558: OK
[240/1287] /Users/anna.nardi/Library/CloudStorage/OneDrive-Raccoltecondivise-DuckyNetworkS.r.l/E-Commerce - FOTO PRODOTTO 2019_2022_2023_2024_2025/DISCHI/R-FIX/HD01RI.jpg -> SKU HD01RI -> uid 41159559: OK
[241/1287] /Users/anna.nardi/Library/CloudStorage/OneDrive-Raccoltecondivise-DuckyNetworkS.r.l/E-Commerce - FOTO PRODOTTO 2019_2022_2023_2024_2025/DISCHI/R-FLO/HD01RL.jpg -> SKU HD01RL -> uid 41159560: OK
[242/1287] /Users/anna.nardi/Library/CloudStorage/OneDrive-Raccoltecondivise-DuckyNetworkS.r.l/E-Commerce - FOTO PRODOTTO 2019_2022_2023_2024_2025/DISCHI/HUMMER/HD03FLD.jpg -> SKU HD03FLD -> uid 41159561: OK
[243/1287] /Users/anna.nardi/Library/CloudStorage/OneDrive-Raccoltecondivise-DuckyNetworkS.r.l/E-Commerce - FOTO PRODOTTO 2019_2022_2023_2024_2025/DISCHI/HUMMER/HD03RLD.jpg -> SKU HD03RLD -> uid 41232105: OK
[244/1287] /Users/anna.nardi/Library/CloudStorage/OneDrive-Raccoltecondivise-DuckyNetworkS.r.l/E-Commerce - FOTO PRODOTTO 2019_2022_2023_2024_2025/DISCHI/HUMMER/HD09FLD.jpg -> SKU HD09FLD -> uid 41159562: OK
[245/1287] /Users/anna.nardi/Library/CloudStorage/OneDrive-Raccoltecondivise-DuckyNetworkS.r.l/E-Commerce - FOTO PRODOTTO 2019_2022_2023_2024_2025/DISCHI/R-FIX/HD292R.jpg -> SKU HD292R -> uid 41159563: OK
[246/1287] /Users/anna.nardi/Library/CloudStorage/OneDrive-Raccoltecondivise-DuckyNetworkS.r.l/E-Commerce - FOTO PRODOTTO 2019_2022_2023_2024_2025/DISCHI/R-FLO/HD292RFL.jpg -> SKU HD292RFL -> uid 41159564: OK
[247/1287] /Users/anna.nardi/Library/CloudStorage/OneDrive-Raccoltecondivise-DuckyNetworkS.r.l/E-Commerce - FOTO PRODOTTO 2019_2022_2023_2024_2025/DISCHI/R-FLO/HD292SFL.jpg -> SKU HD292SFL -> uid 41159565: OK
[248/1287] /Users/anna.nardi/Library/CloudStorage/OneDrive-Raccoltecondivise-DuckyNetworkS.r.l/E-Commerce - FOTO PRODOTTO 2019_2022_2023_2024_2025/DISCHI/R-FIX/HDF.jpg -> SKU HDF -> uid 41159566: OK
[249/1287] /Users/anna.nardi/Library/CloudStorage/OneDrive-Raccoltecondivise-DuckyNetworkS.r.l/E-Commerce - FOTO PRODOTTO 2019_2022_2023_2024_2025/DISCHI/R-FLO/HDFFL.jpg -> SKU HDFFL -> uid 41159567: OK
[250/1287] /Users/anna.nardi/Library/CloudStorage/OneDrive-Raccoltecondivise-DuckyNetworkS.r.l/E-Commerce - FOTO PRODOTTO 2019_2022_2023_2024_2025/DISCHI/R-FIX/HDR.jpg -> SKU HDR -> uid 41159568: OK
[251/1287] /Users/anna.nardi/Library/CloudStorage/OneDrive-Raccoltecondivise-DuckyNetworkS.r.l/E-Commerce - FOTO PRODOTTO 2019_2022_2023_2024_2025/DISCHI/R-FLO/HDRFL.jpg -> SKU HDRFL -> uid 41159569: OK
[252/1287] /Users/anna.nardi/Library/CloudStorage/OneDrive-Raccoltecondivise-DuckyNetworkS.r.l/E-Commerce - FOTO PRODOTTO 2019_2022_2023_2024_2025/DISCHI/R-FIX/HO02RI.jpg -> SKU HO02RI -> uid 41159570: OK
[253/1287] /Users/anna.nardi/Library/CloudStorage/OneDrive-Raccoltecondivise-DuckyNetworkS.r.l/E-Commerce - FOTO PRODOTTO 2019_2022_2023_2024_2025/DISCHI/R-FIX/HO03FI.jpg -> SKU HO03FI -> uid 41159571: OK
[254/1287] /Users/anna.nardi/Library/CloudStorage/OneDrive-Raccoltecondivise-DuckyNetworkS.r.l/E-Commerce - FOTO PRODOTTO 2019_2022_2023_2024_2025/DISCHI/R-FIX/HO03RI.jpg -> SKU HO03RI -> uid 41159572: OK
[255/1287] /Users/anna.nardi/Library/CloudStorage/OneDrive-Raccoltecondivise-DuckyNetworkS.r.l/E-Commerce - FOTO PRODOTTO 2019_2022_2023_2024_2025/DISCHI/R-FIX/HO04FI.jpg -> SKU HO04FI -> uid 41159573: OK
[256/1287] /Users/anna.nardi/Library/CloudStorage/OneDrive-Raccoltecondivise-DuckyNetworkS.r.l/E-Commerce - FOTO PRODOTTO 2019_2022_2023_2024_2025/DISCHI/R-FIX/HO05FI.jpg -> SKU HO05FI -> uid 41159574: OK
[257/1287] /Users/anna.nardi/Library/CloudStorage/OneDrive-Raccoltecondivise-DuckyNetworkS.r.l/E-Commerce - FOTO PRODOTTO 2019_2022_2023_2024_2025/DISCHI/R-FIX/HO05RI.jpg -> SKU HO05RI -> uid 41159575: OK
[258/1287] /Users/anna.nardi/Library/CloudStorage/OneDrive-Raccoltecondivise-DuckyNetworkS.r.l/E-Commerce - FOTO PRODOTTO 2019_2022_2023_2024_2025/DISCHI/W-FIX/HO05RID.jpg -> SKU HO05RID -> uid 41159576: OK
[259/1287] /Users/anna.nardi/Library/CloudStorage/OneDrive-Raccoltecondivise-DuckyNetworkS.r.l/E-Commerce - FOTO PRODOTTO 2019_2022_2023_2024_2025/DISCHI/W-FIX/HO06RID.jpg -> SKU HO06RID -> uid 41159577: OK
[260/1287] /Users/anna.nardi/Library/CloudStorage/OneDrive-Raccoltecondivise-DuckyNetworkS.r.l/E-Commerce - FOTO PRODOTTO 2019_2022_2023_2024_2025/DISCHI/R-FIX/HO07FI.jpg -> SKU HO07FI -> uid 41159578: OK
[261/1287] /Users/anna.nardi/Library/CloudStorage/OneDrive-Raccoltecondivise-DuckyNetworkS.r.l/E-Commerce - FOTO PRODOTTO 2019_2022_2023_2024_2025/DISCHI/W-FIX/HO09FID.jpg -> SKU HO09FID -> uid 41159579: OK
[262/1287] /Users/anna.nardi/Library/CloudStorage/OneDrive-Raccoltecondivise-DuckyNetworkS.r.l/E-Commerce - FOTO PRODOTTO 2019_2022_2023_2024_2025/DISCHI/R-FIX/HO09RI.jpg -> SKU HO09RI -> uid 41159580: OK
[263/1287] /Users/anna.nardi/Library/CloudStorage/OneDrive-Raccoltecondivise-DuckyNetworkS.r.l/E-Commerce - FOTO PRODOTTO 2019_2022_2023_2024_2025/DISCHI/W-FIX/HO09RID.jpg -> SKU HO09RID -> uid 41159581: OK
[264/1287] /Users/anna.nardi/Library/CloudStorage/OneDrive-Raccoltecondivise-DuckyNetworkS.r.l/E-Commerce - FOTO PRODOTTO 2019_2022_2023_2024_2025/DISCHI/R-FIX/HO13FI.jpg -> SKU HO13FI -> uid 41159582: OK
[265/1287] /Users/anna.nardi/Library/CloudStorage/OneDrive-Raccoltecondivise-DuckyNetworkS.r.l/E-Commerce - FOTO PRODOTTO 2019_2022_2023_2024_2025/DISCHI/W-FIX/HO13RID.jpg -> SKU HO13RID -> uid 41159583: OK
[266/1287] /Users/anna.nardi/Library/CloudStorage/OneDrive-Raccoltecondivise-DuckyNetworkS.r.l/E-Commerce - FOTO PRODOTTO 2019_2022_2023_2024_2025/DISCHI/R-FIX/HO14FI.jpg -> SKU HO14FI -> uid 41159584: OK
[267/1287] /Users/anna.nardi/Library/CloudStorage/OneDrive-Raccoltecondivise-DuckyNetworkS.r.l/E-Commerce - FOTO PRODOTTO 2019_2022_2023_2024_2025/DISCHI/R-FIX/HO17FI.jpg -> SKU HO17FI -> uid 41159585: OK
[268/1287] /Users/anna.nardi/Library/CloudStorage/OneDrive-Raccoltecondivise-DuckyNetworkS.r.l/E-Commerce - FOTO PRODOTTO 2019_2022_2023_2024_2025/DISCHI/W-FIX/HO17FID.jpg -> SKU HO17FID -> uid 41159586: OK
[269/1287] /Users/anna.nardi/Library/CloudStorage/OneDrive-Raccoltecondivise-DuckyNetworkS.r.l/E-Commerce - FOTO PRODOTTO 2019_2022_2023_2024_2025/DISCHI/W-FIX/HO18FID.jpg -> SKU HO18FID -> uid 41159588: OK
[270/1287] /Users/anna.nardi/Library/CloudStorage/OneDrive-Raccoltecondivise-DuckyNetworkS.r.l/E-Commerce - FOTO PRODOTTO 2019_2022_2023_2024_2025/DISCHI/R-FIX/HO18RI.jpg -> SKU HO18RI -> uid 41159589: OK
[271/1287] /Users/anna.nardi/Library/CloudStorage/OneDrive-Raccoltecondivise-DuckyNetworkS.r.l/E-Commerce - FOTO PRODOTTO 2019_2022_2023_2024_2025/DISCHI/R-FIX/HO20FI.jpg -> SKU HO20FI -> uid 41159590: OK
[272/1287] /Users/anna.nardi/Library/CloudStorage/OneDrive-Raccoltecondivise-DuckyNetworkS.r.l/E-Commerce - FOTO PRODOTTO 2019_2022_2023_2024_2025/DISCHI/W-FIX/HO20FID.jpg -> SKU HO20FID -> uid 41159591: OK
[273/1287] /Users/anna.nardi/Library/CloudStorage/OneDrive-Raccoltecondivise-DuckyNetworkS.r.l/E-Commerce - FOTO PRODOTTO 2019_2022_2023_2024_2025/DISCHI/R-FIX/HO21FI.jpg -> SKU HO21FI -> uid 41159592: OK
[274/1287] /Users/anna.nardi/Library/CloudStorage/OneDrive-Raccoltecondivise-DuckyNetworkS.r.l/E-Commerce - FOTO PRODOTTO 2019_2022_2023_2024_2025/DISCHI/W-FIX/HO21FID.jpg -> SKU HO21FID -> uid 41159593: OK
[275/1287] /Users/anna.nardi/Library/CloudStorage/OneDrive-Raccoltecondivise-DuckyNetworkS.r.l/E-Commerce - FOTO PRODOTTO 2019_2022_2023_2024_2025/DISCHI/W-FIX/HO21RID.jpg -> SKU HO21RID -> uid 41159594: OK
[276/1287] /Users/anna.nardi/Library/CloudStorage/OneDrive-Raccoltecondivise-DuckyNetworkS.r.l/E-Commerce - FOTO PRODOTTO 2019_2022_2023_2024_2025/DISCHI/R-FIX/HO22FI.jpg -> SKU HO22FI -> uid 41159595: OK
[277/1287] /Users/anna.nardi/Library/CloudStorage/OneDrive-Raccoltecondivise-DuckyNetworkS.r.l/E-Commerce - FOTO PRODOTTO 2019_2022_2023_2024_2025/DISCHI/W-FIX/HO22FID.jpg -> SKU HO22FID -> uid 41159596: OK
[278/1287] /Users/anna.nardi/Library/CloudStorage/OneDrive-Raccoltecondivise-DuckyNetworkS.r.l/E-Commerce - FOTO PRODOTTO 2019_2022_2023_2024_2025/DISCHI/R-FIX/HO22RI.jpg -> SKU HO22RI -> uid 41159597: OK
[279/1287] /Users/anna.nardi/Library/CloudStorage/OneDrive-Raccoltecondivise-DuckyNetworkS.r.l/E-Commerce - FOTO PRODOTTO 2019_2022_2023_2024_2025/DISCHI/W-FIX/HO22RID.jpg -> SKU HO22RID -> uid 41159598: OK
[280/1287] /Users/anna.nardi/Library/CloudStorage/OneDrive-Raccoltecondivise-DuckyNetworkS.r.l/E-Commerce - FOTO PRODOTTO 2019_2022_2023_2024_2025/DISCHI/R-FIX/HO23FI.jpg -> SKU HO23FI -> uid 41159599: OK
[281/1287] /Users/anna.nardi/Library/CloudStorage/OneDrive-Raccoltecondivise-DuckyNetworkS.r.l/E-Commerce - FOTO PRODOTTO 2019_2022_2023_2024_2025/DISCHI/W-FIX/HO23FID.jpg -> SKU HO23FID -> uid 41159600: OK
[282/1287] /Users/anna.nardi/Library/CloudStorage/OneDrive-Raccoltecondivise-DuckyNetworkS.r.l/E-Commerce - FOTO PRODOTTO 2019_2022_2023_2024_2025/DISCHI/R-FIX/HO23RI.jpg -> SKU HO23RI -> uid 41159601: OK
[283/1287] /Users/anna.nardi/Library/CloudStorage/OneDrive-Raccoltecondivise-DuckyNetworkS.r.l/E-Commerce - FOTO PRODOTTO 2019_2022_2023_2024_2025/DISCHI/W-FIX/HO23RID.jpg -> SKU HO23RID -> uid 41159602: OK
[284/1287] /Users/anna.nardi/Library/CloudStorage/OneDrive-Raccoltecondivise-DuckyNetworkS.r.l/E-Commerce - FOTO PRODOTTO 2019_2022_2023_2024_2025/DISCHI/W-FIX/HO24FID.jpg -> SKU HO24FID -> uid 41159603: OK
[285/1287] /Users/anna.nardi/Library/CloudStorage/OneDrive-Raccoltecondivise-DuckyNetworkS.r.l/E-Commerce - FOTO PRODOTTO 2019_2022_2023_2024_2025/DISCHI/W-FIX/HO25FID.jpg -> SKU HO25FID -> uid 41159604: OK
[286/1287] /Users/anna.nardi/Library/CloudStorage/OneDrive-Raccoltecondivise-DuckyNetworkS.r.l/E-Commerce - FOTO PRODOTTO 2019_2022_2023_2024_2025/DISCHI/W-FIX/HO25RID.jpg -> SKU HO25RID -> uid 41159605: OK
[287/1287] /Users/anna.nardi/Library/CloudStorage/OneDrive-Raccoltecondivise-DuckyNetworkS.r.l/E-Commerce - FOTO PRODOTTO 2019_2022_2023_2024_2025/DISCHI/W-FLO/HO26FLD.jpg -> SKU HO26FLD -> uid 41159606: OK
[288/1287] /Users/anna.nardi/Library/CloudStorage/OneDrive-Raccoltecondivise-DuckyNetworkS.r.l/E-Commerce - FOTO PRODOTTO 2019_2022_2023_2024_2025/DISCHI/R-FIX/HO31RI.jpg -> SKU HO31RI -> uid 41159607: OK
[289/1287] /Users/anna.nardi/Library/CloudStorage/OneDrive-Raccoltecondivise-DuckyNetworkS.r.l/E-Commerce - FOTO PRODOTTO 2019_2022_2023_2024_2025/DISCHI/R-FIX/HO32FID.jpg -> SKU HO32FID -> uid 41159608: OK
[290/1287] /Users/anna.nardi/Library/CloudStorage/OneDrive-Raccoltecondivise-DuckyNetworkS.r.l/E-Commerce - FOTO PRODOTTO 2019_2022_2023_2024_2025/DISCHI/R-FIX/HO33FI.jpg -> SKU HO33FI -> uid 41159609: OK
[291/1287] /Users/anna.nardi/Library/CloudStorage/OneDrive-Raccoltecondivise-DuckyNetworkS.r.l/E-Commerce - FOTO PRODOTTO 2019_2022_2023_2024_2025/DISCHI/R-FIX/HO33RI.jpg -> SKU HO33RI -> uid 41159610: OK
[292/1287] /Users/anna.nardi/Library/CloudStorage/OneDrive-Raccoltecondivise-DuckyNetworkS.r.l/E-Commerce - FOTO PRODOTTO 2019_2022_2023_2024_2025/DISCHI/W-FIX/HO40RID.jpg -> SKU HO40RID -> uid 41159611: OK
[293/1287] /Users/anna.nardi/Library/CloudStorage/OneDrive-Raccoltecondivise-DuckyNetworkS.r.l/E-Commerce - FOTO PRODOTTO 2019_2022_2023_2024_2025/DISCHI/W-FIX/HO41FID.jpg -> SKU HO41FID -> uid 41159612: OK
[294/1287] /Users/anna.nardi/Library/CloudStorage/OneDrive-Raccoltecondivise-DuckyNetworkS.r.l/E-Commerce - FOTO PRODOTTO 2019_2022_2023_2024_2025/DISCHI/W-FIX/HO47RID.jpg -> SKU HO47RID -> uid 41159613: OK
[295/1287] /Users/anna.nardi/Library/CloudStorage/OneDrive-Raccoltecondivise-DuckyNetworkS.r.l/E-Commerce - FOTO PRODOTTO 2019_2022_2023_2024_2025/DISCHI/W-FIX/HO49FID.jpg -> SKU HO49FID -> uid 41159614: OK
[296/1287] /Users/anna.nardi/Library/CloudStorage/OneDrive-Raccoltecondivise-DuckyNetworkS.r.l/E-Commerce - FOTO PRODOTTO 2019_2022_2023_2024_2025/DISCHI/W-FIX/HO50FID.jpg -> SKU HO50FID -> uid 41159615: OK
[297/1287] /Users/anna.nardi/Library/CloudStorage/OneDrive-Raccoltecondivise-DuckyNetworkS.r.l/E-Commerce - FOTO PRODOTTO 2019_2022_2023_2024_2025/DISCHI/W-FIX/HO50RID.jpg -> SKU HO50RID -> uid 41227038: OK
[298/1287] /Users/anna.nardi/Library/CloudStorage/OneDrive-Raccoltecondivise-DuckyNetworkS.r.l/E-Commerce - FOTO PRODOTTO 2019_2022_2023_2024_2025/DISCHI/W-FIX/HO51RID.jpg -> SKU HO51RID -> uid 41159616: OK
[299/1287] /Users/anna.nardi/Library/CloudStorage/OneDrive-Raccoltecondivise-DuckyNetworkS.r.l/E-Commerce - FOTO PRODOTTO 2019_2022_2023_2024_2025/DISCHI/W-FIX/HO53RID.jpg -> SKU HO53RID -> uid 41159617: OK
[300/1287] /Users/anna.nardi/Library/CloudStorage/OneDrive-Raccoltecondivise-DuckyNetworkS.r.l/E-Commerce - FOTO PRODOTTO 2019_2022_2023_2024_2025/DISCHI/W-FIX/HO55RID.jpg -> SKU HO55RID -> uid 41159618: OK
[301/1287] /Users/anna.nardi/Library/CloudStorage/OneDrive-Raccoltecondivise-DuckyNetworkS.r.l/E-Commerce - FOTO PRODOTTO 2019_2022_2023_2024_2025/DISCHI/W-FIX/HO60RID.jpg -> SKU HO60RID -> uid 41159619: OK
[302/1287] /Users/anna.nardi/Library/CloudStorage/OneDrive-Raccoltecondivise-DuckyNetworkS.r.l/E-Commerce - FOTO PRODOTTO 2019_2022_2023_2024_2025/DISCHI/W-FIX/HU09RID.jpg -> SKU HU09RID -> uid 41159620: OK
[303/1287] /Users/anna.nardi/Library/CloudStorage/OneDrive-Raccoltecondivise-DuckyNetworkS.r.l/E-Commerce - FOTO PRODOTTO 2019_2022_2023_2024_2025/DISCHI/R-FIX/KM01FI.jpg -> SKU KM01FI -> uid 41159634: OK
[304/1287] /Users/anna.nardi/Library/CloudStorage/OneDrive-Raccoltecondivise-DuckyNetworkS.r.l/E-Commerce - FOTO PRODOTTO 2019_2022_2023_2024_2025/DISCHI/W-FIX/KM01FID.jpg -> SKU KM01FID -> uid 41159635: OK
[305/1287] /Users/anna.nardi/Library/CloudStorage/OneDrive-Raccoltecondivise-DuckyNetworkS.r.l/E-Commerce - FOTO PRODOTTO 2019_2022_2023_2024_2025/DISCHI/R-FIX/KM04FI.jpg -> SKU KM04FI -> uid 41159636: OK
[306/1287] /Users/anna.nardi/Library/CloudStorage/OneDrive-Raccoltecondivise-DuckyNetworkS.r.l/E-Commerce - FOTO PRODOTTO 2019_2022_2023_2024_2025/DISCHI/R-FIX/KM04RI.jpg -> SKU KM04RI -> uid 41159637: OK
[307/1287] /Users/anna.nardi/Library/CloudStorage/OneDrive-Raccoltecondivise-DuckyNetworkS.r.l/E-Commerce - FOTO PRODOTTO 2019_2022_2023_2024_2025/DISCHI/W-FIX/KM04RID.jpg -> SKU KM04RID -> uid 41159638: OK
[308/1287] /Users/anna.nardi/Library/CloudStorage/OneDrive-Raccoltecondivise-DuckyNetworkS.r.l/E-Commerce - FOTO PRODOTTO 2019_2022_2023_2024_2025/DISCHI/R-FIX/KM05FI.jpg -> SKU KM05FI -> uid 41159639: OK
[309/1287] /Users/anna.nardi/Library/CloudStorage/OneDrive-Raccoltecondivise-DuckyNetworkS.r.l/E-Commerce - FOTO PRODOTTO 2019_2022_2023_2024_2025/DISCHI/R-FIX/KM05RI.jpg -> SKU KM05RI -> uid 41159640: OK
[310/1287] /Users/anna.nardi/Library/CloudStorage/OneDrive-Raccoltecondivise-DuckyNetworkS.r.l/E-Commerce - FOTO PRODOTTO 2019_2022_2023_2024_2025/DISCHI/W-FIX/KM05RID.jpg -> SKU KM05RID -> uid 41159641: OK
[311/1287] /Users/anna.nardi/Library/CloudStorage/OneDrive-Raccoltecondivise-DuckyNetworkS.r.l/E-Commerce - FOTO PRODOTTO 2019_2022_2023_2024_2025/KR/KR0007.jpg -> SKU KR0007 -> uid 41159642: OK
[312/1287] /Users/anna.nardi/Library/CloudStorage/OneDrive-Raccoltecondivise-DuckyNetworkS.r.l/E-Commerce - FOTO PRODOTTO 2019_2022_2023_2024_2025/KR/KR0039.jpg -> SKU KR0039 -> uid 41159646: OK
[313/1287] /Users/anna.nardi/Library/CloudStorage/OneDrive-Raccoltecondivise-DuckyNetworkS.r.l/E-Commerce - FOTO PRODOTTO 2019_2022_2023_2024_2025/KR/KR0049.jpg -> SKU KR0049 -> uid 41159650: OK
[314/1287] /Users/anna.nardi/Library/CloudStorage/OneDrive-Raccoltecondivise-DuckyNetworkS.r.l/E-Commerce - FOTO PRODOTTO 2019_2022_2023_2024_2025/KR/KR0050.jpg -> SKU KR0050 -> uid 41159651: OK
[315/1287] /Users/anna.nardi/Library/CloudStorage/OneDrive-Raccoltecondivise-DuckyNetworkS.r.l/E-Commerce - FOTO PRODOTTO 2019_2022_2023_2024_2025/KR/KR0051.jpg -> SKU KR0051 -> uid 41159652: OK
[316/1287] /Users/anna.nardi/Library/CloudStorage/OneDrive-Raccoltecondivise-DuckyNetworkS.r.l/E-Commerce - FOTO PRODOTTO 2019_2022_2023_2024_2025/KR/KR0080.jpg -> SKU KR0080 -> uid 41159660: OK
[317/1287] /Users/anna.nardi/Library/CloudStorage/OneDrive-Raccoltecondivise-DuckyNetworkS.r.l/E-Commerce - FOTO PRODOTTO 2019_2022_2023_2024_2025/KR/KR0082.jpg -> SKU KR0082 -> uid 41159661: OK
[318/1287] /Users/anna.nardi/Library/CloudStorage/OneDrive-Raccoltecondivise-DuckyNetworkS.r.l/E-Commerce - FOTO PRODOTTO 2019_2022_2023_2024_2025/KR/KR0084.jpg -> SKU KR0084 -> uid 41159662: OK
[319/1287] /Users/anna.nardi/Library/CloudStorage/OneDrive-Raccoltecondivise-DuckyNetworkS.r.l/E-Commerce - FOTO PRODOTTO 2019_2022_2023_2024_2025/KR/KR0090.jpg -> SKU KR0090 -> uid 41159665: OK
[320/1287] /Users/anna.nardi/Library/CloudStorage/OneDrive-Raccoltecondivise-DuckyNetworkS.r.l/E-Commerce - FOTO PRODOTTO 2019_2022_2023_2024_2025/KR/KR0091.jpg -> SKU KR0091 -> uid 41159666: OK
[321/1287] /Users/anna.nardi/Library/CloudStorage/OneDrive-Raccoltecondivise-DuckyNetworkS.r.l/E-Commerce - FOTO PRODOTTO 2019_2022_2023_2024_2025/KR/KR0093.jpg -> SKU KR0093 -> uid 41159667: OK
[322/1287] /Users/anna.nardi/Library/CloudStorage/OneDrive-Raccoltecondivise-DuckyNetworkS.r.l/E-Commerce - FOTO PRODOTTO 2019_2022_2023_2024_2025/KR/KR0094.jpg -> SKU KR0094 -> uid 41232109: OK
[323/1287] /Users/anna.nardi/Library/CloudStorage/OneDrive-Raccoltecondivise-DuckyNetworkS.r.l/E-Commerce - FOTO PRODOTTO 2019_2022_2023_2024_2025/KR/KR0097.jpg -> SKU KR0097 -> uid 41159668: OK
[324/1287] /Users/anna.nardi/Library/CloudStorage/OneDrive-Raccoltecondivise-DuckyNetworkS.r.l/E-Commerce - FOTO PRODOTTO 2019_2022_2023_2024_2025/KR/KR0100.jpg -> SKU KR0100 -> uid 41159670: OK
[325/1287] /Users/anna.nardi/Library/CloudStorage/OneDrive-Raccoltecondivise-DuckyNetworkS.r.l/E-Commerce - FOTO PRODOTTO 2019_2022_2023_2024_2025/KR/KR0101.jpg -> SKU KR0101 -> uid 41159671: OK
[326/1287] /Users/anna.nardi/Library/CloudStorage/OneDrive-Raccoltecondivise-DuckyNetworkS.r.l/E-Commerce - FOTO PRODOTTO 2019_2022_2023_2024_2025/KR/KR0104.jpg -> SKU KR0104 -> uid 41159672: OK
[327/1287] /Users/anna.nardi/Library/CloudStorage/OneDrive-Raccoltecondivise-DuckyNetworkS.r.l/E-Commerce - FOTO PRODOTTO 2019_2022_2023_2024_2025/KR/KR0106L.jpg -> SKU KR0106L -> uid 41159675: OK
[328/1287] /Users/anna.nardi/Library/CloudStorage/OneDrive-Raccoltecondivise-DuckyNetworkS.r.l/E-Commerce - FOTO PRODOTTO 2019_2022_2023_2024_2025/KR/KR0106R.jpg -> SKU KR0106R -> uid 41159676: OK
[329/1287] /Users/anna.nardi/Library/CloudStorage/OneDrive-Raccoltecondivise-DuckyNetworkS.r.l/E-Commerce - FOTO PRODOTTO 2019_2022_2023_2024_2025/KR/KR0119.jpg -> SKU KR0119 -> uid 41159677: OK
[330/1287] /Users/anna.nardi/Library/CloudStorage/OneDrive-Raccoltecondivise-DuckyNetworkS.r.l/E-Commerce - FOTO PRODOTTO 2019_2022_2023_2024_2025/KR/KR0120.jpg -> SKU KR0120 -> uid 41159678: OK
[331/1287] /Users/anna.nardi/Library/CloudStorage/OneDrive-Raccoltecondivise-DuckyNetworkS.r.l/E-Commerce - FOTO PRODOTTO 2019_2022_2023_2024_2025/KR/KR0121.jpg -> SKU KR0121 -> uid 41159679: OK
[332/1287] /Users/anna.nardi/Library/CloudStorage/OneDrive-Raccoltecondivise-DuckyNetworkS.r.l/E-Commerce - FOTO PRODOTTO 2019_2022_2023_2024_2025/KR/KR0122.jpg -> SKU KR0122 -> uid 41159680: OK
[333/1287] /Users/anna.nardi/Library/CloudStorage/OneDrive-Raccoltecondivise-DuckyNetworkS.r.l/E-Commerce - FOTO PRODOTTO 2019_2022_2023_2024_2025/KR/KR0123.jpg -> SKU KR0123 -> uid 41159681: OK
[334/1287] /Users/anna.nardi/Library/CloudStorage/OneDrive-Raccoltecondivise-DuckyNetworkS.r.l/E-Commerce - FOTO PRODOTTO 2019_2022_2023_2024_2025/KR/KR0124.jpg -> SKU KR0124 -> uid 41159682: OK
[335/1287] /Users/anna.nardi/Library/CloudStorage/OneDrive-Raccoltecondivise-DuckyNetworkS.r.l/E-Commerce - FOTO PRODOTTO 2019_2022_2023_2024_2025/KR/KR0126.jpg -> SKU KR0126 -> uid 41159684: OK
[336/1287] /Users/anna.nardi/Library/CloudStorage/OneDrive-Raccoltecondivise-DuckyNetworkS.r.l/E-Commerce - FOTO PRODOTTO 2019_2022_2023_2024_2025/KR/KR0127.jpg -> SKU KR0127 -> uid 41159685: OK
[337/1287] /Users/anna.nardi/Library/CloudStorage/OneDrive-Raccoltecondivise-DuckyNetworkS.r.l/E-Commerce - FOTO PRODOTTO 2019_2022_2023_2024_2025/KR/KR0142.jpg -> SKU KR0142 -> uid 41159686: OK
[338/1287] /Users/anna.nardi/Library/CloudStorage/OneDrive-Raccoltecondivise-DuckyNetworkS.r.l/E-Commerce - FOTO PRODOTTO 2019_2022_2023_2024_2025/KR/KR0143.jpg -> SKU KR0143 -> uid 41159687: OK
[339/1287] /Users/anna.nardi/Library/CloudStorage/OneDrive-Raccoltecondivise-DuckyNetworkS.r.l/E-Commerce - FOTO PRODOTTO 2019_2022_2023_2024_2025/KR/KR0144.jpg -> SKU KR0144 -> uid 41159688: OK
[340/1287] /Users/anna.nardi/Library/CloudStorage/OneDrive-Raccoltecondivise-DuckyNetworkS.r.l/E-Commerce - FOTO PRODOTTO 2019_2022_2023_2024_2025/KR/KR0145.jpg -> SKU KR0145 -> uid 41159689: OK
[341/1287] /Users/anna.nardi/Library/CloudStorage/OneDrive-Raccoltecondivise-DuckyNetworkS.r.l/E-Commerce - FOTO PRODOTTO 2019_2022_2023_2024_2025/KR/KR0148.jpg -> SKU KR0148 -> uid 41159692: OK
[342/1287] /Users/anna.nardi/Library/CloudStorage/OneDrive-Raccoltecondivise-DuckyNetworkS.r.l/E-Commerce - FOTO PRODOTTO 2019_2022_2023_2024_2025/KR/KR0149.jpg -> SKU KR0149 -> uid 41159693: OK
[343/1287] /Users/anna.nardi/Library/CloudStorage/OneDrive-Raccoltecondivise-DuckyNetworkS.r.l/E-Commerce - FOTO PRODOTTO 2019_2022_2023_2024_2025/KR/KR0150.jpg -> SKU KR0150 -> uid 41232111: OK
[344/1287] /Users/anna.nardi/Library/CloudStorage/OneDrive-Raccoltecondivise-DuckyNetworkS.r.l/E-Commerce - FOTO PRODOTTO 2019_2022_2023_2024_2025/KR/KR0151.jpg -> SKU KR0151 -> uid 41159694: OK
[345/1287] /Users/anna.nardi/Library/CloudStorage/OneDrive-Raccoltecondivise-DuckyNetworkS.r.l/E-Commerce - FOTO PRODOTTO 2019_2022_2023_2024_2025/KR/KR0152.jpg -> SKU KR0152 -> uid 41159695: OK
[346/1287] /Users/anna.nardi/Library/CloudStorage/OneDrive-Raccoltecondivise-DuckyNetworkS.r.l/E-Commerce - FOTO PRODOTTO 2019_2022_2023_2024_2025/KR/KR0153.jpg -> SKU KR0153 -> uid 41159696: OK
[347/1287] /Users/anna.nardi/Library/CloudStorage/OneDrive-Raccoltecondivise-DuckyNetworkS.r.l/E-Commerce - FOTO PRODOTTO 2019_2022_2023_2024_2025/KR/KR0165.jpg -> SKU KR0165 -> uid 41159700: OK
[348/1287] /Users/anna.nardi/Library/CloudStorage/OneDrive-Raccoltecondivise-DuckyNetworkS.r.l/E-Commerce - FOTO PRODOTTO 2019_2022_2023_2024_2025/KR/KR0166.jpg -> SKU KR0166 -> uid 41159701: OK
[349/1287] /Users/anna.nardi/Library/CloudStorage/OneDrive-Raccoltecondivise-DuckyNetworkS.r.l/E-Commerce - FOTO PRODOTTO 2019_2022_2023_2024_2025/KR/KR0167.jpg -> SKU KR0167 -> uid 41159702: OK
[350/1287] /Users/anna.nardi/Library/CloudStorage/OneDrive-Raccoltecondivise-DuckyNetworkS.r.l/E-Commerce - FOTO PRODOTTO 2019_2022_2023_2024_2025/KR/KR0168.jpg -> SKU KR0168 -> uid 41159703: OK
[351/1287] /Users/anna.nardi/Library/CloudStorage/OneDrive-Raccoltecondivise-DuckyNetworkS.r.l/E-Commerce - FOTO PRODOTTO 2019_2022_2023_2024_2025/KR/KR0169.jpg -> SKU KR0169 -> uid 41232113: OK
[352/1287] /Users/anna.nardi/Library/CloudStorage/OneDrive-Raccoltecondivise-DuckyNetworkS.r.l/E-Commerce - FOTO PRODOTTO 2019_2022_2023_2024_2025/KR/KR0171.jpg -> SKU KR0171 -> uid 41159705: OK
[353/1287] /Users/anna.nardi/Library/CloudStorage/OneDrive-Raccoltecondivise-DuckyNetworkS.r.l/E-Commerce - FOTO PRODOTTO 2019_2022_2023_2024_2025/KR/KR0180.jpg -> SKU KR0180 -> uid 41159707: OK
[354/1287] /Users/anna.nardi/Library/CloudStorage/OneDrive-Raccoltecondivise-DuckyNetworkS.r.l/E-Commerce - FOTO PRODOTTO 2019_2022_2023_2024_2025/KR/KR0181.jpg -> SKU KR0181 -> uid 41159708: OK
[355/1287] /Users/anna.nardi/Library/CloudStorage/OneDrive-Raccoltecondivise-DuckyNetworkS.r.l/E-Commerce - FOTO PRODOTTO 2019_2022_2023_2024_2025/KR/KR0184.jpg -> SKU KR0184 -> uid 41159711: OK
[356/1287] /Users/anna.nardi/Library/CloudStorage/OneDrive-Raccoltecondivise-DuckyNetworkS.r.l/E-Commerce - FOTO PRODOTTO 2019_2022_2023_2024_2025/KR/KR0194.jpg -> SKU KR0194 -> uid 41159713: OK
[357/1287] /Users/anna.nardi/Library/CloudStorage/OneDrive-Raccoltecondivise-DuckyNetworkS.r.l/E-Commerce - FOTO PRODOTTO 2019_2022_2023_2024_2025/KR/KR0195L.jpg -> SKU KR0195L -> uid 41159714: OK
[358/1287] /Users/anna.nardi/Library/CloudStorage/OneDrive-Raccoltecondivise-DuckyNetworkS.r.l/E-Commerce - FOTO PRODOTTO 2019_2022_2023_2024_2025/KR/KR0196.jpg -> SKU KR0196 -> uid 41159716: OK
[359/1287] /Users/anna.nardi/Library/CloudStorage/OneDrive-Raccoltecondivise-DuckyNetworkS.r.l/E-Commerce - FOTO PRODOTTO 2019_2022_2023_2024_2025/KR/KR0198.jpg -> SKU KR0198 -> uid 41159718: OK
[360/1287] /Users/anna.nardi/Library/CloudStorage/OneDrive-Raccoltecondivise-DuckyNetworkS.r.l/E-Commerce - FOTO PRODOTTO 2019_2022_2023_2024_2025/KR/KR0199.jpg -> SKU KR0199 -> uid 41159719: OK
[361/1287] /Users/anna.nardi/Library/CloudStorage/OneDrive-Raccoltecondivise-DuckyNetworkS.r.l/E-Commerce - FOTO PRODOTTO 2019_2022_2023_2024_2025/KR/KR0200.jpg -> SKU KR0200 -> uid 41159720: OK
[362/1287] /Users/anna.nardi/Library/CloudStorage/OneDrive-Raccoltecondivise-DuckyNetworkS.r.l/E-Commerce - FOTO PRODOTTO 2019_2022_2023_2024_2025/KR/KR0207.jpg -> SKU KR0207 -> uid 41159725: OK
[363/1287] /Users/anna.nardi/Library/CloudStorage/OneDrive-Raccoltecondivise-DuckyNetworkS.r.l/E-Commerce - FOTO PRODOTTO 2019_2022_2023_2024_2025/KR/KR0208.jpg -> SKU KR0208 -> uid 41159726: OK
[364/1287] /Users/anna.nardi/Library/CloudStorage/OneDrive-Raccoltecondivise-DuckyNetworkS.r.l/E-Commerce - FOTO PRODOTTO 2019_2022_2023_2024_2025/KR/KR0214.jpg -> SKU KR0214 -> uid 41159728: OK
[365/1287] /Users/anna.nardi/Library/CloudStorage/OneDrive-Raccoltecondivise-DuckyNetworkS.r.l/E-Commerce - FOTO PRODOTTO 2019_2022_2023_2024_2025/DISCHI/R-FLO/KT02FID.jpg -> SKU KT02FID -> uid 41159788: OK
[366/1287] /Users/anna.nardi/Library/CloudStorage/OneDrive-Raccoltecondivise-DuckyNetworkS.r.l/E-Commerce - FOTO PRODOTTO 2019_2022_2023_2024_2025/DISCHI/R-FLO/KT03FL.jpg -> SKU KT03FL -> uid 41227064: OK
[367/1287] /Users/anna.nardi/Library/CloudStorage/OneDrive-Raccoltecondivise-DuckyNetworkS.r.l/E-Commerce - FOTO PRODOTTO 2019_2022_2023_2024_2025/DISCHI/R-FLO/KT03FLD.jpg -> SKU KT03FLD -> uid 41159789: OK
[368/1287] /Users/anna.nardi/Library/CloudStorage/OneDrive-Raccoltecondivise-DuckyNetworkS.r.l/E-Commerce - FOTO PRODOTTO 2019_2022_2023_2024_2025/DISCHI/R-FLO/KT06FID.jpg -> SKU KT06FID -> uid 41159790: OK
[369/1287] /Users/anna.nardi/Library/CloudStorage/OneDrive-Raccoltecondivise-DuckyNetworkS.r.l/E-Commerce - FOTO PRODOTTO 2019_2022_2023_2024_2025/DISCHI/R-FLO/KT06RID.jpg -> SKU KT06RID -> uid 41159791: OK
[370/1287] /Users/anna.nardi/Library/CloudStorage/OneDrive-Raccoltecondivise-DuckyNetworkS.r.l/E-Commerce - FOTO PRODOTTO 2019_2022_2023_2024_2025/DISCHI/R-FLO/KT07FID.jpg -> SKU KT07FID -> uid 41159792: OK
[371/1287] /Users/anna.nardi/Library/CloudStorage/OneDrive-Raccoltecondivise-DuckyNetworkS.r.l/E-Commerce - FOTO PRODOTTO 2019_2022_2023_2024_2025/DISCHI/R-FLO/KT07RID.jpg -> SKU KT07RID -> uid 41159793: OK
[372/1287] /Users/anna.nardi/Library/CloudStorage/OneDrive-Raccoltecondivise-DuckyNetworkS.r.l/E-Commerce - FOTO PRODOTTO 2019_2022_2023_2024_2025/DISCHI/R-FLO/KT08FLD.jpg -> SKU KT08FLD -> uid 41159794: OK
[373/1287] /Users/anna.nardi/Library/CloudStorage/OneDrive-Raccoltecondivise-DuckyNetworkS.r.l/E-Commerce - FOTO PRODOTTO 2019_2022_2023_2024_2025/DISCHI/R-FLO/KT09RID.jpg -> SKU KT09RID -> uid 41159795: OK
[374/1287] /Users/anna.nardi/Library/CloudStorage/OneDrive-Raccoltecondivise-DuckyNetworkS.r.l/E-Commerce - FOTO PRODOTTO 2019_2022_2023_2024_2025/DISCHI/R-FLO/KT10RID.jpg -> SKU KT10RID -> uid 41159796: OK
[375/1287] /Users/anna.nardi/Library/CloudStorage/OneDrive-Raccoltecondivise-DuckyNetworkS.r.l/E-Commerce - FOTO PRODOTTO 2019_2022_2023_2024_2025/DISCHI/R-FLO/KT11RI.JPG -> SKU KT11RI -> uid 41159797: OK
[376/1287] /Users/anna.nardi/Library/CloudStorage/OneDrive-Raccoltecondivise-DuckyNetworkS.r.l/E-Commerce - FOTO PRODOTTO 2019_2022_2023_2024_2025/DISCHI/R-FLO/KT11RID.jpg -> SKU KT11RID -> uid 41159798: OK
[377/1287] /Users/anna.nardi/Library/CloudStorage/OneDrive-Raccoltecondivise-DuckyNetworkS.r.l/E-Commerce - FOTO PRODOTTO 2019_2022_2023_2024_2025/DISCHI/W-FIX/KW01FID.jpg -> SKU KW01FID -> uid 41159799: OK
[378/1287] /Users/anna.nardi/Library/CloudStorage/OneDrive-Raccoltecondivise-DuckyNetworkS.r.l/E-Commerce - FOTO PRODOTTO 2019_2022_2023_2024_2025/DISCHI/W-FIX/KW01RID.jpg -> SKU KW01RID -> uid 41159800: OK
[379/1287] /Users/anna.nardi/Library/CloudStorage/OneDrive-Raccoltecondivise-DuckyNetworkS.r.l/E-Commerce - FOTO PRODOTTO 2019_2022_2023_2024_2025/DISCHI/R-FIX/KW02FI.jpg -> SKU KW02FI -> uid 41159801: OK
[380/1287] /Users/anna.nardi/Library/CloudStorage/OneDrive-Raccoltecondivise-DuckyNetworkS.r.l/E-Commerce - FOTO PRODOTTO 2019_2022_2023_2024_2025/DISCHI/W-FIX/KW04RID.jpg -> SKU KW04RID -> uid 41159802: OK
[381/1287] /Users/anna.nardi/Library/CloudStorage/OneDrive-Raccoltecondivise-DuckyNetworkS.r.l/E-Commerce - FOTO PRODOTTO 2019_2022_2023_2024_2025/DISCHI/R-FIX/KW07FI.jpg -> SKU KW07FI -> uid 41159803: OK
[382/1287] /Users/anna.nardi/Library/CloudStorage/OneDrive-Raccoltecondivise-DuckyNetworkS.r.l/E-Commerce - FOTO PRODOTTO 2019_2022_2023_2024_2025/DISCHI/W-FIX/KW13FID.jpg -> SKU KW13FID -> uid 41159804: OK
[383/1287] /Users/anna.nardi/Library/CloudStorage/OneDrive-Raccoltecondivise-DuckyNetworkS.r.l/E-Commerce - FOTO PRODOTTO 2019_2022_2023_2024_2025/DISCHI/W-FIX/KW15RID.jpg -> SKU KW15RID -> uid 41159805: OK
[384/1287] /Users/anna.nardi/Library/CloudStorage/OneDrive-Raccoltecondivise-DuckyNetworkS.r.l/E-Commerce - FOTO PRODOTTO 2019_2022_2023_2024_2025/DISCHI/R-FIX/KW16RI.jpg -> SKU KW16RI -> uid 41159806: OK
[385/1287] /Users/anna.nardi/Library/CloudStorage/OneDrive-Raccoltecondivise-DuckyNetworkS.r.l/E-Commerce - FOTO PRODOTTO 2019_2022_2023_2024_2025/DISCHI/W-FIX/KW18FID.JPG -> SKU KW18FID -> uid 41159807: OK
[386/1287] /Users/anna.nardi/Library/CloudStorage/OneDrive-Raccoltecondivise-DuckyNetworkS.r.l/E-Commerce - FOTO PRODOTTO 2019_2022_2023_2024_2025/DISCHI/W-FIX/KW18RID.jpg -> SKU KW18RID -> uid 41159808: OK
[387/1287] /Users/anna.nardi/Library/CloudStorage/OneDrive-Raccoltecondivise-DuckyNetworkS.r.l/E-Commerce - FOTO PRODOTTO 2019_2022_2023_2024_2025/DISCHI/R-FIX/KW30RI.jpg -> SKU KW30RI -> uid 41159809: OK
[388/1287] /Users/anna.nardi/Library/CloudStorage/OneDrive-Raccoltecondivise-DuckyNetworkS.r.l/E-Commerce - FOTO PRODOTTO 2019_2022_2023_2024_2025/DISCHI/W-FIX/KW30RID.jpg -> SKU KW30RID -> uid 41159810: OK
[389/1287] /Users/anna.nardi/Library/CloudStorage/OneDrive-Raccoltecondivise-DuckyNetworkS.r.l/E-Commerce - FOTO PRODOTTO 2019_2022_2023_2024_2025/DISCHI/W-FIX/KW32RID.jpg -> SKU KW32RID -> uid 41159811: OK
[390/1287] /Users/anna.nardi/Library/CloudStorage/OneDrive-Raccoltecondivise-DuckyNetworkS.r.l/E-Commerce - FOTO PRODOTTO 2019_2022_2023_2024_2025/DISCHI/W-FIX/KW34RID.jpg -> SKU KW34RID -> uid 41159812: OK
[391/1287] /Users/anna.nardi/Library/CloudStorage/OneDrive-Raccoltecondivise-DuckyNetworkS.r.l/E-Commerce - FOTO PRODOTTO 2019_2022_2023_2024_2025/DISCHI/W-FIX/KW35FID.jpg -> SKU KW35FID -> uid 41159813: OK
[392/1287] /Users/anna.nardi/Library/CloudStorage/OneDrive-Raccoltecondivise-DuckyNetworkS.r.l/E-Commerce - FOTO PRODOTTO 2019_2022_2023_2024_2025/DISCHI/W-FIX/KW36RID.jpg -> SKU KW36RID -> uid 41159814: OK
[393/1287] /Users/anna.nardi/Library/CloudStorage/OneDrive-Raccoltecondivise-DuckyNetworkS.r.l/E-Commerce - FOTO PRODOTTO 2019_2022_2023_2024_2025/DISCHI/W-FIX/KW38RID.jpg -> SKU KW38RID -> uid 41159815: OK
[394/1287] /Users/anna.nardi/Library/CloudStorage/OneDrive-Raccoltecondivise-DuckyNetworkS.r.l/E-Commerce - FOTO PRODOTTO 2019_2022_2023_2024_2025/DISCHI/W-FIX/KW39FID.jpg -> SKU KW39FID -> uid 41159816: OK
[395/1287] /Users/anna.nardi/Library/CloudStorage/OneDrive-Raccoltecondivise-DuckyNetworkS.r.l/E-Commerce - FOTO PRODOTTO 2019_2022_2023_2024_2025/DISCHI/W-FIX/KW40RID.jpg -> SKU KW40RID -> uid 41159817: OK
[396/1287] /Users/anna.nardi/Library/CloudStorage/OneDrive-Raccoltecondivise-DuckyNetworkS.r.l/E-Commerce - FOTO PRODOTTO 2019_2022_2023_2024_2025/DISCHI/W-FIX/KW41RID.jpg -> SKU KW41RID -> uid 41159818: OK
[397/1287] /Users/anna.nardi/Library/CloudStorage/OneDrive-Raccoltecondivise-DuckyNetworkS.r.l/E-Commerce - FOTO PRODOTTO 2019_2022_2023_2024_2025/DISCHI/R-FIX/MA03FI.jpg -> SKU MA03FI -> uid 41159821: OK
[398/1287] /Users/anna.nardi/Library/CloudStorage/OneDrive-Raccoltecondivise-DuckyNetworkS.r.l/E-Commerce - FOTO PRODOTTO 2019_2022_2023_2024_2025/DISCHI/R-FIX/MA04FI.jpg -> SKU MA04FI -> uid 41159822: OK
[399/1287] /Users/anna.nardi/Library/CloudStorage/OneDrive-Raccoltecondivise-DuckyNetworkS.r.l/E-Commerce - FOTO PRODOTTO 2019_2022_2023_2024_2025/DISCHI/W-FIX/MA04FID.jpg -> SKU MA04FID -> uid 41159823: OK
[400/1287] /Users/anna.nardi/Library/CloudStorage/OneDrive-Raccoltecondivise-DuckyNetworkS.r.l/E-Commerce - FOTO PRODOTTO 2019_2022_2023_2024_2025/DISCHI/R-FIX/MB02FI.jpg -> SKU MB02FI -> uid 41159824: OK
[401/1287] /Users/anna.nardi/Library/CloudStorage/OneDrive-Raccoltecondivise-DuckyNetworkS.r.l/E-Commerce - FOTO PRODOTTO 2019_2022_2023_2024_2025/DISCHI/W-FIX/MB02FID.jpg -> SKU MB02FID -> uid 41159825: OK
[402/1287] /Users/anna.nardi/Library/CloudStorage/OneDrive-Raccoltecondivise-DuckyNetworkS.r.l/E-Commerce - FOTO PRODOTTO 2019_2022_2023_2024_2025/DISCHI/R-FIX/MB03FI.jpg -> SKU MB03FI -> uid 41159826: OK
[403/1287] /Users/anna.nardi/Library/CloudStorage/OneDrive-Raccoltecondivise-DuckyNetworkS.r.l/E-Commerce - FOTO PRODOTTO 2019_2022_2023_2024_2025/DISCHI/W-FIX/MB03FID.jpg -> SKU MB03FID -> uid 41159827: OK
[404/1287] /Users/anna.nardi/Library/CloudStorage/OneDrive-Raccoltecondivise-DuckyNetworkS.r.l/E-Commerce - FOTO PRODOTTO 2019_2022_2023_2024_2025/DISCHI/W-FIX/MB04FID.jpg -> SKU MB04FID -> uid 41159828: OK
[405/1287] /Users/anna.nardi/Library/CloudStorage/OneDrive-Raccoltecondivise-DuckyNetworkS.r.l/E-Commerce - FOTO PRODOTTO 2019_2022_2023_2024_2025/DISCHI/W-FIX/MB04RID.jpg -> SKU MB04RID -> uid 41159829: OK
[406/1287] /Users/anna.nardi/Library/CloudStorage/OneDrive-Raccoltecondivise-DuckyNetworkS.r.l/E-Commerce - FOTO PRODOTTO 2019_2022_2023_2024_2025/POMPE/Master Cilynder/MC3601.jpg -> SKU MC3601 -> uid 41159837: OK
[407/1287] /Users/anna.nardi/Library/CloudStorage/OneDrive-Raccoltecondivise-DuckyNetworkS.r.l/E-Commerce - FOTO PRODOTTO 2019_2022_2023_2024_2025/POMPE/Master Cilynder/MC6601.jpg -> SKU MC6601 -> uid 41159838: OK
[408/1287] /Users/anna.nardi/Library/CloudStorage/OneDrive-Raccoltecondivise-DuckyNetworkS.r.l/E-Commerce - FOTO PRODOTTO 2019_2022_2023_2024_2025/POMPE/Master Cilynder/MC6603.jpg -> SKU MC6603 -> uid 41159839: OK
[409/1287] /Users/anna.nardi/Library/CloudStorage/OneDrive-Raccoltecondivise-DuckyNetworkS.r.l/E-Commerce - FOTO PRODOTTO 2019_2022_2023_2024_2025/POMPE/Master Cilynder/MC9601.jpg -> SKU MC9601 -> uid 41159840: OK
[410/1287] /Users/anna.nardi/Library/CloudStorage/OneDrive-Raccoltecondivise-DuckyNetworkS.r.l/E-Commerce - FOTO PRODOTTO 2019_2022_2023_2024_2025/POMPE/Master Cilynder/MC9603.jpg -> SKU MC9603 -> uid 41159841: OK
[411/1287] /Users/anna.nardi/Library/CloudStorage/OneDrive-Raccoltecondivise-DuckyNetworkS.r.l/E-Commerce - FOTO PRODOTTO 2019_2022_2023_2024_2025/DISCHI/R-FIX/MV01RID.jpg -> SKU MV01RID -> uid 41159846: OK
[412/1287] /Users/anna.nardi/Library/CloudStorage/OneDrive-Raccoltecondivise-DuckyNetworkS.r.l/E-Commerce - FOTO PRODOTTO 2019_2022_2023_2024_2025/KIT/Kit/OKBY18E.jpg -> SKU OKBY18E -> uid 41159849: OK
[413/1287] /Users/anna.nardi/Library/CloudStorage/OneDrive-Raccoltecondivise-DuckyNetworkS.r.l/E-Commerce - FOTO PRODOTTO 2019_2022_2023_2024_2025/KIT/Kit/OKBY19E.jpg -> SKU OKBY19E -> uid 41159850: OK
[414/1287] /Users/anna.nardi/Library/CloudStorage/OneDrive-Raccoltecondivise-DuckyNetworkS.r.l/E-Commerce - FOTO PRODOTTO 2019_2022_2023_2024_2025/KIT/Kit/OKBY20E.jpg -> SKU OKBY20E -> uid 41159851: OK
[415/1287] /Users/anna.nardi/Library/CloudStorage/OneDrive-Raccoltecondivise-DuckyNetworkS.r.l/E-Commerce - FOTO PRODOTTO 2019_2022_2023_2024_2025/KIT/Kit/OKBY21.jpg -> SKU OKBY21 -> uid 41159852: OK
[416/1287] /Users/anna.nardi/Library/CloudStorage/OneDrive-Raccoltecondivise-DuckyNetworkS.r.l/E-Commerce - FOTO PRODOTTO 2019_2022_2023_2024_2025/KIT/Kit/OKBY21E.jpg -> SKU OKBY21E -> uid 41232128: OK
[417/1287] /Users/anna.nardi/Library/CloudStorage/OneDrive-Raccoltecondivise-DuckyNetworkS.r.l/E-Commerce - FOTO PRODOTTO 2019_2022_2023_2024_2025/KIT/Kit/OKBY22E.jpg -> SKU OKBY22E -> uid 41159853: OK
[418/1287] /Users/anna.nardi/Library/CloudStorage/OneDrive-Raccoltecondivise-DuckyNetworkS.r.l/E-Commerce - FOTO PRODOTTO 2019_2022_2023_2024_2025/KIT/Kit/OKBY23E.jpg -> SKU OKBY23E -> uid 41159854: OK
[419/1287] /Users/anna.nardi/Library/CloudStorage/OneDrive-Raccoltecondivise-DuckyNetworkS.r.l/E-Commerce - FOTO PRODOTTO 2019_2022_2023_2024_2025/KIT/Kit/OKBY24E.jpg -> SKU OKBY24E -> uid 41232129: OK
[420/1287] /Users/anna.nardi/Library/CloudStorage/OneDrive-Raccoltecondivise-DuckyNetworkS.r.l/E-Commerce - FOTO PRODOTTO 2019_2022_2023_2024_2025/KIT/Kit/OKBY25E.jpg -> SKU OKBY25E -> uid 41159855: OK
[421/1287] /Users/anna.nardi/Library/CloudStorage/OneDrive-Raccoltecondivise-DuckyNetworkS.r.l/E-Commerce - FOTO PRODOTTO 2019_2022_2023_2024_2025/KIT/Kit/OKBY26E.jpg -> SKU OKBY26E -> uid 41232130: OK
[422/1287] /Users/anna.nardi/Library/CloudStorage/OneDrive-Raccoltecondivise-DuckyNetworkS.r.l/E-Commerce - FOTO PRODOTTO 2019_2022_2023_2024_2025/KIT/Kit/OKBY27E.jpg -> SKU OKBY27E -> uid 41232131: OK
[423/1287] /Users/anna.nardi/Library/CloudStorage/OneDrive-Raccoltecondivise-DuckyNetworkS.r.l/E-Commerce - FOTO PRODOTTO 2019_2022_2023_2024_2025/KIT/Kit/OKBY28E.jpg -> SKU OKBY28E -> uid 41159856: OK
[424/1287] /Users/anna.nardi/Library/CloudStorage/OneDrive-Raccoltecondivise-DuckyNetworkS.r.l/E-Commerce - FOTO PRODOTTO 2019_2022_2023_2024_2025/KIT/Kit/OKBY29E.jpg -> SKU OKBY29E -> uid 41159857: OK
[425/1287] /Users/anna.nardi/Library/CloudStorage/OneDrive-Raccoltecondivise-DuckyNetworkS.r.l/E-Commerce - FOTO PRODOTTO 2019_2022_2023_2024_2025/KIT/Kit/OKBY30E.jpg -> SKU OKBY30E -> uid 41159858: OK
[426/1287] /Users/anna.nardi/Library/CloudStorage/OneDrive-Raccoltecondivise-DuckyNetworkS.r.l/E-Commerce - FOTO PRODOTTO 2019_2022_2023_2024_2025/KIT/Kit/OKBY31E.jpg -> SKU OKBY31E -> uid 41159859: OK
[427/1287] /Users/anna.nardi/Library/CloudStorage/OneDrive-Raccoltecondivise-DuckyNetworkS.r.l/E-Commerce - FOTO PRODOTTO 2019_2022_2023_2024_2025/KIT/Kit/OKBY32E.jpg -> SKU OKBY32E -> uid 41159860: OK
[428/1287] /Users/anna.nardi/Library/CloudStorage/OneDrive-Raccoltecondivise-DuckyNetworkS.r.l/E-Commerce - FOTO PRODOTTO 2019_2022_2023_2024_2025/KIT/Kit/OKBY33E.jpg -> SKU OKBY33E -> uid 41159861: OK
[429/1287] /Users/anna.nardi/Library/CloudStorage/OneDrive-Raccoltecondivise-DuckyNetworkS.r.l/E-Commerce - FOTO PRODOTTO 2019_2022_2023_2024_2025/KIT/Kit/OKBY34E.jpg -> SKU OKBY34E -> uid 41159862: OK
[430/1287] /Users/anna.nardi/Library/CloudStorage/OneDrive-Raccoltecondivise-DuckyNetworkS.r.l/E-Commerce - FOTO PRODOTTO 2019_2022_2023_2024_2025/KIT/Kit/OKBY35E.jpg -> SKU OKBY35E -> uid 41159863: OK
[431/1287] /Users/anna.nardi/Library/CloudStorage/OneDrive-Raccoltecondivise-DuckyNetworkS.r.l/E-Commerce - FOTO PRODOTTO 2019_2022_2023_2024_2025/KIT/Kit/OKBY36E.jpg -> SKU OKBY36E -> uid 41159864: OK
[432/1287] /Users/anna.nardi/Library/CloudStorage/OneDrive-Raccoltecondivise-DuckyNetworkS.r.l/E-Commerce - FOTO PRODOTTO 2019_2022_2023_2024_2025/KIT/Kit/OKI64.jpg -> SKU OKI64 -> uid 41159865: OK
[433/1287] /Users/anna.nardi/Library/CloudStorage/OneDrive-Raccoltecondivise-DuckyNetworkS.r.l/E-Commerce - FOTO PRODOTTO 2019_2022_2023_2024_2025/KIT/Kit/OKI80.jpg -> SKU OKI80 -> uid 41159866: OK
[434/1287] /Users/anna.nardi/Library/CloudStorage/OneDrive-Raccoltecondivise-DuckyNetworkS.r.l/E-Commerce - FOTO PRODOTTO 2019_2022_2023_2024_2025/KIT/Kit/OKI87.jpg -> SKU OKI87 -> uid 41159867: OK
[435/1287] /Users/anna.nardi/Library/CloudStorage/OneDrive-Raccoltecondivise-DuckyNetworkS.r.l/E-Commerce - FOTO PRODOTTO 2019_2022_2023_2024_2025/KIT/Kit/OKI89.jpg -> SKU OKI89 -> uid 41159868: OK
[436/1287] /Users/anna.nardi/Library/CloudStorage/OneDrive-Raccoltecondivise-DuckyNetworkS.r.l/E-Commerce - FOTO PRODOTTO 2019_2022_2023_2024_2025/KIT/Kit/OKRH01.jpg -> SKU OKRH01 -> uid 41159871: OK
[437/1287] /Users/anna.nardi/Library/CloudStorage/OneDrive-Raccoltecondivise-DuckyNetworkS.r.l/E-Commerce - FOTO PRODOTTO 2019_2022_2023_2024_2025/KIT/Kit/OKS301.jpg -> SKU OKS301 -> uid 41159874: OK
[438/1287] /Users/anna.nardi/Library/CloudStorage/OneDrive-Raccoltecondivise-DuckyNetworkS.r.l/E-Commerce - FOTO PRODOTTO 2019_2022_2023_2024_2025/KIT/Kit/OKS305.jpg -> SKU OKS305 -> uid 41159875: OK
[439/1287] /Users/anna.nardi/Library/CloudStorage/OneDrive-Raccoltecondivise-DuckyNetworkS.r.l/E-Commerce - FOTO PRODOTTO 2019_2022_2023_2024_2025/KIT/Kit/OKS307.jpg -> SKU OKS307 -> uid 41159876: OK
[440/1287] /Users/anna.nardi/Library/CloudStorage/OneDrive-Raccoltecondivise-DuckyNetworkS.r.l/E-Commerce - FOTO PRODOTTO 2019_2022_2023_2024_2025/KIT/Kit/OKS308.jpg -> SKU OKS308 -> uid 41159877: OK
[441/1287] /Users/anna.nardi/Library/CloudStorage/OneDrive-Raccoltecondivise-DuckyNetworkS.r.l/E-Commerce - FOTO PRODOTTO 2019_2022_2023_2024_2025/KIT/Kit/OKS309.jpg -> SKU OKS309 -> uid 41159878: OK
[442/1287] /Users/anna.nardi/Library/CloudStorage/OneDrive-Raccoltecondivise-DuckyNetworkS.r.l/E-Commerce - FOTO PRODOTTO 2019_2022_2023_2024_2025/KIT/Kit/OKS311.jpg -> SKU OKS311 -> uid 41159879: OK
[443/1287] /Users/anna.nardi/Library/CloudStorage/OneDrive-Raccoltecondivise-DuckyNetworkS.r.l/E-Commerce - FOTO PRODOTTO 2019_2022_2023_2024_2025/KIT/Kit/OKWH01.jpg -> SKU OKWH01 -> uid 41232132: OK
[444/1287] /Users/anna.nardi/Library/CloudStorage/OneDrive-Raccoltecondivise-DuckyNetworkS.r.l/E-Commerce - FOTO PRODOTTO 2019_2022_2023_2024_2025/KIT/Kit/OKWK01.jpg -> SKU OKWK01 -> uid 41159881: OK
[445/1287] /Users/anna.nardi/Library/CloudStorage/OneDrive-Raccoltecondivise-DuckyNetworkS.r.l/E-Commerce - FOTO PRODOTTO 2019_2022_2023_2024_2025/KIT/Kit/OKWK02.jpg -> SKU OKWK02 -> uid 41159882: OK
[446/1287] /Users/anna.nardi/Library/CloudStorage/OneDrive-Raccoltecondivise-DuckyNetworkS.r.l/E-Commerce - FOTO PRODOTTO 2019_2022_2023_2024_2025/KIT/Kit/OKWK04.jpg -> SKU OKWK04 -> uid 41159884: OK
[447/1287] /Users/anna.nardi/Library/CloudStorage/OneDrive-Raccoltecondivise-DuckyNetworkS.r.l/E-Commerce - FOTO PRODOTTO 2019_2022_2023_2024_2025/KIT/Kit/OKWK05.jpg -> SKU OKWK05 -> uid 41159885: OK
[448/1287] /Users/anna.nardi/Library/CloudStorage/OneDrive-Raccoltecondivise-DuckyNetworkS.r.l/E-Commerce - FOTO PRODOTTO 2019_2022_2023_2024_2025/KIT/Kit/OKWK06.jpg -> SKU OKWK06 -> uid 41159886: OK
[449/1287] /Users/anna.nardi/Library/CloudStorage/OneDrive-Raccoltecondivise-DuckyNetworkS.r.l/E-Commerce - FOTO PRODOTTO 2019_2022_2023_2024_2025/KIT/Kit/OKWK07.jpg -> SKU OKWK07 -> uid 41159887: OK
[450/1287] /Users/anna.nardi/Library/CloudStorage/OneDrive-Raccoltecondivise-DuckyNetworkS.r.l/E-Commerce - FOTO PRODOTTO 2019_2022_2023_2024_2025/KIT/Kit/OKWK08.jpg -> SKU OKWK08 -> uid 41159888: OK
[451/1287] /Users/anna.nardi/Library/CloudStorage/OneDrive-Raccoltecondivise-DuckyNetworkS.r.l/E-Commerce - FOTO PRODOTTO 2019_2022_2023_2024_2025/KIT/Kit/OKWK09.jpg -> SKU OKWK09 -> uid 41159889: OK
[452/1287] /Users/anna.nardi/Library/CloudStorage/OneDrive-Raccoltecondivise-DuckyNetworkS.r.l/E-Commerce - FOTO PRODOTTO 2019_2022_2023_2024_2025/KIT/Kit/OKWK10.jpg -> SKU OKWK10 -> uid 41159890: OK
[453/1287] /Users/anna.nardi/Library/CloudStorage/OneDrive-Raccoltecondivise-DuckyNetworkS.r.l/E-Commerce - FOTO PRODOTTO 2019_2022_2023_2024_2025/KIT/Kit/OKWK11.jpg -> SKU OKWK11 -> uid 41159891: OK
[454/1287] /Users/anna.nardi/Library/CloudStorage/OneDrive-Raccoltecondivise-DuckyNetworkS.r.l/E-Commerce - FOTO PRODOTTO 2019_2022_2023_2024_2025/KIT/Kit/OKWK12.jpg -> SKU OKWK12 -> uid 41159892: OK
[455/1287] /Users/anna.nardi/Library/CloudStorage/OneDrive-Raccoltecondivise-DuckyNetworkS.r.l/E-Commerce - FOTO PRODOTTO 2019_2022_2023_2024_2025/KIT/Kit/OKWL01.jpg -> SKU OKWL01 -> uid 41159894: OK
[456/1287] /Users/anna.nardi/Library/CloudStorage/OneDrive-Raccoltecondivise-DuckyNetworkS.r.l/E-Commerce - FOTO PRODOTTO 2019_2022_2023_2024_2025/KIT/Kit/OKWL03.jpg -> SKU OKWL03 -> uid 41232133: OK
[457/1287] /Users/anna.nardi/Library/CloudStorage/OneDrive-Raccoltecondivise-DuckyNetworkS.r.l/E-Commerce - FOTO PRODOTTO 2019_2022_2023_2024_2025/KIT/Kit/OKWL04.jpg -> SKU OKWL04 -> uid 41227088: OK
[458/1287] /Users/anna.nardi/Library/CloudStorage/OneDrive-Raccoltecondivise-DuckyNetworkS.r.l/E-Commerce - FOTO PRODOTTO 2019_2022_2023_2024_2025/KIT/Kit/OKWL06.jpg -> SKU OKWL06 -> uid 41159895: OK
[459/1287] /Users/anna.nardi/Library/CloudStorage/OneDrive-Raccoltecondivise-DuckyNetworkS.r.l/E-Commerce - FOTO PRODOTTO 2019_2022_2023_2024_2025/KIT/Kit/OKWL07.jpg -> SKU OKWL07 -> uid 41159896: OK
[460/1287] /Users/anna.nardi/Library/CloudStorage/OneDrive-Raccoltecondivise-DuckyNetworkS.r.l/E-Commerce - FOTO PRODOTTO 2019_2022_2023_2024_2025/KIT/Kit/OKWL08.jpg -> SKU OKWL08 -> uid 41159897: OK
[461/1287] /Users/anna.nardi/Library/CloudStorage/OneDrive-Raccoltecondivise-DuckyNetworkS.r.l/E-Commerce - FOTO PRODOTTO 2019_2022_2023_2024_2025/KIT/Kit/OKWL12.jpg -> SKU OKWL12 -> uid 41159898: OK
[462/1287] /Users/anna.nardi/Library/CloudStorage/OneDrive-Raccoltecondivise-DuckyNetworkS.r.l/E-Commerce - FOTO PRODOTTO 2019_2022_2023_2024_2025/KIT/Kit/OKWL14.jpg -> SKU OKWL14 -> uid 41159899: OK
[463/1287] /Users/anna.nardi/Library/CloudStorage/OneDrive-Raccoltecondivise-DuckyNetworkS.r.l/E-Commerce - FOTO PRODOTTO 2019_2022_2023_2024_2025/KIT/Kit/OKWL15.jpg -> SKU OKWL15 -> uid 41159900: OK
[464/1287] /Users/anna.nardi/Library/CloudStorage/OneDrive-Raccoltecondivise-DuckyNetworkS.r.l/E-Commerce - FOTO PRODOTTO 2019_2022_2023_2024_2025/PASTIGLIE/P1R/P1R786.jpg -> SKU P1R786 -> uid 41159901: OK
[465/1287] /Users/anna.nardi/Library/CloudStorage/OneDrive-Raccoltecondivise-DuckyNetworkS.r.l/E-Commerce - FOTO PRODOTTO 2019_2022_2023_2024_2025/PASTIGLIE/P1R/P1R898.jpg -> SKU P1R898 -> uid 41159902: OK
[466/1287] /Users/anna.nardi/Library/CloudStorage/OneDrive-Raccoltecondivise-DuckyNetworkS.r.l/E-Commerce - FOTO PRODOTTO 2019_2022_2023_2024_2025/PASTIGLIE/P1R/P1R899.jpg -> SKU P1R899 -> uid 41159903: OK
[467/1287] /Users/anna.nardi/Library/CloudStorage/OneDrive-Raccoltecondivise-DuckyNetworkS.r.l/E-Commerce - FOTO PRODOTTO 2019_2022_2023_2024_2025/PASTIGLIE/P1R/P1R927.jpg -> SKU P1R927 -> uid 41159904: OK
[468/1287] /Users/anna.nardi/Library/CloudStorage/OneDrive-Raccoltecondivise-DuckyNetworkS.r.l/E-Commerce - FOTO PRODOTTO 2019_2022_2023_2024_2025/PASTIGLIE/P1R/P1R928.jpg -> SKU P1R928 -> uid 41159905: OK
[469/1287] /Users/anna.nardi/Library/CloudStorage/OneDrive-Raccoltecondivise-DuckyNetworkS.r.l/E-Commerce - FOTO PRODOTTO 2019_2022_2023_2024_2025/PASTIGLIE/P1R/P1R930.jpg -> SKU P1R930 -> uid 41159906: OK
[470/1287] /Users/anna.nardi/Library/CloudStorage/OneDrive-Raccoltecondivise-DuckyNetworkS.r.l/E-Commerce - FOTO PRODOTTO 2019_2022_2023_2024_2025/PASTIGLIE/P1R/P1R947.jpg -> SKU P1R947 -> uid 41159907: OK
[471/1287] /Users/anna.nardi/Library/CloudStorage/OneDrive-Raccoltecondivise-DuckyNetworkS.r.l/E-Commerce - FOTO PRODOTTO 2019_2022_2023_2024_2025/PASTIGLIE/P2R/P2R223.jpg -> SKU P2R223 -> uid 41159999: OK
[472/1287] /Users/anna.nardi/Library/CloudStorage/OneDrive-Raccoltecondivise-DuckyNetworkS.r.l/E-Commerce - FOTO PRODOTTO 2019_2022_2023_2024_2025/PASTIGLIE/P2R/P2R224.jpg -> SKU P2R224 -> uid 41160000: OK
[473/1287] /Users/anna.nardi/Library/CloudStorage/OneDrive-Raccoltecondivise-DuckyNetworkS.r.l/E-Commerce - FOTO PRODOTTO 2019_2022_2023_2024_2025/PASTIGLIE/P2R/P2R776.jpg -> SKU P2R776 -> uid 41160001: OK
[474/1287] /Users/anna.nardi/Library/CloudStorage/OneDrive-Raccoltecondivise-DuckyNetworkS.r.l/E-Commerce - FOTO PRODOTTO 2019_2022_2023_2024_2025/PASTIGLIE/P2R/P2R960.jpg -> SKU P2R960 -> uid 41160002: OK
[475/1287] /Users/anna.nardi/Library/CloudStorage/OneDrive-Raccoltecondivise-DuckyNetworkS.r.l/E-Commerce - FOTO PRODOTTO 2019_2022_2023_2024_2025/PASTIGLIE/P2R/P2R978.jpg -> SKU P2R978 -> uid 41160003: OK
[476/1287] /Users/anna.nardi/Library/CloudStorage/OneDrive-Raccoltecondivise-DuckyNetworkS.r.l/E-Commerce - FOTO PRODOTTO 2019_2022_2023_2024_2025/PASTIGLIE/P2R/P2R994.jpg -> SKU P2R994 -> uid 41160004: OK
[477/1287] /Users/anna.nardi/Library/CloudStorage/OneDrive-Raccoltecondivise-DuckyNetworkS.r.l/E-Commerce - FOTO PRODOTTO 2019_2022_2023_2024_2025/PASTIGLIE/P30/P30653.jpg -> SKU P30653 -> uid 41160007: OK
[478/1287] /Users/anna.nardi/Library/CloudStorage/OneDrive-Raccoltecondivise-DuckyNetworkS.r.l/E-Commerce - FOTO PRODOTTO 2019_2022_2023_2024_2025/PASTIGLIE/P30/P30667.jpg -> SKU P30667 -> uid 41160008: OK
[479/1287] /Users/anna.nardi/Library/CloudStorage/OneDrive-Raccoltecondivise-DuckyNetworkS.r.l/E-Commerce - FOTO PRODOTTO 2019_2022_2023_2024_2025/PASTIGLIE/P30/P30696.jpg -> SKU P30696 -> uid 41160009: OK
[480/1287] /Users/anna.nardi/Library/CloudStorage/OneDrive-Raccoltecondivise-DuckyNetworkS.r.l/E-Commerce - FOTO PRODOTTO 2019_2022_2023_2024_2025/PASTIGLIE/P30/P30716.jpg -> SKU P30716 -> uid 41160010: OK
[481/1287] /Users/anna.nardi/Library/CloudStorage/OneDrive-Raccoltecondivise-DuckyNetworkS.r.l/E-Commerce - FOTO PRODOTTO 2019_2022_2023_2024_2025/PASTIGLIE/P30/P30725.jpg -> SKU P30725 -> uid 41160011: OK
[482/1287] /Users/anna.nardi/Library/CloudStorage/OneDrive-Raccoltecondivise-DuckyNetworkS.r.l/E-Commerce - FOTO PRODOTTO 2019_2022_2023_2024_2025/PASTIGLIE/P30/P30748.jpg -> SKU P30748 -> uid 41160012: OK
[483/1287] /Users/anna.nardi/Library/CloudStorage/OneDrive-Raccoltecondivise-DuckyNetworkS.r.l/E-Commerce - FOTO PRODOTTO 2019_2022_2023_2024_2025/PASTIGLIE/P30/P30750.jpg -> SKU P30750 -> uid 41160013: OK
[484/1287] /Users/anna.nardi/Library/CloudStorage/OneDrive-Raccoltecondivise-DuckyNetworkS.r.l/E-Commerce - FOTO PRODOTTO 2019_2022_2023_2024_2025/PASTIGLIE/P30/P30777.jpg -> SKU P30777 -> uid 41160014: OK
[485/1287] /Users/anna.nardi/Library/CloudStorage/OneDrive-Raccoltecondivise-DuckyNetworkS.r.l/E-Commerce - FOTO PRODOTTO 2019_2022_2023_2024_2025/PASTIGLIE/P30/P30786.jpg -> SKU P30786 -> uid 41160015: OK
[486/1287] /Users/anna.nardi/Library/CloudStorage/OneDrive-Raccoltecondivise-DuckyNetworkS.r.l/E-Commerce - FOTO PRODOTTO 2019_2022_2023_2024_2025/PASTIGLIE/P30/P30808.jpg -> SKU P30808 -> uid 41160016: OK
[487/1287] /Users/anna.nardi/Library/CloudStorage/OneDrive-Raccoltecondivise-DuckyNetworkS.r.l/E-Commerce - FOTO PRODOTTO 2019_2022_2023_2024_2025/PASTIGLIE/P30/P30813.jpg -> SKU P30813 -> uid 41160017: OK
[488/1287] /Users/anna.nardi/Library/CloudStorage/OneDrive-Raccoltecondivise-DuckyNetworkS.r.l/E-Commerce - FOTO PRODOTTO 2019_2022_2023_2024_2025/PASTIGLIE/P30/P30822.jpg -> SKU P30822 -> uid 41160018: OK
[489/1287] /Users/anna.nardi/Library/CloudStorage/OneDrive-Raccoltecondivise-DuckyNetworkS.r.l/E-Commerce - FOTO PRODOTTO 2019_2022_2023_2024_2025/PASTIGLIE/P30/P30828.jpg -> SKU P30828 -> uid 41160019: OK
[490/1287] /Users/anna.nardi/Library/CloudStorage/OneDrive-Raccoltecondivise-DuckyNetworkS.r.l/E-Commerce - FOTO PRODOTTO 2019_2022_2023_2024_2025/PASTIGLIE/P30/P30830.jpg -> SKU P30830 -> uid 41160020: OK
[491/1287] /Users/anna.nardi/Library/CloudStorage/OneDrive-Raccoltecondivise-DuckyNetworkS.r.l/E-Commerce - FOTO PRODOTTO 2019_2022_2023_2024_2025/PASTIGLIE/P30/P30853.jpg -> SKU P30853 -> uid 41160021: OK
[492/1287] /Users/anna.nardi/Library/CloudStorage/OneDrive-Raccoltecondivise-DuckyNetworkS.r.l/E-Commerce - FOTO PRODOTTO 2019_2022_2023_2024_2025/PASTIGLIE/P30/P30868.jpg -> SKU P30868 -> uid 41160022: OK
[493/1287] /Users/anna.nardi/Library/CloudStorage/OneDrive-Raccoltecondivise-DuckyNetworkS.r.l/E-Commerce - FOTO PRODOTTO 2019_2022_2023_2024_2025/PASTIGLIE/P30/P30888.jpg -> SKU P30888 -> uid 41160023: OK
[494/1287] /Users/anna.nardi/Library/CloudStorage/OneDrive-Raccoltecondivise-DuckyNetworkS.r.l/E-Commerce - FOTO PRODOTTO 2019_2022_2023_2024_2025/PASTIGLIE/P30/P30896.jpg -> SKU P30896 -> uid 41160024: OK
[495/1287] /Users/anna.nardi/Library/CloudStorage/OneDrive-Raccoltecondivise-DuckyNetworkS.r.l/E-Commerce - FOTO PRODOTTO 2019_2022_2023_2024_2025/PASTIGLIE/P30/P30904.jpg -> SKU P30904 -> uid 41160025: OK
[496/1287] /Users/anna.nardi/Library/CloudStorage/OneDrive-Raccoltecondivise-DuckyNetworkS.r.l/E-Commerce - FOTO PRODOTTO 2019_2022_2023_2024_2025/PASTIGLIE/P30/P30908.jpg -> SKU P30908 -> uid 41160026: OK
[497/1287] /Users/anna.nardi/Library/CloudStorage/OneDrive-Raccoltecondivise-DuckyNetworkS.r.l/E-Commerce - FOTO PRODOTTO 2019_2022_2023_2024_2025/PASTIGLIE/P30/P30910.jpg -> SKU P30910 -> uid 41160027: OK
[498/1287] /Users/anna.nardi/Library/CloudStorage/OneDrive-Raccoltecondivise-DuckyNetworkS.r.l/E-Commerce - FOTO PRODOTTO 2019_2022_2023_2024_2025/PASTIGLIE/P30/P30940.jpg -> SKU P30940 -> uid 41160028: OK
[499/1287] /Users/anna.nardi/Library/CloudStorage/OneDrive-Raccoltecondivise-DuckyNetworkS.r.l/E-Commerce - FOTO PRODOTTO 2019_2022_2023_2024_2025/PASTIGLIE/P30/P30945.jpg -> SKU P30945 -> uid 41160029: OK
[500/1287] /Users/anna.nardi/Library/CloudStorage/OneDrive-Raccoltecondivise-DuckyNetworkS.r.l/E-Commerce - FOTO PRODOTTO 2019_2022_2023_2024_2025/PASTIGLIE/P30/P30980.jpg -> SKU P30980 -> uid 41160030: OK
[501/1287] /Users/anna.nardi/Library/CloudStorage/OneDrive-Raccoltecondivise-DuckyNetworkS.r.l/E-Commerce - FOTO PRODOTTO 2019_2022_2023_2024_2025/PASTIGLIE/P50/P50707.jpg -> SKU P50707 -> uid 41160031: OK
[502/1287] /Users/anna.nardi/Library/CloudStorage/OneDrive-Raccoltecondivise-DuckyNetworkS.r.l/E-Commerce - FOTO PRODOTTO 2019_2022_2023_2024_2025/PASTIGLIE/P50/P50782.jpg -> SKU P50782 -> uid 41160032: OK
[503/1287] /Users/anna.nardi/Library/CloudStorage/OneDrive-Raccoltecondivise-DuckyNetworkS.r.l/E-Commerce - FOTO PRODOTTO 2019_2022_2023_2024_2025/PASTIGLIE/P50/P50893.jpg -> SKU P50893 -> uid 41160034: OK
[504/1287] /Users/anna.nardi/Library/CloudStorage/OneDrive-Raccoltecondivise-DuckyNetworkS.r.l/E-Commerce - FOTO PRODOTTO 2019_2022_2023_2024_2025/PASTIGLIE/P50/P50898.jpg -> SKU P50898 -> uid 41464566: OK
[505/1287] /Users/anna.nardi/Library/CloudStorage/OneDrive-Raccoltecondivise-DuckyNetworkS.r.l/E-Commerce - FOTO PRODOTTO 2019_2022_2023_2024_2025/PASTIGLIE/P50/P50928.jpg -> SKU P50928 -> uid 41160035: OK
[506/1287] /Users/anna.nardi/Library/CloudStorage/OneDrive-Raccoltecondivise-DuckyNetworkS.r.l/E-Commerce - FOTO PRODOTTO 2019_2022_2023_2024_2025/PASTIGLIE/P50/P50941.jpg -> SKU P50941 -> uid 41160036: OK
[507/1287] /Users/anna.nardi/Library/CloudStorage/OneDrive-Raccoltecondivise-DuckyNetworkS.r.l/E-Commerce - FOTO PRODOTTO 2019_2022_2023_2024_2025/PASTIGLIE/P50/P50947.jpg -> SKU P50947 -> uid 41160037: OK
[508/1287] /Users/anna.nardi/Library/CloudStorage/OneDrive-Raccoltecondivise-DuckyNetworkS.r.l/E-Commerce - FOTO PRODOTTO 2019_2022_2023_2024_2025/PASTIGLIE/P50/P50950.jpg -> SKU P50950 -> uid 41160038: OK
[509/1287] /Users/anna.nardi/Library/CloudStorage/OneDrive-Raccoltecondivise-DuckyNetworkS.r.l/E-Commerce - FOTO PRODOTTO 2019_2022_2023_2024_2025/PASTIGLIE/P90/editate laterale pastiglie/P90201.jpg -> SKU P90201 -> uid 41160042: OK
[510/1287] /Users/anna.nardi/Library/CloudStorage/OneDrive-Raccoltecondivise-DuckyNetworkS.r.l/E-Commerce - FOTO PRODOTTO 2019_2022_2023_2024_2025/PASTIGLIE/P90/P90202.jpg -> SKU P90202 -> uid 41160043: OK
[511/1287] /Users/anna.nardi/Library/CloudStorage/OneDrive-Raccoltecondivise-DuckyNetworkS.r.l/E-Commerce - FOTO PRODOTTO 2019_2022_2023_2024_2025/PASTIGLIE/P90/editate laterale pastiglie/P90203.jpg -> SKU P90203 -> uid 41160044: OK
[512/1287] /Users/anna.nardi/Library/CloudStorage/OneDrive-Raccoltecondivise-DuckyNetworkS.r.l/E-Commerce - FOTO PRODOTTO 2019_2022_2023_2024_2025/PASTIGLIE/P90/editate laterale pastiglie/P90204.jpg -> SKU P90204 -> uid 41160045: OK
[513/1287] /Users/anna.nardi/Library/CloudStorage/OneDrive-Raccoltecondivise-DuckyNetworkS.r.l/E-Commerce - FOTO PRODOTTO 2019_2022_2023_2024_2025/PASTIGLIE/P90/P90205.jpg -> SKU P90205 -> uid 41160046: OK
[514/1287] /Users/anna.nardi/Library/CloudStorage/OneDrive-Raccoltecondivise-DuckyNetworkS.r.l/E-Commerce - FOTO PRODOTTO 2019_2022_2023_2024_2025/PASTIGLIE/P90/editate laterale pastiglie/P90206.jpg -> SKU P90206 -> uid 41160047: OK
[515/1287] /Users/anna.nardi/Library/CloudStorage/OneDrive-Raccoltecondivise-DuckyNetworkS.r.l/E-Commerce - FOTO PRODOTTO 2019_2022_2023_2024_2025/PASTIGLIE/P90/editate laterale pastiglie/P90207.jpg -> SKU P90207 -> uid 41160048: OK
[516/1287] /Users/anna.nardi/Library/CloudStorage/OneDrive-Raccoltecondivise-DuckyNetworkS.r.l/E-Commerce - FOTO PRODOTTO 2019_2022_2023_2024_2025/PASTIGLIE/P90/editate laterale pastiglie/P90208.jpg -> SKU P90208 -> uid 41160049: OK
[517/1287] /Users/anna.nardi/Library/CloudStorage/OneDrive-Raccoltecondivise-DuckyNetworkS.r.l/E-Commerce - FOTO PRODOTTO 2019_2022_2023_2024_2025/PASTIGLIE/P90/editate laterale pastiglie/P90209.jpg -> SKU P90209 -> uid 41160050: OK
[518/1287] /Users/anna.nardi/Library/CloudStorage/OneDrive-Raccoltecondivise-DuckyNetworkS.r.l/E-Commerce - FOTO PRODOTTO 2019_2022_2023_2024_2025/PASTIGLIE/P90/editate laterale pastiglie/P90210.jpg -> SKU P90210 -> uid 41160051: OK
[519/1287] /Users/anna.nardi/Library/CloudStorage/OneDrive-Raccoltecondivise-DuckyNetworkS.r.l/E-Commerce - FOTO PRODOTTO 2019_2022_2023_2024_2025/PASTIGLIE/P90/editate laterale pastiglie/P90211.jpg -> SKU P90211 -> uid 41160052: OK
[520/1287] /Users/anna.nardi/Library/CloudStorage/OneDrive-Raccoltecondivise-DuckyNetworkS.r.l/E-Commerce - FOTO PRODOTTO 2019_2022_2023_2024_2025/PASTIGLIE/P90/editate laterale pastiglie/P90212.jpg -> SKU P90212 -> uid 41160053: OK
[521/1287] /Users/anna.nardi/Library/CloudStorage/OneDrive-Raccoltecondivise-DuckyNetworkS.r.l/E-Commerce - FOTO PRODOTTO 2019_2022_2023_2024_2025/PASTIGLIE/P90/editate laterale pastiglie/P90213.jpg -> SKU P90213 -> uid 41160054: OK
[522/1287] /Users/anna.nardi/Library/CloudStorage/OneDrive-Raccoltecondivise-DuckyNetworkS.r.l/E-Commerce - FOTO PRODOTTO 2019_2022_2023_2024_2025/PASTIGLIE/P90/editate laterale pastiglie/P90214.jpg -> SKU P90214 -> uid 41160055: OK
[523/1287] /Users/anna.nardi/Library/CloudStorage/OneDrive-Raccoltecondivise-DuckyNetworkS.r.l/E-Commerce - FOTO PRODOTTO 2019_2022_2023_2024_2025/PASTIGLIE/P90/editate laterale pastiglie/P90215.jpg -> SKU P90215 -> uid 41160056: OK
[524/1287] /Users/anna.nardi/Library/CloudStorage/OneDrive-Raccoltecondivise-DuckyNetworkS.r.l/E-Commerce - FOTO PRODOTTO 2019_2022_2023_2024_2025/PASTIGLIE/P90/editate laterale pastiglie/P90216.jpg -> SKU P90216 -> uid 41160057: OK
[525/1287] /Users/anna.nardi/Library/CloudStorage/OneDrive-Raccoltecondivise-DuckyNetworkS.r.l/E-Commerce - FOTO PRODOTTO 2019_2022_2023_2024_2025/PASTIGLIE/P90/editate laterale pastiglie/P90217.jpg -> SKU P90217 -> uid 41160058: OK
[526/1287] /Users/anna.nardi/Library/CloudStorage/OneDrive-Raccoltecondivise-DuckyNetworkS.r.l/E-Commerce - FOTO PRODOTTO 2019_2022_2023_2024_2025/DISCHI/R-FIX/PE01FI.jpg -> SKU PE01FI -> uid 41160059: OK
[527/1287] /Users/anna.nardi/Library/CloudStorage/OneDrive-Raccoltecondivise-DuckyNetworkS.r.l/E-Commerce - FOTO PRODOTTO 2019_2022_2023_2024_2025/DISCHI/W-FIX/PE01FID.jpg -> SKU PE01FID -> uid 41160060: OK
[528/1287] /Users/anna.nardi/Library/CloudStorage/OneDrive-Raccoltecondivise-DuckyNetworkS.r.l/E-Commerce - FOTO PRODOTTO 2019_2022_2023_2024_2025/DISCHI/R-FIX/PE02FI.jpg -> SKU PE02FI -> uid 41160061: OK
[529/1287] /Users/anna.nardi/Library/CloudStorage/OneDrive-Raccoltecondivise-DuckyNetworkS.r.l/E-Commerce - FOTO PRODOTTO 2019_2022_2023_2024_2025/DISCHI/W-FIX/PE02FID.JPG -> SKU PE02FID -> uid 41160062: OK
[530/1287] /Users/anna.nardi/Library/CloudStorage/OneDrive-Raccoltecondivise-DuckyNetworkS.r.l/E-Commerce - FOTO PRODOTTO 2019_2022_2023_2024_2025/DISCHI/R-FIX/PI01FI.jpg -> SKU PI01FI -> uid 41160063: OK
[531/1287] /Users/anna.nardi/Library/CloudStorage/OneDrive-Raccoltecondivise-DuckyNetworkS.r.l/E-Commerce - FOTO PRODOTTO 2019_2022_2023_2024_2025/DISCHI/W-FIX/PI01FID.jpg -> SKU PI01FID -> uid 41160064: OK
[532/1287] /Users/anna.nardi/Library/CloudStorage/OneDrive-Raccoltecondivise-DuckyNetworkS.r.l/E-Commerce - FOTO PRODOTTO 2019_2022_2023_2024_2025/DISCHI/R-FIX/PI03FI.jpg -> SKU PI03FI -> uid 41160065: OK
[533/1287] /Users/anna.nardi/Library/CloudStorage/OneDrive-Raccoltecondivise-DuckyNetworkS.r.l/E-Commerce - FOTO PRODOTTO 2019_2022_2023_2024_2025/DISCHI/W-FIX/PI03FID.jpg -> SKU PI03FID -> uid 41160066: OK
[534/1287] /Users/anna.nardi/Library/CloudStorage/OneDrive-Raccoltecondivise-DuckyNetworkS.r.l/E-Commerce - FOTO PRODOTTO 2019_2022_2023_2024_2025/DISCHI/R-FIX/PI04FI.jpg -> SKU PI04FI -> uid 41160067: OK
[535/1287] /Users/anna.nardi/Library/CloudStorage/OneDrive-Raccoltecondivise-DuckyNetworkS.r.l/E-Commerce - FOTO PRODOTTO 2019_2022_2023_2024_2025/DISCHI/W-FIX/PI04FID.jpg -> SKU PI04FID -> uid 41160068: OK
[536/1287] /Users/anna.nardi/Library/CloudStorage/OneDrive-Raccoltecondivise-DuckyNetworkS.r.l/E-Commerce - FOTO PRODOTTO 2019_2022_2023_2024_2025/SUPPORTI/Bracket/POW02.jpg -> SKU POW02 -> uid 41160071: OK
[537/1287] /Users/anna.nardi/Library/CloudStorage/OneDrive-Raccoltecondivise-DuckyNetworkS.r.l/E-Commerce - FOTO PRODOTTO 2019_2022_2023_2024_2025/SUPPORTI/Bracket/POW04.jpg -> SKU POW04 -> uid 41160072: OK
[538/1287] /Users/anna.nardi/Library/CloudStorage/OneDrive-Raccoltecondivise-DuckyNetworkS.r.l/E-Commerce - FOTO PRODOTTO 2019_2022_2023_2024_2025/SUPPORTI/Bracket/POW106.jpg -> SKU POW106 -> uid 41160073: OK
[539/1287] /Users/anna.nardi/Library/CloudStorage/OneDrive-Raccoltecondivise-DuckyNetworkS.r.l/E-Commerce - FOTO PRODOTTO 2019_2022_2023_2024_2025/SUPPORTI/Bracket/POW113.jpg -> SKU POW113 -> uid 41160076: OK
[540/1287] /Users/anna.nardi/Library/CloudStorage/OneDrive-Raccoltecondivise-DuckyNetworkS.r.l/E-Commerce - FOTO PRODOTTO 2019_2022_2023_2024_2025/SUPPORTI/Bracket/POW13.jpg -> SKU POW13 -> uid 41160077: OK
[541/1287] /Users/anna.nardi/Library/CloudStorage/OneDrive-Raccoltecondivise-DuckyNetworkS.r.l/E-Commerce - FOTO PRODOTTO 2019_2022_2023_2024_2025/SUPPORTI/Bracket/POW17.jpg -> SKU POW17 -> uid 41160078: OK
[542/1287] /Users/anna.nardi/Library/CloudStorage/OneDrive-Raccoltecondivise-DuckyNetworkS.r.l/E-Commerce - FOTO PRODOTTO 2019_2022_2023_2024_2025/SUPPORTI/Bracket/POW21.jpg -> SKU POW21 -> uid 41160081: OK
[543/1287] /Users/anna.nardi/Library/CloudStorage/OneDrive-Raccoltecondivise-DuckyNetworkS.r.l/E-Commerce - FOTO PRODOTTO 2019_2022_2023_2024_2025/SUPPORTI/Bracket/POW44.jpg -> SKU POW44 -> uid 41160084: OK
[544/1287] /Users/anna.nardi/Library/CloudStorage/OneDrive-Raccoltecondivise-DuckyNetworkS.r.l/E-Commerce - FOTO PRODOTTO 2019_2022_2023_2024_2025/SUPPORTI/Bracket/POW68.jpg -> SKU POW68 -> uid 41160085: OK
[545/1287] /Users/anna.nardi/Library/CloudStorage/OneDrive-Raccoltecondivise-DuckyNetworkS.r.l/E-Commerce - FOTO PRODOTTO 2019_2022_2023_2024_2025/SUPPORTI/Bracket/POW78.jpg -> SKU POW78 -> uid 41160086: OK
[546/1287] /Users/anna.nardi/Library/CloudStorage/OneDrive-Raccoltecondivise-DuckyNetworkS.r.l/E-Commerce - FOTO PRODOTTO 2019_2022_2023_2024_2025/SUPPORTI/Bracket/POW79.jpg -> SKU POW79 -> uid 41160087: OK
[547/1287] /Users/anna.nardi/Library/CloudStorage/OneDrive-Raccoltecondivise-DuckyNetworkS.r.l/E-Commerce - FOTO PRODOTTO 2019_2022_2023_2024_2025/SUPPORTI/Bracket/POW80.jpg -> SKU POW80 -> uid 41160088: OK
[548/1287] /Users/anna.nardi/Library/CloudStorage/OneDrive-Raccoltecondivise-DuckyNetworkS.r.l/E-Commerce - FOTO PRODOTTO 2019_2022_2023_2024_2025/SUPPORTI/Bracket/POW81.jpg -> SKU POW81 -> uid 41160089: OK
[549/1287] /Users/anna.nardi/Library/CloudStorage/OneDrive-Raccoltecondivise-DuckyNetworkS.r.l/E-Commerce - FOTO PRODOTTO 2019_2022_2023_2024_2025/SUPPORTI/Bracket/POW83.jpg -> SKU POW83 -> uid 41160090: OK
[550/1287] /Users/anna.nardi/Library/CloudStorage/OneDrive-Raccoltecondivise-DuckyNetworkS.r.l/E-Commerce - FOTO PRODOTTO 2019_2022_2023_2024_2025/SUPPORTI/Bracket/POW84.jpg -> SKU POW84 -> uid 41160091: OK
[551/1287] /Users/anna.nardi/Library/CloudStorage/OneDrive-Raccoltecondivise-DuckyNetworkS.r.l/E-Commerce - FOTO PRODOTTO 2019_2022_2023_2024_2025/BICI/Adattatori/PW2005.jpg -> SKU PW2005 -> uid 41160097: OK
[552/1287] /Users/anna.nardi/Library/CloudStorage/OneDrive-Raccoltecondivise-DuckyNetworkS.r.l/E-Commerce - FOTO PRODOTTO 2019_2022_2023_2024_2025/BICI/Adattatori/PW2006.jpg -> SKU PW2006 -> uid 41160098: OK
[553/1287] /Users/anna.nardi/Library/CloudStorage/OneDrive-Raccoltecondivise-DuckyNetworkS.r.l/E-Commerce - FOTO PRODOTTO 2019_2022_2023_2024_2025/BICI/Adattatori/PW2007.jpg -> SKU PW2007 -> uid 41160099: OK
[554/1287] /Users/anna.nardi/Library/CloudStorage/OneDrive-Raccoltecondivise-DuckyNetworkS.r.l/E-Commerce - FOTO PRODOTTO 2019_2022_2023_2024_2025/BICI/Adattatori/PW2008.jpg -> SKU PW2008 -> uid 41160100: OK
[555/1287] /Users/anna.nardi/Library/CloudStorage/OneDrive-Raccoltecondivise-DuckyNetworkS.r.l/E-Commerce - FOTO PRODOTTO 2019_2022_2023_2024_2025/SUPPORTI/Bracket/PW4011.jpg -> SKU PW4011 -> uid 41160105: OK
[556/1287] /Users/anna.nardi/Library/CloudStorage/OneDrive-Raccoltecondivise-DuckyNetworkS.r.l/E-Commerce - FOTO PRODOTTO 2019_2022_2023_2024_2025/POMPE/Master Cilynder/QC3601.jpg -> SKU QC3601 -> uid 41160113: OK
[557/1287] /Users/anna.nardi/Library/CloudStorage/OneDrive-Raccoltecondivise-DuckyNetworkS.r.l/E-Commerce - FOTO PRODOTTO 2019_2022_2023_2024_2025/POMPE/Master Cilynder/QC3603.jpg -> SKU QC3603 -> uid 41160114: OK
[558/1287] /Users/anna.nardi/Library/CloudStorage/OneDrive-Raccoltecondivise-DuckyNetworkS.r.l/E-Commerce - FOTO PRODOTTO 2019_2022_2023_2024_2025/POMPE/Master Cilynder/QC6601.jpg -> SKU QC6601 -> uid 41160115: OK
[559/1287] /Users/anna.nardi/Library/CloudStorage/OneDrive-Raccoltecondivise-DuckyNetworkS.r.l/E-Commerce - FOTO PRODOTTO 2019_2022_2023_2024_2025/POMPE/Master Cilynder/QC6603.jpg -> SKU QC6603 -> uid 41160116: OK
[560/1287] /Users/anna.nardi/Library/CloudStorage/OneDrive-Raccoltecondivise-DuckyNetworkS.r.l/E-Commerce - FOTO PRODOTTO 2019_2022_2023_2024_2025/DISCHI/R-FIX/RF3104.jpg -> SKU RF3104 -> uid 41160117: OK
[561/1287] /Users/anna.nardi/Library/CloudStorage/OneDrive-Raccoltecondivise-DuckyNetworkS.r.l/E-Commerce - FOTO PRODOTTO 2019_2022_2023_2024_2025/DISCHI/R-FIX/RF3106.jpg -> SKU RF3106 -> uid 41160119: OK
[562/1287] /Users/anna.nardi/Library/CloudStorage/OneDrive-Raccoltecondivise-DuckyNetworkS.r.l/E-Commerce - FOTO PRODOTTO 2019_2022_2023_2024_2025/DISCHI/R-FIX/RF3504.jpg -> SKU RF3504 -> uid 41160120: OK
[563/1287] /Users/anna.nardi/Library/CloudStorage/OneDrive-Raccoltecondivise-DuckyNetworkS.r.l/E-Commerce - FOTO PRODOTTO 2019_2022_2023_2024_2025/DISCHI/R-FIX/RF3505.jpg -> SKU RF3505 -> uid 41160121: OK
[564/1287] /Users/anna.nardi/Library/CloudStorage/OneDrive-Raccoltecondivise-DuckyNetworkS.r.l/E-Commerce - FOTO PRODOTTO 2019_2022_2023_2024_2025/DISCHI/R-FIX/RF7111.jpg -> SKU RF7111 -> uid 41160122: OK
[565/1287] /Users/anna.nardi/Library/CloudStorage/OneDrive-Raccoltecondivise-DuckyNetworkS.r.l/E-Commerce - FOTO PRODOTTO 2019_2022_2023_2024_2025/DISCHI/R-FIX/RF7112.jpg -> SKU RF7112 -> uid 41160123: OK
[566/1287] /Users/anna.nardi/Library/CloudStorage/OneDrive-Raccoltecondivise-DuckyNetworkS.r.l/E-Commerce - FOTO PRODOTTO 2019_2022_2023_2024_2025/DISCHI/R-FIX/RF7113.jpg -> SKU RF7113 -> uid 41160124: OK
[567/1287] /Users/anna.nardi/Library/CloudStorage/OneDrive-Raccoltecondivise-DuckyNetworkS.r.l/E-Commerce - FOTO PRODOTTO 2019_2022_2023_2024_2025/DISCHI/R-FIX/RF7519.jpg -> SKU RF7519 -> uid 41160125: OK
[568/1287] /Users/anna.nardi/Library/CloudStorage/OneDrive-Raccoltecondivise-DuckyNetworkS.r.l/E-Commerce - FOTO PRODOTTO 2019_2022_2023_2024_2025/DISCHI/R-FIX/RF7521.jpg -> SKU RF7521 -> uid 41160126: OK
[569/1287] /Users/anna.nardi/Library/CloudStorage/OneDrive-Raccoltecondivise-DuckyNetworkS.r.l/E-Commerce - FOTO PRODOTTO 2019_2022_2023_2024_2025/DISCHI/R-FIX/RF7522.jpg -> SKU RF7522 -> uid 41160127: OK
[570/1287] /Users/anna.nardi/Library/CloudStorage/OneDrive-Raccoltecondivise-DuckyNetworkS.r.l/E-Commerce - FOTO PRODOTTO 2019_2022_2023_2024_2025/DISCHI/R-FIX/RF7523.jpg -> SKU RF7523 -> uid 41160128: OK
[571/1287] /Users/anna.nardi/Library/CloudStorage/OneDrive-Raccoltecondivise-DuckyNetworkS.r.l/E-Commerce - FOTO PRODOTTO 2019_2022_2023_2024_2025/DISCHI/R-FIX/RF7524.jpg -> SKU RF7524 -> uid 41160129: OK
[572/1287] /Users/anna.nardi/Library/CloudStorage/OneDrive-Raccoltecondivise-DuckyNetworkS.r.l/E-Commerce - FOTO PRODOTTO 2019_2022_2023_2024_2025/DISCHI/R-FIX/RF7525.jpg -> SKU RF7525 -> uid 41160130: OK
[573/1287] /Users/anna.nardi/Library/CloudStorage/OneDrive-Raccoltecondivise-DuckyNetworkS.r.l/E-Commerce - FOTO PRODOTTO 2019_2022_2023_2024_2025/DISCHI/R-FIX/RF7527.jpg -> SKU RF7527 -> uid 41160131: OK
[574/1287] /Users/anna.nardi/Library/CloudStorage/OneDrive-Raccoltecondivise-DuckyNetworkS.r.l/E-Commerce - FOTO PRODOTTO 2019_2022_2023_2024_2025/DISCHI/R-FIX/RF7528.jpg -> SKU RF7528 -> uid 41160132: OK
[575/1287] /Users/anna.nardi/Library/CloudStorage/OneDrive-Raccoltecondivise-DuckyNetworkS.r.l/E-Commerce - FOTO PRODOTTO 2019_2022_2023_2024_2025/DISCHI/R-FIX/RF7530.JPG -> SKU RF7530 -> uid 41160133: OK
[576/1287] /Users/anna.nardi/Library/CloudStorage/OneDrive-Raccoltecondivise-DuckyNetworkS.r.l/E-Commerce - FOTO PRODOTTO 2019_2022_2023_2024_2025/DISCHI/R-FIX/RF7531.JPG -> SKU RF7531 -> uid 41160134: OK
[577/1287] /Users/anna.nardi/Library/CloudStorage/OneDrive-Raccoltecondivise-DuckyNetworkS.r.l/E-Commerce - FOTO PRODOTTO 2019_2022_2023_2024_2025/DISCHI/R-FIX/RF7532.jpg -> SKU RF7532 -> uid 41160135: OK
[578/1287] /Users/anna.nardi/Library/CloudStorage/OneDrive-Raccoltecondivise-DuckyNetworkS.r.l/E-Commerce - FOTO PRODOTTO 2019_2022_2023_2024_2025/DISCHI/R-FIX/RF7533.jpg -> SKU RF7533 -> uid 41160136: OK
[579/1287] /Users/anna.nardi/Library/CloudStorage/OneDrive-Raccoltecondivise-DuckyNetworkS.r.l/E-Commerce - FOTO PRODOTTO 2019_2022_2023_2024_2025/DISCHI/R-FIX/RF7534.jpg -> SKU RF7534 -> uid 41160137: OK
[580/1287] /Users/anna.nardi/Library/CloudStorage/OneDrive-Raccoltecondivise-DuckyNetworkS.r.l/E-Commerce - FOTO PRODOTTO 2019_2022_2023_2024_2025/DISCHI/R-FIX/RF7535.jpg -> SKU RF7535 -> uid 41160138: OK
[581/1287] /Users/anna.nardi/Library/CloudStorage/OneDrive-Raccoltecondivise-DuckyNetworkS.r.l/E-Commerce - FOTO PRODOTTO 2019_2022_2023_2024_2025/DISCHI/R-FIX/RF7536.jpg -> SKU RF7536 -> uid 41160139: OK
[582/1287] /Users/anna.nardi/Library/CloudStorage/OneDrive-Raccoltecondivise-DuckyNetworkS.r.l/E-Commerce - FOTO PRODOTTO 2019_2022_2023_2024_2025/DISCHI/R-FIX/RF7539.jpg -> SKU RF7539 -> uid 41160140: OK
[583/1287] /Users/anna.nardi/Library/CloudStorage/OneDrive-Raccoltecondivise-DuckyNetworkS.r.l/E-Commerce - FOTO PRODOTTO 2019_2022_2023_2024_2025/DISCHI/R-FIX/RF7540.jpg -> SKU RF7540 -> uid 41160141: OK
[584/1287] /Users/anna.nardi/Library/CloudStorage/OneDrive-Raccoltecondivise-DuckyNetworkS.r.l/E-Commerce - FOTO PRODOTTO 2019_2022_2023_2024_2025/DISCHI/R-FIX/RF7541.jpg -> SKU RF7541 -> uid 41160142: OK
[585/1287] /Users/anna.nardi/Library/CloudStorage/OneDrive-Raccoltecondivise-DuckyNetworkS.r.l/E-Commerce - FOTO PRODOTTO 2019_2022_2023_2024_2025/DISCHI/R-FIX/RF7542.jpg -> SKU RF7542 -> uid 41160143: OK
[586/1287] /Users/anna.nardi/Library/CloudStorage/OneDrive-Raccoltecondivise-DuckyNetworkS.r.l/E-Commerce - FOTO PRODOTTO 2019_2022_2023_2024_2025/DISCHI/R-FIX/RF7544.jpg -> SKU RF7544 -> uid 41160144: OK
[587/1287] /Users/anna.nardi/Library/CloudStorage/OneDrive-Raccoltecondivise-DuckyNetworkS.r.l/E-Commerce - FOTO PRODOTTO 2019_2022_2023_2024_2025/DISCHI/R-FIX/RF7545.jpg -> SKU RF7545 -> uid 41160145: OK
[588/1287] /Users/anna.nardi/Library/CloudStorage/OneDrive-Raccoltecondivise-DuckyNetworkS.r.l/E-Commerce - FOTO PRODOTTO 2019_2022_2023_2024_2025/DISCHI/R-FIX/RF7546.jpg -> SKU RF7546 -> uid 41160146: OK
[589/1287] /Users/anna.nardi/Library/CloudStorage/OneDrive-Raccoltecondivise-DuckyNetworkS.r.l/E-Commerce - FOTO PRODOTTO 2019_2022_2023_2024_2025/DISCHI/R-FIX/RF7547.jpg -> SKU RF7547 -> uid 41160147: OK
[590/1287] /Users/anna.nardi/Library/CloudStorage/OneDrive-Raccoltecondivise-DuckyNetworkS.r.l/E-Commerce - FOTO PRODOTTO 2019_2022_2023_2024_2025/DISCHI/R-FIX/RF7548.jpg -> SKU RF7548 -> uid 41160148: OK
[591/1287] /Users/anna.nardi/Library/CloudStorage/OneDrive-Raccoltecondivise-DuckyNetworkS.r.l/E-Commerce - FOTO PRODOTTO 2019_2022_2023_2024_2025/DISCHI/R-FIX/RF7549.jpg -> SKU RF7549 -> uid 41160149: OK
[592/1287] /Users/anna.nardi/Library/CloudStorage/OneDrive-Raccoltecondivise-DuckyNetworkS.r.l/E-Commerce - FOTO PRODOTTO 2019_2022_2023_2024_2025/DISCHI/R-FIX/RF7550.jpg -> SKU RF7550 -> uid 41160150: OK
[593/1287] /Users/anna.nardi/Library/CloudStorage/OneDrive-Raccoltecondivise-DuckyNetworkS.r.l/E-Commerce - FOTO PRODOTTO 2019_2022_2023_2024_2025/DISCHI/R-FIX/RF7551.jpg -> SKU RF7551 -> uid 41160151: OK
[594/1287] /Users/anna.nardi/Library/CloudStorage/OneDrive-Raccoltecondivise-DuckyNetworkS.r.l/E-Commerce - FOTO PRODOTTO 2019_2022_2023_2024_2025/DISCHI/R-FIX/RF7553.jpg -> SKU RF7553 -> uid 41160152: OK
[595/1287] /Users/anna.nardi/Library/CloudStorage/OneDrive-Raccoltecondivise-DuckyNetworkS.r.l/E-Commerce - FOTO PRODOTTO 2019_2022_2023_2024_2025/DISCHI/R-FIX/RF8114.jpg -> SKU RF8114 -> uid 41160153: OK
[596/1287] /Users/anna.nardi/Library/CloudStorage/OneDrive-Raccoltecondivise-DuckyNetworkS.r.l/E-Commerce - FOTO PRODOTTO 2019_2022_2023_2024_2025/DISCHI/R-FIX/RF8115.jpg -> SKU RF8115 -> uid 41160154: OK
[597/1287] /Users/anna.nardi/Library/CloudStorage/OneDrive-Raccoltecondivise-DuckyNetworkS.r.l/E-Commerce - FOTO PRODOTTO 2019_2022_2023_2024_2025/DISCHI/R-FIX/RF8116.jpg -> SKU RF8116 -> uid 41160155: OK
[598/1287] /Users/anna.nardi/Library/CloudStorage/OneDrive-Raccoltecondivise-DuckyNetworkS.r.l/E-Commerce - FOTO PRODOTTO 2019_2022_2023_2024_2025/DISCHI/R-FIX/RF8117.jpg -> SKU RF8117 -> uid 41160156: OK
[599/1287] /Users/anna.nardi/Library/CloudStorage/OneDrive-Raccoltecondivise-DuckyNetworkS.r.l/E-Commerce - FOTO PRODOTTO 2019_2022_2023_2024_2025/DISCHI/R-FIX/RF8118.jpg -> SKU RF8118 -> uid 41160157: OK
[600/1287] /Users/anna.nardi/Library/CloudStorage/OneDrive-Raccoltecondivise-DuckyNetworkS.r.l/E-Commerce - FOTO PRODOTTO 2019_2022_2023_2024_2025/DISCHI/R-FIX/RF8119.jpg -> SKU RF8119 -> uid 41160158: OK
[601/1287] /Users/anna.nardi/Library/CloudStorage/OneDrive-Raccoltecondivise-DuckyNetworkS.r.l/E-Commerce - FOTO PRODOTTO 2019_2022_2023_2024_2025/DISCHI/R-FIX/RF8121.jpg -> SKU RF8121 -> uid 41160159: OK
[602/1287] /Users/anna.nardi/Library/CloudStorage/OneDrive-Raccoltecondivise-DuckyNetworkS.r.l/E-Commerce - FOTO PRODOTTO 2019_2022_2023_2024_2025/DISCHI/R-FIX/RF8122.jpg -> SKU RF8122 -> uid 41160160: OK
[603/1287] /Users/anna.nardi/Library/CloudStorage/OneDrive-Raccoltecondivise-DuckyNetworkS.r.l/E-Commerce - FOTO PRODOTTO 2019_2022_2023_2024_2025/DISCHI/R-FIX/RF8123.jpg -> SKU RF8123 -> uid 41160161: OK
[604/1287] /Users/anna.nardi/Library/CloudStorage/OneDrive-Raccoltecondivise-DuckyNetworkS.r.l/E-Commerce - FOTO PRODOTTO 2019_2022_2023_2024_2025/DISCHI/R-FIX/RF8124.jpg -> SKU RF8124 -> uid 41160162: OK
[605/1287] /Users/anna.nardi/Library/CloudStorage/OneDrive-Raccoltecondivise-DuckyNetworkS.r.l/E-Commerce - FOTO PRODOTTO 2019_2022_2023_2024_2025/DISCHI/R-FIX/RF8126.jpg -> SKU RF8126 -> uid 41160163: OK
[606/1287] /Users/anna.nardi/Library/CloudStorage/OneDrive-Raccoltecondivise-DuckyNetworkS.r.l/E-Commerce - FOTO PRODOTTO 2019_2022_2023_2024_2025/DISCHI/R-FIX/RF8128.jpg -> SKU RF8128 -> uid 41160164: OK
[607/1287] /Users/anna.nardi/Library/CloudStorage/OneDrive-Raccoltecondivise-DuckyNetworkS.r.l/E-Commerce - FOTO PRODOTTO 2019_2022_2023_2024_2025/DISCHI/R-FIX/RF8129.jpg -> SKU RF8129 -> uid 41160165: OK
[608/1287] /Users/anna.nardi/Library/CloudStorage/OneDrive-Raccoltecondivise-DuckyNetworkS.r.l/E-Commerce - FOTO PRODOTTO 2019_2022_2023_2024_2025/DISCHI/R-FIX/RF8131.jpg -> SKU RF8131 -> uid 41160166: OK
[609/1287] /Users/anna.nardi/Library/CloudStorage/OneDrive-Raccoltecondivise-DuckyNetworkS.r.l/E-Commerce - FOTO PRODOTTO 2019_2022_2023_2024_2025/DISCHI/R-FIX/RF8132.jpg -> SKU RF8132 -> uid 41160167: OK
[610/1287] /Users/anna.nardi/Library/CloudStorage/OneDrive-Raccoltecondivise-DuckyNetworkS.r.l/E-Commerce - FOTO PRODOTTO 2019_2022_2023_2024_2025/DISCHI/R-FIX/RF8134.jpg -> SKU RF8134 -> uid 41160168: OK
[611/1287] /Users/anna.nardi/Library/CloudStorage/OneDrive-Raccoltecondivise-DuckyNetworkS.r.l/E-Commerce - FOTO PRODOTTO 2019_2022_2023_2024_2025/DISCHI/R-FIX/RF8135.jpg -> SKU RF8135 -> uid 41160169: OK
[612/1287] /Users/anna.nardi/Library/CloudStorage/OneDrive-Raccoltecondivise-DuckyNetworkS.r.l/E-Commerce - FOTO PRODOTTO 2019_2022_2023_2024_2025/DISCHI/R-FIX/RF8137.jpg -> SKU RF8137 -> uid 41160170: OK
[613/1287] /Users/anna.nardi/Library/CloudStorage/OneDrive-Raccoltecondivise-DuckyNetworkS.r.l/E-Commerce - FOTO PRODOTTO 2019_2022_2023_2024_2025/DISCHI/R-FIX/RF8140.jpg -> SKU RF8140 -> uid 41160171: OK
[614/1287] /Users/anna.nardi/Library/CloudStorage/OneDrive-Raccoltecondivise-DuckyNetworkS.r.l/E-Commerce - FOTO PRODOTTO 2019_2022_2023_2024_2025/DISCHI/R-FIX/RF8141.jpg -> SKU RF8141 -> uid 41160172: OK
[615/1287] /Users/anna.nardi/Library/CloudStorage/OneDrive-Raccoltecondivise-DuckyNetworkS.r.l/E-Commerce - FOTO PRODOTTO 2019_2022_2023_2024_2025/DISCHI/R-FIX/RF8143.jpg -> SKU RF8143 -> uid 41160173: OK
[616/1287] /Users/anna.nardi/Library/CloudStorage/OneDrive-Raccoltecondivise-DuckyNetworkS.r.l/E-Commerce - FOTO PRODOTTO 2019_2022_2023_2024_2025/DISCHI/R-FIX/RF8144S.jpg -> SKU RF8144S -> uid 41160174: OK
[617/1287] /Users/anna.nardi/Library/CloudStorage/OneDrive-Raccoltecondivise-DuckyNetworkS.r.l/E-Commerce - FOTO PRODOTTO 2019_2022_2023_2024_2025/DISCHI/R-FIX/RF8145S.jpg -> SKU RF8145S -> uid 41160175: OK
[618/1287] /Users/anna.nardi/Library/CloudStorage/OneDrive-Raccoltecondivise-DuckyNetworkS.r.l/E-Commerce - FOTO PRODOTTO 2019_2022_2023_2024_2025/DISCHI/R-FIX/RF8147S.jpg -> SKU RF8147S -> uid 41160178: OK
[619/1287] /Users/anna.nardi/Library/CloudStorage/OneDrive-Raccoltecondivise-DuckyNetworkS.r.l/E-Commerce - FOTO PRODOTTO 2019_2022_2023_2024_2025/DISCHI/R-FIX/RF8148S.jpg -> SKU RF8148S -> uid 41160179: OK
[620/1287] /Users/anna.nardi/Library/CloudStorage/OneDrive-Raccoltecondivise-DuckyNetworkS.r.l/E-Commerce - FOTO PRODOTTO 2019_2022_2023_2024_2025/DISCHI/R-FIX/RF8149S.jpg -> SKU RF8149S -> uid 41160180: OK
[621/1287] /Users/anna.nardi/Library/CloudStorage/OneDrive-Raccoltecondivise-DuckyNetworkS.r.l/E-Commerce - FOTO PRODOTTO 2019_2022_2023_2024_2025/DISCHI/R-FIX/RF8150S.jpg -> SKU RF8150S -> uid 41160181: OK
[622/1287] /Users/anna.nardi/Library/CloudStorage/OneDrive-Raccoltecondivise-DuckyNetworkS.r.l/E-Commerce - FOTO PRODOTTO 2019_2022_2023_2024_2025/DISCHI/R-FIX/RF8151S.jpg -> SKU RF8151S -> uid 41160182: OK
[623/1287] /Users/anna.nardi/Library/CloudStorage/OneDrive-Raccoltecondivise-DuckyNetworkS.r.l/E-Commerce - FOTO PRODOTTO 2019_2022_2023_2024_2025/DISCHI/R-FIX/RF8152S.jpg -> SKU RF8152S -> uid 41160183: OK
[624/1287] /Users/anna.nardi/Library/CloudStorage/OneDrive-Raccoltecondivise-DuckyNetworkS.r.l/E-Commerce - FOTO PRODOTTO 2019_2022_2023_2024_2025/DISCHI/R-FIX/RF8153S.jpg -> SKU RF8153S -> uid 41160184: OK
[625/1287] /Users/anna.nardi/Library/CloudStorage/OneDrive-Raccoltecondivise-DuckyNetworkS.r.l/E-Commerce - FOTO PRODOTTO 2019_2022_2023_2024_2025/DISCHI/R-FIX/RF8154S.jpg -> SKU RF8154S -> uid 41160185: OK
[626/1287] /Users/anna.nardi/Library/CloudStorage/OneDrive-Raccoltecondivise-DuckyNetworkS.r.l/E-Commerce - FOTO PRODOTTO 2019_2022_2023_2024_2025/DISCHI/R-FIX/RF8506.jpg -> SKU RF8506 -> uid 41160186: OK
[627/1287] /Users/anna.nardi/Library/CloudStorage/OneDrive-Raccoltecondivise-DuckyNetworkS.r.l/E-Commerce - FOTO PRODOTTO 2019_2022_2023_2024_2025/DISCHI/R-FIX/RF8507.jpg -> SKU RF8507 -> uid 41160187: OK
[628/1287] /Users/anna.nardi/Library/CloudStorage/OneDrive-Raccoltecondivise-DuckyNetworkS.r.l/E-Commerce - FOTO PRODOTTO 2019_2022_2023_2024_2025/DISCHI/R-FIX/RF8508.jpg -> SKU RF8508 -> uid 41160188: OK
[629/1287] /Users/anna.nardi/Library/CloudStorage/OneDrive-Raccoltecondivise-DuckyNetworkS.r.l/E-Commerce - FOTO PRODOTTO 2019_2022_2023_2024_2025/DISCHI/R-FIX/RF8509.jpg -> SKU RF8509 -> uid 41160189: OK
[630/1287] /Users/anna.nardi/Library/CloudStorage/OneDrive-Raccoltecondivise-DuckyNetworkS.r.l/E-Commerce - FOTO PRODOTTO 2019_2022_2023_2024_2025/DISCHI/R-FIX/RF8511.jpg -> SKU RF8511 -> uid 41160190: OK
[631/1287] /Users/anna.nardi/Library/CloudStorage/OneDrive-Raccoltecondivise-DuckyNetworkS.r.l/E-Commerce - FOTO PRODOTTO 2019_2022_2023_2024_2025/DISCHI/R-FIX/RF8512.jpg -> SKU RF8512 -> uid 41160191: OK
[632/1287] /Users/anna.nardi/Library/CloudStorage/OneDrive-Raccoltecondivise-DuckyNetworkS.r.l/E-Commerce - FOTO PRODOTTO 2019_2022_2023_2024_2025/DISCHI/R-FIX/RF8513.jpg -> SKU RF8513 -> uid 41160192: OK
[633/1287] /Users/anna.nardi/Library/CloudStorage/OneDrive-Raccoltecondivise-DuckyNetworkS.r.l/E-Commerce - FOTO PRODOTTO 2019_2022_2023_2024_2025/DISCHI/R-FIX/RF8514.jpg -> SKU RF8514 -> uid 41160193: OK
[634/1287] /Users/anna.nardi/Library/CloudStorage/OneDrive-Raccoltecondivise-DuckyNetworkS.r.l/E-Commerce - FOTO PRODOTTO 2019_2022_2023_2024_2025/DISCHI/R-FIX/RF8515.jpg -> SKU RF8515 -> uid 41160194: OK
[635/1287] /Users/anna.nardi/Library/CloudStorage/OneDrive-Raccoltecondivise-DuckyNetworkS.r.l/E-Commerce - FOTO PRODOTTO 2019_2022_2023_2024_2025/DISCHI/R-FIX/RF8516.jpg -> SKU RF8516 -> uid 41160195: OK
[636/1287] /Users/anna.nardi/Library/CloudStorage/OneDrive-Raccoltecondivise-DuckyNetworkS.r.l/E-Commerce - FOTO PRODOTTO 2019_2022_2023_2024_2025/DISCHI/R-FIX/RF8517.jpg -> SKU RF8517 -> uid 41160196: OK
[637/1287] /Users/anna.nardi/Library/CloudStorage/OneDrive-Raccoltecondivise-DuckyNetworkS.r.l/E-Commerce - FOTO PRODOTTO 2019_2022_2023_2024_2025/DISCHI/R-FIX/RF8520.jpg -> SKU RF8520 -> uid 41160197: OK
[638/1287] /Users/anna.nardi/Library/CloudStorage/OneDrive-Raccoltecondivise-DuckyNetworkS.r.l/E-Commerce - FOTO PRODOTTO 2019_2022_2023_2024_2025/DISCHI/R-FIX/RF8522.jpg -> SKU RF8522 -> uid 41160198: OK
[639/1287] /Users/anna.nardi/Library/CloudStorage/OneDrive-Raccoltecondivise-DuckyNetworkS.r.l/E-Commerce - FOTO PRODOTTO 2019_2022_2023_2024_2025/DISCHI/R-FIX/RF8523.jpg -> SKU RF8523 -> uid 41160199: OK
[640/1287] /Users/anna.nardi/Library/CloudStorage/OneDrive-Raccoltecondivise-DuckyNetworkS.r.l/E-Commerce - FOTO PRODOTTO 2019_2022_2023_2024_2025/DISCHI/R-FIX/RF8524S.jpg -> SKU RF8524S -> uid 41160200: OK
[641/1287] /Users/anna.nardi/Library/CloudStorage/OneDrive-Raccoltecondivise-DuckyNetworkS.r.l/E-Commerce - FOTO PRODOTTO 2019_2022_2023_2024_2025/DISCHI/R-FIX/RF8525S.jpg -> SKU RF8525S -> uid 41160201: OK
[642/1287] /Users/anna.nardi/Library/CloudStorage/OneDrive-Raccoltecondivise-DuckyNetworkS.r.l/E-Commerce - FOTO PRODOTTO 2019_2022_2023_2024_2025/DISCHI/R-FIX/RF8526S.jpg -> SKU RF8526S -> uid 41160202: OK
[643/1287] /Users/anna.nardi/Library/CloudStorage/OneDrive-Raccoltecondivise-DuckyNetworkS.r.l/E-Commerce - FOTO PRODOTTO 2019_2022_2023_2024_2025/DISCHI/R-FIX/RF8527S.jpg -> SKU RF8527S -> uid 41160203: OK
[644/1287] /Users/anna.nardi/Library/CloudStorage/OneDrive-Raccoltecondivise-DuckyNetworkS.r.l/E-Commerce - FOTO PRODOTTO 2019_2022_2023_2024_2025/DISCHI/R-FLO/RH7003.jpg -> SKU RH7003 -> uid 41126660: OK
[645/1287] /Users/anna.nardi/Library/CloudStorage/OneDrive-Raccoltecondivise-DuckyNetworkS.r.l/E-Commerce - FOTO PRODOTTO 2019_2022_2023_2024_2025/DISCHI/R-FLO/RH7004.jpg -> SKU RH7004 -> uid 41126661: OK
[646/1287] /Users/anna.nardi/Library/CloudStorage/OneDrive-Raccoltecondivise-DuckyNetworkS.r.l/E-Commerce - FOTO PRODOTTO 2019_2022_2023_2024_2025/DISCHI/R-FLO/RH7005.jpg -> SKU RH7005 -> uid 41126662: OK
[647/1287] /Users/anna.nardi/Library/CloudStorage/OneDrive-Raccoltecondivise-DuckyNetworkS.r.l/E-Commerce - FOTO PRODOTTO 2019_2022_2023_2024_2025/DISCHI/R-FLO/RH7007.jpg -> SKU RH7007 -> uid 41160204: OK
[648/1287] /Users/anna.nardi/Library/CloudStorage/OneDrive-Raccoltecondivise-DuckyNetworkS.r.l/E-Commerce - FOTO PRODOTTO 2019_2022_2023_2024_2025/DISCHI/R-FLO/RH8101L.jpg -> SKU RH8101L -> uid 41160205: OK
[649/1287] /Users/anna.nardi/Library/CloudStorage/OneDrive-Raccoltecondivise-DuckyNetworkS.r.l/E-Commerce - FOTO PRODOTTO 2019_2022_2023_2024_2025/DISCHI/R-FLO/RH8101R.jpg -> SKU RH8101R -> uid 41160206: OK
[650/1287] /Users/anna.nardi/Library/CloudStorage/OneDrive-Raccoltecondivise-DuckyNetworkS.r.l/E-Commerce - FOTO PRODOTTO 2019_2022_2023_2024_2025/DISCHI/R-FLO/RH8102.jpg -> SKU RH8102 -> uid 41160207: OK
[651/1287] /Users/anna.nardi/Library/CloudStorage/OneDrive-Raccoltecondivise-DuckyNetworkS.r.l/E-Commerce - FOTO PRODOTTO 2019_2022_2023_2024_2025/DISCHI/R-FLO/RH8501.jpg -> SKU RH8501 -> uid 41160208: OK
[652/1287] /Users/anna.nardi/Library/CloudStorage/OneDrive-Raccoltecondivise-DuckyNetworkS.r.l/E-Commerce - FOTO PRODOTTO 2019_2022_2023_2024_2025/DISCHI/R-FLO/RL3005.jpg -> SKU RL3005 -> uid 41160209: OK
[653/1287] /Users/anna.nardi/Library/CloudStorage/OneDrive-Raccoltecondivise-DuckyNetworkS.r.l/E-Commerce - FOTO PRODOTTO 2019_2022_2023_2024_2025/DISCHI/R-FLO/RL3007.jpg -> SKU RL3007 -> uid 41160210: OK
[654/1287] /Users/anna.nardi/Library/CloudStorage/OneDrive-Raccoltecondivise-DuckyNetworkS.r.l/E-Commerce - FOTO PRODOTTO 2019_2022_2023_2024_2025/DISCHI/R-FLO/RL7005.jpg -> SKU RL7005 -> uid 41160211: OK
[655/1287] /Users/anna.nardi/Library/CloudStorage/OneDrive-Raccoltecondivise-DuckyNetworkS.r.l/E-Commerce - FOTO PRODOTTO 2019_2022_2023_2024_2025/DISCHI/R-FLO/RL7006.jpg -> SKU RL7006 -> uid 41160212: OK
[656/1287] /Users/anna.nardi/Library/CloudStorage/OneDrive-Raccoltecondivise-DuckyNetworkS.r.l/E-Commerce - FOTO PRODOTTO 2019_2022_2023_2024_2025/DISCHI/R-FLO/RL7007.jpg -> SKU RL7007 -> uid 41160213: OK
[657/1287] /Users/anna.nardi/Library/CloudStorage/OneDrive-Raccoltecondivise-DuckyNetworkS.r.l/E-Commerce - FOTO PRODOTTO 2019_2022_2023_2024_2025/DISCHI/R-FLO/RL7008.jpg -> SKU RL7008 -> uid 41160214: OK
[658/1287] /Users/anna.nardi/Library/CloudStorage/OneDrive-Raccoltecondivise-DuckyNetworkS.r.l/E-Commerce - FOTO PRODOTTO 2019_2022_2023_2024_2025/DISCHI/R-FLO/RL7010.jpg -> SKU RL7010 -> uid 41160215: OK
[659/1287] /Users/anna.nardi/Library/CloudStorage/OneDrive-Raccoltecondivise-DuckyNetworkS.r.l/E-Commerce - FOTO PRODOTTO 2019_2022_2023_2024_2025/DISCHI/R-FLO/RL7011.jpg -> SKU RL7011 -> uid 41160216: OK
[660/1287] /Users/anna.nardi/Library/CloudStorage/OneDrive-Raccoltecondivise-DuckyNetworkS.r.l/E-Commerce - FOTO PRODOTTO 2019_2022_2023_2024_2025/DISCHI/R-FLO/RL8001.jpg -> SKU RL8001 -> uid 41160217: OK
[661/1287] /Users/anna.nardi/Library/CloudStorage/OneDrive-Raccoltecondivise-DuckyNetworkS.r.l/E-Commerce - FOTO PRODOTTO 2019_2022_2023_2024_2025/RACCORDI/alta ris/RN2D011A.jpg -> SKU RN2D011A -> uid 41160222: OK
[662/1287] /Users/anna.nardi/Library/CloudStorage/OneDrive-Raccoltecondivise-DuckyNetworkS.r.l/E-Commerce - FOTO PRODOTTO 2019_2022_2023_2024_2025/RACCORDI/alta ris/RN3D008C.jpg -> SKU RN3D008C -> uid 41160223: OK
[663/1287] /Users/anna.nardi/Library/CloudStorage/OneDrive-Raccoltecondivise-DuckyNetworkS.r.l/E-Commerce - FOTO PRODOTTO 2019_2022_2023_2024_2025/RACCORDI/alta ris/RN3D008D.jpg -> SKU RN3D008D -> uid 41160224: OK
[664/1287] /Users/anna.nardi/Library/CloudStorage/OneDrive-Raccoltecondivise-DuckyNetworkS.r.l/E-Commerce - FOTO PRODOTTO 2019_2022_2023_2024_2025/RACCORDI/alta ris/RN3D009A.jpg -> SKU RN3D009A -> uid 41160225: OK
[665/1287] /Users/anna.nardi/Library/CloudStorage/OneDrive-Raccoltecondivise-DuckyNetworkS.r.l/E-Commerce - FOTO PRODOTTO 2019_2022_2023_2024_2025/RACCORDI/alta ris/RN3D009B.jpg -> SKU RN3D009B -> uid 41160226: OK
[666/1287] /Users/anna.nardi/Library/CloudStorage/OneDrive-Raccoltecondivise-DuckyNetworkS.r.l/E-Commerce - FOTO PRODOTTO 2019_2022_2023_2024_2025/RACCORDI/alta ris/RX0001.jpg -> SKU RX0001 -> uid 41464567: OK
[667/1287] /Users/anna.nardi/Library/CloudStorage/OneDrive-Raccoltecondivise-DuckyNetworkS.r.l/E-Commerce - FOTO PRODOTTO 2019_2022_2023_2024_2025/RACCORDI/alta ris/RX0002.jpg -> SKU RX0002 -> uid 41464568: OK
[668/1287] /Users/anna.nardi/Library/CloudStorage/OneDrive-Raccoltecondivise-DuckyNetworkS.r.l/E-Commerce - FOTO PRODOTTO 2019_2022_2023_2024_2025/RACCORDI/alta ris/RX0003.jpg -> SKU RX0003 -> uid 41160227: OK
[669/1287] /Users/anna.nardi/Library/CloudStorage/OneDrive-Raccoltecondivise-DuckyNetworkS.r.l/E-Commerce - FOTO PRODOTTO 2019_2022_2023_2024_2025/RACCORDI/alta ris/RX0004.jpg -> SKU RX0004 -> uid 41160228: OK
[670/1287] /Users/anna.nardi/Library/CloudStorage/OneDrive-Raccoltecondivise-DuckyNetworkS.r.l/E-Commerce - FOTO PRODOTTO 2019_2022_2023_2024_2025/RACCORDI/alta ris/RX0005.jpg -> SKU RX0005 -> uid 41464569: OK
[671/1287] /Users/anna.nardi/Library/CloudStorage/OneDrive-Raccoltecondivise-DuckyNetworkS.r.l/E-Commerce - FOTO PRODOTTO 2019_2022_2023_2024_2025/RACCORDI/alta ris/RX0006.jpg -> SKU RX0006 -> uid 41160229: OK
[672/1287] /Users/anna.nardi/Library/CloudStorage/OneDrive-Raccoltecondivise-DuckyNetworkS.r.l/E-Commerce - FOTO PRODOTTO 2019_2022_2023_2024_2025/RACCORDI/alta ris/RX0010.jpg -> SKU RX0010 -> uid 41160232: OK
[673/1287] /Users/anna.nardi/Library/CloudStorage/OneDrive-Raccoltecondivise-DuckyNetworkS.r.l/E-Commerce - FOTO PRODOTTO 2019_2022_2023_2024_2025/RACCORDI/alta ris/RX0011.jpg -> SKU RX0011 -> uid 41160233: OK
[674/1287] /Users/anna.nardi/Library/CloudStorage/OneDrive-Raccoltecondivise-DuckyNetworkS.r.l/E-Commerce - FOTO PRODOTTO 2019_2022_2023_2024_2025/RACCORDI/alta ris/RX0012.jpg -> SKU RX0012 -> uid 41160234: OK
[675/1287] /Users/anna.nardi/Library/CloudStorage/OneDrive-Raccoltecondivise-DuckyNetworkS.r.l/E-Commerce - FOTO PRODOTTO 2019_2022_2023_2024_2025/RACCORDI/alta ris/RX0013.jpg -> SKU RX0013 -> uid 41160235: OK
[676/1287] /Users/anna.nardi/Library/CloudStorage/OneDrive-Raccoltecondivise-DuckyNetworkS.r.l/E-Commerce - FOTO PRODOTTO 2019_2022_2023_2024_2025/RACCORDI/alta ris/RX0014.jpg -> SKU RX0014 -> uid 41160236: OK
[677/1287] /Users/anna.nardi/Library/CloudStorage/OneDrive-Raccoltecondivise-DuckyNetworkS.r.l/E-Commerce - FOTO PRODOTTO 2019_2022_2023_2024_2025/RACCORDI/alta ris/RX0015.jpg -> SKU RX0015 -> uid 41160237: OK
[678/1287] /Users/anna.nardi/Library/CloudStorage/OneDrive-Raccoltecondivise-DuckyNetworkS.r.l/E-Commerce - FOTO PRODOTTO 2019_2022_2023_2024_2025/RACCORDI/alta ris/RX0016.jpg -> SKU RX0016 -> uid 41160238: OK
[679/1287] /Users/anna.nardi/Library/CloudStorage/OneDrive-Raccoltecondivise-DuckyNetworkS.r.l/E-Commerce - FOTO PRODOTTO 2019_2022_2023_2024_2025/RACCORDI/alta ris/RX0017.jpg -> SKU RX0017 -> uid 41160239: OK
[680/1287] /Users/anna.nardi/Library/CloudStorage/OneDrive-Raccoltecondivise-DuckyNetworkS.r.l/E-Commerce - FOTO PRODOTTO 2019_2022_2023_2024_2025/BICI/Dischi bici/S32007.jpg -> SKU S32007 -> uid 41160240: OK
[681/1287] /Users/anna.nardi/Library/CloudStorage/OneDrive-Raccoltecondivise-DuckyNetworkS.r.l/E-Commerce - FOTO PRODOTTO 2019_2022_2023_2024_2025/BICI/Dischi bici/S32008.jpg -> SKU S32008 -> uid 41160241: OK
[682/1287] /Users/anna.nardi/Library/CloudStorage/OneDrive-Raccoltecondivise-DuckyNetworkS.r.l/E-Commerce - FOTO PRODOTTO 2019_2022_2023_2024_2025/BICI/Dischi bici/S32009.jpg -> SKU S32009 -> uid 41160242: OK
[683/1287] /Users/anna.nardi/Library/CloudStorage/OneDrive-Raccoltecondivise-DuckyNetworkS.r.l/E-Commerce - FOTO PRODOTTO 2019_2022_2023_2024_2025/BICI/Dischi bici/S32010.jpg -> SKU S32010 -> uid 41160243: OK
[684/1287] /Users/anna.nardi/Library/CloudStorage/OneDrive-Raccoltecondivise-DuckyNetworkS.r.l/E-Commerce - FOTO PRODOTTO 2019_2022_2023_2024_2025/DISCHI/S3/S34001.jpg -> SKU S34001 -> uid 41160244: OK
[685/1287] /Users/anna.nardi/Library/CloudStorage/OneDrive-Raccoltecondivise-DuckyNetworkS.r.l/E-Commerce - FOTO PRODOTTO 2019_2022_2023_2024_2025/DISCHI/S3/S34002.jpg -> SKU S34002 -> uid 41160245: OK
[686/1287] /Users/anna.nardi/Library/CloudStorage/OneDrive-Raccoltecondivise-DuckyNetworkS.r.l/E-Commerce - FOTO PRODOTTO 2019_2022_2023_2024_2025/DISCHI/S3/S34003.jpg -> SKU S34003 -> uid 41160246: OK
[687/1287] /Users/anna.nardi/Library/CloudStorage/OneDrive-Raccoltecondivise-DuckyNetworkS.r.l/E-Commerce - FOTO PRODOTTO 2019_2022_2023_2024_2025/DISCHI/S3/S34004.jpg -> SKU S34004 -> uid 41160247: OK
[688/1287] /Users/anna.nardi/Library/CloudStorage/OneDrive-Raccoltecondivise-DuckyNetworkS.r.l/E-Commerce - FOTO PRODOTTO 2019_2022_2023_2024_2025/DISCHI/S3/S34005.jpg -> SKU S34005 -> uid 41160248: OK
[689/1287] /Users/anna.nardi/Library/CloudStorage/OneDrive-Raccoltecondivise-DuckyNetworkS.r.l/E-Commerce - FOTO PRODOTTO 2019_2022_2023_2024_2025/DISCHI/S3/S34006.jpg -> SKU S34006 -> uid 41160249: OK
[690/1287] /Users/anna.nardi/Library/CloudStorage/OneDrive-Raccoltecondivise-DuckyNetworkS.r.l/E-Commerce - FOTO PRODOTTO 2019_2022_2023_2024_2025/DISCHI/S3/S34007.jpg -> SKU S34007 -> uid 41160250: OK
[691/1287] /Users/anna.nardi/Library/CloudStorage/OneDrive-Raccoltecondivise-DuckyNetworkS.r.l/E-Commerce - FOTO PRODOTTO 2019_2022_2023_2024_2025/DISCHI/S3/S34008.jpg -> SKU S34008 -> uid 41160251: OK
[692/1287] /Users/anna.nardi/Library/CloudStorage/OneDrive-Raccoltecondivise-DuckyNetworkS.r.l/E-Commerce - FOTO PRODOTTO 2019_2022_2023_2024_2025/DISCHI/S3/S34009.jpg -> SKU S34009 -> uid 41160252: OK
[693/1287] /Users/anna.nardi/Library/CloudStorage/OneDrive-Raccoltecondivise-DuckyNetworkS.r.l/E-Commerce - FOTO PRODOTTO 2019_2022_2023_2024_2025/DISCHI/S3/S34010.jpg -> SKU S34010 -> uid 41160253: OK
[694/1287] /Users/anna.nardi/Library/CloudStorage/OneDrive-Raccoltecondivise-DuckyNetworkS.r.l/E-Commerce - FOTO PRODOTTO 2019_2022_2023_2024_2025/DISCHI/S3/S34011.jpg -> SKU S34011 -> uid 41160254: OK
[695/1287] /Users/anna.nardi/Library/CloudStorage/OneDrive-Raccoltecondivise-DuckyNetworkS.r.l/E-Commerce - FOTO PRODOTTO 2019_2022_2023_2024_2025/DISCHI/S3/S34012.jpg -> SKU S34012 -> uid 41160255: OK
[696/1287] /Users/anna.nardi/Library/CloudStorage/OneDrive-Raccoltecondivise-DuckyNetworkS.r.l/E-Commerce - FOTO PRODOTTO 2019_2022_2023_2024_2025/DISCHI/S3/S34013.jpg -> SKU S34013 -> uid 41160256: OK
[697/1287] /Users/anna.nardi/Library/CloudStorage/OneDrive-Raccoltecondivise-DuckyNetworkS.r.l/E-Commerce - FOTO PRODOTTO 2019_2022_2023_2024_2025/DISCHI/S3/S34014.jpg -> SKU S34014 -> uid 41160257: OK
[698/1287] /Users/anna.nardi/Library/CloudStorage/OneDrive-Raccoltecondivise-DuckyNetworkS.r.l/E-Commerce - FOTO PRODOTTO 2019_2022_2023_2024_2025/DISCHI/S3/S3 Posteriore/S34501.jpg -> SKU S34501 -> uid 41160258: OK
[699/1287] /Users/anna.nardi/Library/CloudStorage/OneDrive-Raccoltecondivise-DuckyNetworkS.r.l/E-Commerce - FOTO PRODOTTO 2019_2022_2023_2024_2025/DISCHI/S3/S3 Posteriore/S34502.jpg -> SKU S34502 -> uid 41160259: OK
[700/1287] /Users/anna.nardi/Library/CloudStorage/OneDrive-Raccoltecondivise-DuckyNetworkS.r.l/E-Commerce - FOTO PRODOTTO 2019_2022_2023_2024_2025/DISCHI/S3/S3 Posteriore/S34503.jpg -> SKU S34503 -> uid 41160260: OK
[701/1287] /Users/anna.nardi/Library/CloudStorage/OneDrive-Raccoltecondivise-DuckyNetworkS.r.l/E-Commerce - FOTO PRODOTTO 2019_2022_2023_2024_2025/DISCHI/S3/S3 Posteriore/S34504.jpg -> SKU S34504 -> uid 41160261: OK
[702/1287] /Users/anna.nardi/Library/CloudStorage/OneDrive-Raccoltecondivise-DuckyNetworkS.r.l/E-Commerce - FOTO PRODOTTO 2019_2022_2023_2024_2025/DISCHI/S3/S3 Posteriore/S34505.jpg -> SKU S34505 -> uid 41160262: OK
[703/1287] /Users/anna.nardi/Library/CloudStorage/OneDrive-Raccoltecondivise-DuckyNetworkS.r.l/E-Commerce - FOTO PRODOTTO 2019_2022_2023_2024_2025/DISCHI/S3/S38003.jpg -> SKU S38003 -> uid 41160263: OK
[704/1287] /Users/anna.nardi/Library/CloudStorage/OneDrive-Raccoltecondivise-DuckyNetworkS.r.l/E-Commerce - FOTO PRODOTTO 2019_2022_2023_2024_2025/DISCHI/S3/S38004.jpg -> SKU S38004 -> uid 41160264: OK
[705/1287] /Users/anna.nardi/Library/CloudStorage/OneDrive-Raccoltecondivise-DuckyNetworkS.r.l/E-Commerce - FOTO PRODOTTO 2019_2022_2023_2024_2025/DISCHI/S3/S38005.jpg -> SKU S38005 -> uid 41160265: OK
[706/1287] /Users/anna.nardi/Library/CloudStorage/OneDrive-Raccoltecondivise-DuckyNetworkS.r.l/E-Commerce - FOTO PRODOTTO 2019_2022_2023_2024_2025/DISCHI/S3/S38006.jpg -> SKU S38006 -> uid 41160266: OK
[707/1287] /Users/anna.nardi/Library/CloudStorage/OneDrive-Raccoltecondivise-DuckyNetworkS.r.l/E-Commerce - FOTO PRODOTTO 2019_2022_2023_2024_2025/DISCHI/S3/S38007.jpg -> SKU S38007 -> uid 41160267: OK
[708/1287] /Users/anna.nardi/Library/CloudStorage/OneDrive-Raccoltecondivise-DuckyNetworkS.r.l/E-Commerce - FOTO PRODOTTO 2019_2022_2023_2024_2025/DISCHI/S3/S38009.jpg -> SKU S38009 -> uid 41160268: OK
[709/1287] /Users/anna.nardi/Library/CloudStorage/OneDrive-Raccoltecondivise-DuckyNetworkS.r.l/E-Commerce - FOTO PRODOTTO 2019_2022_2023_2024_2025/DISCHI/S3/S38012.jpg -> SKU S38012 -> uid 41160269: OK
[710/1287] /Users/anna.nardi/Library/CloudStorage/OneDrive-Raccoltecondivise-DuckyNetworkS.r.l/E-Commerce - FOTO PRODOTTO 2019_2022_2023_2024_2025/DISCHI/S3/S38014.jpg -> SKU S38014 -> uid 41160270: OK
[711/1287] /Users/anna.nardi/Library/CloudStorage/OneDrive-Raccoltecondivise-DuckyNetworkS.r.l/E-Commerce - FOTO PRODOTTO 2019_2022_2023_2024_2025/DISCHI/S3/S38016.jpg -> SKU S38016 -> uid 41160271: OK
[712/1287] /Users/anna.nardi/Library/CloudStorage/OneDrive-Raccoltecondivise-DuckyNetworkS.r.l/E-Commerce - FOTO PRODOTTO 2019_2022_2023_2024_2025/DISCHI/S3/S38017.jpg -> SKU S38017 -> uid 41160272: OK
[713/1287] /Users/anna.nardi/Library/CloudStorage/OneDrive-Raccoltecondivise-DuckyNetworkS.r.l/E-Commerce - FOTO PRODOTTO 2019_2022_2023_2024_2025/DISCHI/S3/S38020.jpg -> SKU S38020 -> uid 41160273: OK
[714/1287] /Users/anna.nardi/Library/CloudStorage/OneDrive-Raccoltecondivise-DuckyNetworkS.r.l/E-Commerce - FOTO PRODOTTO 2019_2022_2023_2024_2025/DISCHI/S3/S38022.jpg -> SKU S38022 -> uid 41160274: OK
[715/1287] /Users/anna.nardi/Library/CloudStorage/OneDrive-Raccoltecondivise-DuckyNetworkS.r.l/E-Commerce - FOTO PRODOTTO 2019_2022_2023_2024_2025/DISCHI/R-STX/STX01.jpg -> SKU STX01 -> uid 41160279: OK
[716/1287] /Users/anna.nardi/Library/CloudStorage/OneDrive-Raccoltecondivise-DuckyNetworkS.r.l/E-Commerce - FOTO PRODOTTO 2019_2022_2023_2024_2025/DISCHI/R-STX/STX04.jpg -> SKU STX04 -> uid 41160280: OK
[717/1287] /Users/anna.nardi/Library/CloudStorage/OneDrive-Raccoltecondivise-DuckyNetworkS.r.l/E-Commerce - FOTO PRODOTTO 2019_2022_2023_2024_2025/DISCHI/R-STX/STX05.jpg -> SKU STX05 -> uid 41160281: OK
[718/1287] /Users/anna.nardi/Library/CloudStorage/OneDrive-Raccoltecondivise-DuckyNetworkS.r.l/E-Commerce - FOTO PRODOTTO 2019_2022_2023_2024_2025/DISCHI/R-STX/STX06.jpg -> SKU STX06 -> uid 41160282: OK
[719/1287] /Users/anna.nardi/Library/CloudStorage/OneDrive-Raccoltecondivise-DuckyNetworkS.r.l/E-Commerce - FOTO PRODOTTO 2019_2022_2023_2024_2025/DISCHI/R-STX/STX08.jpg -> SKU STX08 -> uid 41160283: OK
[720/1287] /Users/anna.nardi/Library/CloudStorage/OneDrive-Raccoltecondivise-DuckyNetworkS.r.l/E-Commerce - FOTO PRODOTTO 2019_2022_2023_2024_2025/DISCHI/R-STX/STX09.jpg -> SKU STX09 -> uid 41160284: OK
[721/1287] /Users/anna.nardi/Library/CloudStorage/OneDrive-Raccoltecondivise-DuckyNetworkS.r.l/E-Commerce - FOTO PRODOTTO 2019_2022_2023_2024_2025/DISCHI/R-STX/STX10.jpg -> SKU STX10 -> uid 41160285: OK
[722/1287] /Users/anna.nardi/Library/CloudStorage/OneDrive-Raccoltecondivise-DuckyNetworkS.r.l/E-Commerce - FOTO PRODOTTO 2019_2022_2023_2024_2025/DISCHI/R-STX/STX101.jpg -> SKU STX101 -> uid 41160286: OK
[723/1287] /Users/anna.nardi/Library/CloudStorage/OneDrive-Raccoltecondivise-DuckyNetworkS.r.l/E-Commerce - FOTO PRODOTTO 2019_2022_2023_2024_2025/DISCHI/R-STX/STX11.jpg -> SKU STX11 -> uid 41160287: OK
[724/1287] /Users/anna.nardi/Library/CloudStorage/OneDrive-Raccoltecondivise-DuckyNetworkS.r.l/E-Commerce - FOTO PRODOTTO 2019_2022_2023_2024_2025/DISCHI/R-STX/STX110.jpg -> SKU STX110 -> uid 41160288: OK
[725/1287] /Users/anna.nardi/Library/CloudStorage/OneDrive-Raccoltecondivise-DuckyNetworkS.r.l/E-Commerce - FOTO PRODOTTO 2019_2022_2023_2024_2025/DISCHI/R-STX/STX112.jpg -> SKU STX112 -> uid 41160289: OK
[726/1287] /Users/anna.nardi/Library/CloudStorage/OneDrive-Raccoltecondivise-DuckyNetworkS.r.l/E-Commerce - FOTO PRODOTTO 2019_2022_2023_2024_2025/DISCHI/R-STX/STX113.jpg -> SKU STX113 -> uid 41160290: OK
[727/1287] /Users/anna.nardi/Library/CloudStorage/OneDrive-Raccoltecondivise-DuckyNetworkS.r.l/E-Commerce - FOTO PRODOTTO 2019_2022_2023_2024_2025/DISCHI/R-STX/STX12.jpg -> SKU STX12 -> uid 41160291: OK
[728/1287] /Users/anna.nardi/Library/CloudStorage/OneDrive-Raccoltecondivise-DuckyNetworkS.r.l/E-Commerce - FOTO PRODOTTO 2019_2022_2023_2024_2025/DISCHI/R-STX/STX125.jpg -> SKU STX125 -> uid 41160292: OK
[729/1287] /Users/anna.nardi/Library/CloudStorage/OneDrive-Raccoltecondivise-DuckyNetworkS.r.l/E-Commerce - FOTO PRODOTTO 2019_2022_2023_2024_2025/DISCHI/R-STX/STX134.jpg -> SKU STX134 -> uid 41160293: OK
[730/1287] /Users/anna.nardi/Library/CloudStorage/OneDrive-Raccoltecondivise-DuckyNetworkS.r.l/E-Commerce - FOTO PRODOTTO 2019_2022_2023_2024_2025/DISCHI/R-STX/STX136.jpg -> SKU STX136 -> uid 41160294: OK
[731/1287] /Users/anna.nardi/Library/CloudStorage/OneDrive-Raccoltecondivise-DuckyNetworkS.r.l/E-Commerce - FOTO PRODOTTO 2019_2022_2023_2024_2025/DISCHI/R-STX/STX142.jpg -> SKU STX142 -> uid 41160295: OK
[732/1287] /Users/anna.nardi/Library/CloudStorage/OneDrive-Raccoltecondivise-DuckyNetworkS.r.l/E-Commerce - FOTO PRODOTTO 2019_2022_2023_2024_2025/DISCHI/R-STX/STX144.jpg -> SKU STX144 -> uid 41160296: OK
[733/1287] /Users/anna.nardi/Library/CloudStorage/OneDrive-Raccoltecondivise-DuckyNetworkS.r.l/E-Commerce - FOTO PRODOTTO 2019_2022_2023_2024_2025/DISCHI/R-STX/STX149.jpg -> SKU STX149 -> uid 41160297: OK
[734/1287] /Users/anna.nardi/Library/CloudStorage/OneDrive-Raccoltecondivise-DuckyNetworkS.r.l/E-Commerce - FOTO PRODOTTO 2019_2022_2023_2024_2025/DISCHI/R-STX/STX15.jpg -> SKU STX15 -> uid 41160298: OK
[735/1287] /Users/anna.nardi/Library/CloudStorage/OneDrive-Raccoltecondivise-DuckyNetworkS.r.l/E-Commerce - FOTO PRODOTTO 2019_2022_2023_2024_2025/DISCHI/R-STX/STX17.jpg -> SKU STX17 -> uid 41160299: OK
[736/1287] /Users/anna.nardi/Library/CloudStorage/OneDrive-Raccoltecondivise-DuckyNetworkS.r.l/E-Commerce - FOTO PRODOTTO 2019_2022_2023_2024_2025/DISCHI/R-STX/STX20.jpg -> SKU STX20 -> uid 41160300: OK
[737/1287] /Users/anna.nardi/Library/CloudStorage/OneDrive-Raccoltecondivise-DuckyNetworkS.r.l/E-Commerce - FOTO PRODOTTO 2019_2022_2023_2024_2025/DISCHI/R-STX/STX21.jpg -> SKU STX21 -> uid 41160301: OK
[738/1287] /Users/anna.nardi/Library/CloudStorage/OneDrive-Raccoltecondivise-DuckyNetworkS.r.l/E-Commerce - FOTO PRODOTTO 2019_2022_2023_2024_2025/DISCHI/R-STX/STX29.jpg -> SKU STX29 -> uid 41160302: OK
[739/1287] /Users/anna.nardi/Library/CloudStorage/OneDrive-Raccoltecondivise-DuckyNetworkS.r.l/E-Commerce - FOTO PRODOTTO 2019_2022_2023_2024_2025/DISCHI/R-STX/STX33.jpg -> SKU STX33 -> uid 41160303: OK
[740/1287] /Users/anna.nardi/Library/CloudStorage/OneDrive-Raccoltecondivise-DuckyNetworkS.r.l/E-Commerce - FOTO PRODOTTO 2019_2022_2023_2024_2025/DISCHI/R-STX/STX36.jpg -> SKU STX36 -> uid 41160304: OK
[741/1287] /Users/anna.nardi/Library/CloudStorage/OneDrive-Raccoltecondivise-DuckyNetworkS.r.l/E-Commerce - FOTO PRODOTTO 2019_2022_2023_2024_2025/DISCHI/R-STX/STX39.jpg -> SKU STX39 -> uid 41160305: OK
[742/1287] /Users/anna.nardi/Library/CloudStorage/OneDrive-Raccoltecondivise-DuckyNetworkS.r.l/E-Commerce - FOTO PRODOTTO 2019_2022_2023_2024_2025/DISCHI/R-STX/STX40.jpg -> SKU STX40 -> uid 41160306: OK
[743/1287] /Users/anna.nardi/Library/CloudStorage/OneDrive-Raccoltecondivise-DuckyNetworkS.r.l/E-Commerce - FOTO PRODOTTO 2019_2022_2023_2024_2025/DISCHI/R-STX/STX41.jpg -> SKU STX41 -> uid 41160307: OK
[744/1287] /Users/anna.nardi/Library/CloudStorage/OneDrive-Raccoltecondivise-DuckyNetworkS.r.l/E-Commerce - FOTO PRODOTTO 2019_2022_2023_2024_2025/DISCHI/R-STX/STX43.jpg -> SKU STX43 -> uid 41160308: OK
[745/1287] /Users/anna.nardi/Library/CloudStorage/OneDrive-Raccoltecondivise-DuckyNetworkS.r.l/E-Commerce - FOTO PRODOTTO 2019_2022_2023_2024_2025/DISCHI/R-STX/STX46.jpg -> SKU STX46 -> uid 41160309: OK
[746/1287] /Users/anna.nardi/Library/CloudStorage/OneDrive-Raccoltecondivise-DuckyNetworkS.r.l/E-Commerce - FOTO PRODOTTO 2019_2022_2023_2024_2025/DISCHI/R-STX/STX47.jpg -> SKU STX47 -> uid 41160310: OK
[747/1287] /Users/anna.nardi/Library/CloudStorage/OneDrive-Raccoltecondivise-DuckyNetworkS.r.l/E-Commerce - FOTO PRODOTTO 2019_2022_2023_2024_2025/DISCHI/R-STX/STX62.jpg -> SKU STX62 -> uid 41160311: OK
[748/1287] /Users/anna.nardi/Library/CloudStorage/OneDrive-Raccoltecondivise-DuckyNetworkS.r.l/E-Commerce - FOTO PRODOTTO 2019_2022_2023_2024_2025/DISCHI/R-STX/STX66.jpg -> SKU STX66 -> uid 41160312: OK
[749/1287] /Users/anna.nardi/Library/CloudStorage/OneDrive-Raccoltecondivise-DuckyNetworkS.r.l/E-Commerce - FOTO PRODOTTO 2019_2022_2023_2024_2025/DISCHI/R-STX/STX67.jpg -> SKU STX67 -> uid 41160313: OK
[750/1287] /Users/anna.nardi/Library/CloudStorage/OneDrive-Raccoltecondivise-DuckyNetworkS.r.l/E-Commerce - FOTO PRODOTTO 2019_2022_2023_2024_2025/DISCHI/R-STX/STX68.jpg -> SKU STX68 -> uid 41160314: OK
[751/1287] /Users/anna.nardi/Library/CloudStorage/OneDrive-Raccoltecondivise-DuckyNetworkS.r.l/E-Commerce - FOTO PRODOTTO 2019_2022_2023_2024_2025/DISCHI/R-STX/STX69.jpg -> SKU STX69 -> uid 41160315: OK
[752/1287] /Users/anna.nardi/Library/CloudStorage/OneDrive-Raccoltecondivise-DuckyNetworkS.r.l/E-Commerce - FOTO PRODOTTO 2019_2022_2023_2024_2025/DISCHI/R-STX/STX70.jpg -> SKU STX70 -> uid 41160316: OK
[753/1287] /Users/anna.nardi/Library/CloudStorage/OneDrive-Raccoltecondivise-DuckyNetworkS.r.l/E-Commerce - FOTO PRODOTTO 2019_2022_2023_2024_2025/DISCHI/R-STX/STX71.jpg -> SKU STX71 -> uid 41160317: OK
[754/1287] /Users/anna.nardi/Library/CloudStorage/OneDrive-Raccoltecondivise-DuckyNetworkS.r.l/E-Commerce - FOTO PRODOTTO 2019_2022_2023_2024_2025/DISCHI/R-STX/STX73.jpg -> SKU STX73 -> uid 41160318: OK
[755/1287] /Users/anna.nardi/Library/CloudStorage/OneDrive-Raccoltecondivise-DuckyNetworkS.r.l/E-Commerce - FOTO PRODOTTO 2019_2022_2023_2024_2025/DISCHI/R-STX/STX74.jpg -> SKU STX74 -> uid 41160319: OK
[756/1287] /Users/anna.nardi/Library/CloudStorage/OneDrive-Raccoltecondivise-DuckyNetworkS.r.l/E-Commerce - FOTO PRODOTTO 2019_2022_2023_2024_2025/DISCHI/R-STX/STX76.jpg -> SKU STX76 -> uid 41160320: OK
[757/1287] /Users/anna.nardi/Library/CloudStorage/OneDrive-Raccoltecondivise-DuckyNetworkS.r.l/E-Commerce - FOTO PRODOTTO 2019_2022_2023_2024_2025/DISCHI/R-STX/STX78.jpg -> SKU STX78 -> uid 41160321: OK
[758/1287] /Users/anna.nardi/Library/CloudStorage/OneDrive-Raccoltecondivise-DuckyNetworkS.r.l/E-Commerce - FOTO PRODOTTO 2019_2022_2023_2024_2025/DISCHI/R-STX/STX80.jpg -> SKU STX80 -> uid 41160322: OK
[759/1287] /Users/anna.nardi/Library/CloudStorage/OneDrive-Raccoltecondivise-DuckyNetworkS.r.l/E-Commerce - FOTO PRODOTTO 2019_2022_2023_2024_2025/DISCHI/R-STX/STX83.jpg -> SKU STX83 -> uid 41160323: OK
[760/1287] /Users/anna.nardi/Library/CloudStorage/OneDrive-Raccoltecondivise-DuckyNetworkS.r.l/E-Commerce - FOTO PRODOTTO 2019_2022_2023_2024_2025/DISCHI/R-STX/STX90.jpg -> SKU STX90 -> uid 41160324: OK
[761/1287] /Users/anna.nardi/Library/CloudStorage/OneDrive-Raccoltecondivise-DuckyNetworkS.r.l/E-Commerce - FOTO PRODOTTO 2019_2022_2023_2024_2025/DISCHI/R-STX/STX92.jpg -> SKU STX92 -> uid 41160325: OK
[762/1287] /Users/anna.nardi/Library/CloudStorage/OneDrive-Raccoltecondivise-DuckyNetworkS.r.l/E-Commerce - FOTO PRODOTTO 2019_2022_2023_2024_2025/DISCHI/R-STX/STX93.jpg -> SKU STX93 -> uid 41160326: OK
[763/1287] /Users/anna.nardi/Library/CloudStorage/OneDrive-Raccoltecondivise-DuckyNetworkS.r.l/E-Commerce - FOTO PRODOTTO 2019_2022_2023_2024_2025/DISCHI/R-STX/STX94.jpg -> SKU STX94 -> uid 41160327: OK
[764/1287] /Users/anna.nardi/Library/CloudStorage/OneDrive-Raccoltecondivise-DuckyNetworkS.r.l/E-Commerce - FOTO PRODOTTO 2019_2022_2023_2024_2025/DISCHI/R-STX/STX95.jpg -> SKU STX95 -> uid 41160328: OK
[765/1287] /Users/anna.nardi/Library/CloudStorage/OneDrive-Raccoltecondivise-DuckyNetworkS.r.l/E-Commerce - FOTO PRODOTTO 2019_2022_2023_2024_2025/DISCHI/R-STX/STX96.jpg -> SKU STX96 -> uid 41160329: OK
[766/1287] /Users/anna.nardi/Library/CloudStorage/OneDrive-Raccoltecondivise-DuckyNetworkS.r.l/E-Commerce - FOTO PRODOTTO 2019_2022_2023_2024_2025/DISCHI/R-STX/STX97.jpg -> SKU STX97 -> uid 41160330: OK
[767/1287] /Users/anna.nardi/Library/CloudStorage/OneDrive-Raccoltecondivise-DuckyNetworkS.r.l/E-Commerce - FOTO PRODOTTO 2019_2022_2023_2024_2025/DISCHI/R-STX/STX98.jpg -> SKU STX98 -> uid 41160331: OK
[768/1287] /Users/anna.nardi/Library/CloudStorage/OneDrive-Raccoltecondivise-DuckyNetworkS.r.l/E-Commerce - FOTO PRODOTTO 2019_2022_2023_2024_2025/DISCHI/W-FIX/SZ01FID.jpg -> SKU SZ01FID -> uid 41160332: OK
[769/1287] /Users/anna.nardi/Library/CloudStorage/OneDrive-Raccoltecondivise-DuckyNetworkS.r.l/E-Commerce - FOTO PRODOTTO 2019_2022_2023_2024_2025/DISCHI/W-FIX/SZ01RID.jpg -> SKU SZ01RID -> uid 41160333: OK
[770/1287] /Users/anna.nardi/Library/CloudStorage/OneDrive-Raccoltecondivise-DuckyNetworkS.r.l/E-Commerce - FOTO PRODOTTO 2019_2022_2023_2024_2025/DISCHI/R-FIX/SZ04RI.jpg -> SKU SZ04RI -> uid 41160334: OK
[771/1287] /Users/anna.nardi/Library/CloudStorage/OneDrive-Raccoltecondivise-DuckyNetworkS.r.l/E-Commerce - FOTO PRODOTTO 2019_2022_2023_2024_2025/DISCHI/R-FIX/SZ05RI.jpg -> SKU SZ05RI -> uid 41160335: OK
[772/1287] /Users/anna.nardi/Library/CloudStorage/OneDrive-Raccoltecondivise-DuckyNetworkS.r.l/E-Commerce - FOTO PRODOTTO 2019_2022_2023_2024_2025/DISCHI/R-FIX/SZ08RI.jpg -> SKU SZ08RI -> uid 41160336: OK
[773/1287] /Users/anna.nardi/Library/CloudStorage/OneDrive-Raccoltecondivise-DuckyNetworkS.r.l/E-Commerce - FOTO PRODOTTO 2019_2022_2023_2024_2025/DISCHI/W-FIX/SZ08RID.jpg -> SKU SZ08RID -> uid 41160337: OK
[774/1287] /Users/anna.nardi/Library/CloudStorage/OneDrive-Raccoltecondivise-DuckyNetworkS.r.l/E-Commerce - FOTO PRODOTTO 2019_2022_2023_2024_2025/DISCHI/R-FIX/SZ09FI.jpg -> SKU SZ09FI -> uid 41160338: OK
[775/1287] /Users/anna.nardi/Library/CloudStorage/OneDrive-Raccoltecondivise-DuckyNetworkS.r.l/E-Commerce - FOTO PRODOTTO 2019_2022_2023_2024_2025/DISCHI/R-FIX/SZ14RI.jpg -> SKU SZ14RI -> uid 41160339: OK
[776/1287] /Users/anna.nardi/Library/CloudStorage/OneDrive-Raccoltecondivise-DuckyNetworkS.r.l/E-Commerce - FOTO PRODOTTO 2019_2022_2023_2024_2025/DISCHI/R-FIX/SZ15FL.jpg -> SKU SZ15FL -> uid 41160340: OK
[777/1287] /Users/anna.nardi/Library/CloudStorage/OneDrive-Raccoltecondivise-DuckyNetworkS.r.l/E-Commerce - FOTO PRODOTTO 2019_2022_2023_2024_2025/DISCHI/R-FIX/SZ15RI.jpg -> SKU SZ15RI -> uid 41160341: OK
[778/1287] /Users/anna.nardi/Library/CloudStorage/OneDrive-Raccoltecondivise-DuckyNetworkS.r.l/E-Commerce - FOTO PRODOTTO 2019_2022_2023_2024_2025/DISCHI/W-FIX/SZ16FID.jpg -> SKU SZ16FID -> uid 41160342: OK
[779/1287] /Users/anna.nardi/Library/CloudStorage/OneDrive-Raccoltecondivise-DuckyNetworkS.r.l/E-Commerce - FOTO PRODOTTO 2019_2022_2023_2024_2025/DISCHI/W-FIX/SZ21RID.jpg -> SKU SZ21RID -> uid 41160343: OK
[780/1287] /Users/anna.nardi/Library/CloudStorage/OneDrive-Raccoltecondivise-DuckyNetworkS.r.l/E-Commerce - FOTO PRODOTTO 2019_2022_2023_2024_2025/DISCHI/R-FIX/SZ22RI.jpg -> SKU SZ22RI -> uid 41160344: OK
[781/1287] /Users/anna.nardi/Library/CloudStorage/OneDrive-Raccoltecondivise-DuckyNetworkS.r.l/E-Commerce - FOTO PRODOTTO 2019_2022_2023_2024_2025/DISCHI/W-FIX/SZ22RID.jpg -> SKU SZ22RID -> uid 41160345: OK
[782/1287] /Users/anna.nardi/Library/CloudStorage/OneDrive-Raccoltecondivise-DuckyNetworkS.r.l/E-Commerce - FOTO PRODOTTO 2019_2022_2023_2024_2025/DISCHI/R-FIX/SZ24FI.jpg -> SKU SZ24FI -> uid 41160346: OK
[783/1287] /Users/anna.nardi/Library/CloudStorage/OneDrive-Raccoltecondivise-DuckyNetworkS.r.l/E-Commerce - FOTO PRODOTTO 2019_2022_2023_2024_2025/DISCHI/R-FIX/SZ24RI.jpg -> SKU SZ24RI -> uid 41160347: OK
[784/1287] /Users/anna.nardi/Library/CloudStorage/OneDrive-Raccoltecondivise-DuckyNetworkS.r.l/E-Commerce - FOTO PRODOTTO 2019_2022_2023_2024_2025/DISCHI/W-FIX/SZ24RID.jpg -> SKU SZ24RID -> uid 41160348: OK
[785/1287] /Users/anna.nardi/Library/CloudStorage/OneDrive-Raccoltecondivise-DuckyNetworkS.r.l/E-Commerce - FOTO PRODOTTO 2019_2022_2023_2024_2025/DISCHI/W-FIX/SZ26FID.jpg -> SKU SZ26FID -> uid 41160349: OK
[786/1287] /Users/anna.nardi/Library/CloudStorage/OneDrive-Raccoltecondivise-DuckyNetworkS.r.l/E-Commerce - FOTO PRODOTTO 2019_2022_2023_2024_2025/DISCHI/W-FIX/SZ30FID.jpg -> SKU SZ30FID -> uid 41160350: OK
[787/1287] /Users/anna.nardi/Library/CloudStorage/OneDrive-Raccoltecondivise-DuckyNetworkS.r.l/E-Commerce - FOTO PRODOTTO 2019_2022_2023_2024_2025/DISCHI/R-FIX/SZ32FI.jpg -> SKU SZ32FI -> uid 41160351: OK
[788/1287] /Users/anna.nardi/Library/CloudStorage/OneDrive-Raccoltecondivise-DuckyNetworkS.r.l/E-Commerce - FOTO PRODOTTO 2019_2022_2023_2024_2025/DISCHI/W-FIX/SZ33RID.jpg -> SKU SZ33RID -> uid 41160352: OK
[789/1287] /Users/anna.nardi/Library/CloudStorage/OneDrive-Raccoltecondivise-DuckyNetworkS.r.l/E-Commerce - FOTO PRODOTTO 2019_2022_2023_2024_2025/DISCHI/W-FIX/SZ35RID.jpg -> SKU SZ35RID -> uid 41160353: OK
[790/1287] /Users/anna.nardi/Library/CloudStorage/OneDrive-Raccoltecondivise-DuckyNetworkS.r.l/E-Commerce - FOTO PRODOTTO 2019_2022_2023_2024_2025/DISCHI/W-FIX/SZ37FID.jpg -> SKU SZ37FID -> uid 41160354: OK
[791/1287] /Users/anna.nardi/Library/CloudStorage/OneDrive-Raccoltecondivise-DuckyNetworkS.r.l/E-Commerce - FOTO PRODOTTO 2019_2022_2023_2024_2025/DISCHI/W-FIX/SZ38RID.jpg -> SKU SZ38RID -> uid 41160355: OK
[792/1287] /Users/anna.nardi/Library/CloudStorage/OneDrive-Raccoltecondivise-DuckyNetworkS.r.l/E-Commerce - FOTO PRODOTTO 2019_2022_2023_2024_2025/DISCHI/W-FIX/SZ40RID.jpg -> SKU SZ40RID -> uid 41160356: OK
[793/1287] /Users/anna.nardi/Library/CloudStorage/OneDrive-Raccoltecondivise-DuckyNetworkS.r.l/E-Commerce - FOTO PRODOTTO 2019_2022_2023_2024_2025/DISCHI/W-FIX/SZ41RID.jpg -> SKU SZ41RID -> uid 41160357: OK
[794/1287] /Users/anna.nardi/Library/CloudStorage/OneDrive-Raccoltecondivise-DuckyNetworkS.r.l/E-Commerce - FOTO PRODOTTO 2019_2022_2023_2024_2025/DISCHI/W-FIX/SZ42RID.jpg -> SKU SZ42RID -> uid 41160358: OK
[795/1287] /Users/anna.nardi/Library/CloudStorage/OneDrive-Raccoltecondivise-DuckyNetworkS.r.l/E-Commerce - FOTO PRODOTTO 2019_2022_2023_2024_2025/DISCHI/W-FIX/SZ43FID.jpg -> SKU SZ43FID -> uid 41160359: OK
[796/1287] /Users/anna.nardi/Library/CloudStorage/OneDrive-Raccoltecondivise-DuckyNetworkS.r.l/E-Commerce - FOTO PRODOTTO 2019_2022_2023_2024_2025/DISCHI/W-FIX/SZ43RID.jpg -> SKU SZ43RID -> uid 41160360: OK
[797/1287] /Users/anna.nardi/Library/CloudStorage/OneDrive-Raccoltecondivise-DuckyNetworkS.r.l/E-Commerce - FOTO PRODOTTO 2019_2022_2023_2024_2025/DISCHI/W-FIX/SZ44RID.jpg -> SKU SZ44RID -> uid 41160361: OK
[798/1287] /Users/anna.nardi/Library/CloudStorage/OneDrive-Raccoltecondivise-DuckyNetworkS.r.l/E-Commerce - FOTO PRODOTTO 2019_2022_2023_2024_2025/BICI/Varie/TB0001.jpg -> SKU TB0001 -> uid 41160362: OK
[799/1287] /Users/anna.nardi/Library/CloudStorage/OneDrive-Raccoltecondivise-DuckyNetworkS.r.l/E-Commerce - FOTO PRODOTTO 2019_2022_2023_2024_2025/DISCHI/W-FLO/TR03FLD.jpg -> SKU TR03FLD -> uid 41160367: OK
[800/1287] /Users/anna.nardi/Library/CloudStorage/OneDrive-Raccoltecondivise-DuckyNetworkS.r.l/E-Commerce - FOTO PRODOTTO 2019_2022_2023_2024_2025/DISCHI/W-FIX/TR03RID.jpg -> SKU TR03RID -> uid 41160368: OK
[801/1287] /Users/anna.nardi/Library/CloudStorage/OneDrive-Raccoltecondivise-DuckyNetworkS.r.l/E-Commerce - FOTO PRODOTTO 2019_2022_2023_2024_2025/TUBI/alta ris/TX015C.jpg -> SKU TX015C -> uid 41160369: OK
[802/1287] /Users/anna.nardi/Library/CloudStorage/OneDrive-Raccoltecondivise-DuckyNetworkS.r.l/E-Commerce - FOTO PRODOTTO 2019_2022_2023_2024_2025/TUBI/alta ris/TX015T.jpg -> SKU TX015T -> uid 41160370: OK
[803/1287] /Users/anna.nardi/Library/CloudStorage/OneDrive-Raccoltecondivise-DuckyNetworkS.r.l/E-Commerce - FOTO PRODOTTO 2019_2022_2023_2024_2025/TUBI/alta ris/TX020C.jpg -> SKU TX020C -> uid 41160371: OK
[804/1287] /Users/anna.nardi/Library/CloudStorage/OneDrive-Raccoltecondivise-DuckyNetworkS.r.l/E-Commerce - FOTO PRODOTTO 2019_2022_2023_2024_2025/TUBI/alta ris/TX020T.jpg -> SKU TX020T -> uid 41160372: OK
[805/1287] /Users/anna.nardi/Library/CloudStorage/OneDrive-Raccoltecondivise-DuckyNetworkS.r.l/E-Commerce - FOTO PRODOTTO 2019_2022_2023_2024_2025/TUBI/alta ris/TX025C.jpg -> SKU TX025C -> uid 41160373: OK
[806/1287] /Users/anna.nardi/Library/CloudStorage/OneDrive-Raccoltecondivise-DuckyNetworkS.r.l/E-Commerce - FOTO PRODOTTO 2019_2022_2023_2024_2025/TUBI/alta ris/TX025T.jpg -> SKU TX025T -> uid 41160374: OK
[807/1287] /Users/anna.nardi/Library/CloudStorage/OneDrive-Raccoltecondivise-DuckyNetworkS.r.l/E-Commerce - FOTO PRODOTTO 2019_2022_2023_2024_2025/TUBI/alta ris/TX030C.jpg -> SKU TX030C -> uid 41160375: OK
[808/1287] /Users/anna.nardi/Library/CloudStorage/OneDrive-Raccoltecondivise-DuckyNetworkS.r.l/E-Commerce - FOTO PRODOTTO 2019_2022_2023_2024_2025/TUBI/alta ris/TX030T.jpg -> SKU TX030T -> uid 41160376: OK
[809/1287] /Users/anna.nardi/Library/CloudStorage/OneDrive-Raccoltecondivise-DuckyNetworkS.r.l/E-Commerce - FOTO PRODOTTO 2019_2022_2023_2024_2025/TUBI/alta ris/TX035C.jpg -> SKU TX035C -> uid 41160377: OK
[810/1287] /Users/anna.nardi/Library/CloudStorage/OneDrive-Raccoltecondivise-DuckyNetworkS.r.l/E-Commerce - FOTO PRODOTTO 2019_2022_2023_2024_2025/TUBI/alta ris/TX035T.jpg -> SKU TX035T -> uid 41160378: OK
[811/1287] /Users/anna.nardi/Library/CloudStorage/OneDrive-Raccoltecondivise-DuckyNetworkS.r.l/E-Commerce - FOTO PRODOTTO 2019_2022_2023_2024_2025/TUBI/alta ris/TX040C.jpg -> SKU TX040C -> uid 41160379: OK
[812/1287] /Users/anna.nardi/Library/CloudStorage/OneDrive-Raccoltecondivise-DuckyNetworkS.r.l/E-Commerce - FOTO PRODOTTO 2019_2022_2023_2024_2025/TUBI/alta ris/TX040T.jpg -> SKU TX040T -> uid 41464571: OK
[813/1287] /Users/anna.nardi/Library/CloudStorage/OneDrive-Raccoltecondivise-DuckyNetworkS.r.l/E-Commerce - FOTO PRODOTTO 2019_2022_2023_2024_2025/TUBI/alta ris/TX045C.jpg -> SKU TX045C -> uid 41160380: OK
[814/1287] /Users/anna.nardi/Library/CloudStorage/OneDrive-Raccoltecondivise-DuckyNetworkS.r.l/E-Commerce - FOTO PRODOTTO 2019_2022_2023_2024_2025/TUBI/alta ris/TX045T.jpg -> SKU TX045T -> uid 41160381: OK
[815/1287] /Users/anna.nardi/Library/CloudStorage/OneDrive-Raccoltecondivise-DuckyNetworkS.r.l/E-Commerce - FOTO PRODOTTO 2019_2022_2023_2024_2025/TUBI/alta ris/TX050C.jpg -> SKU TX050C -> uid 41160382: OK
[816/1287] /Users/anna.nardi/Library/CloudStorage/OneDrive-Raccoltecondivise-DuckyNetworkS.r.l/E-Commerce - FOTO PRODOTTO 2019_2022_2023_2024_2025/TUBI/alta ris/TX050T.jpg -> SKU TX050T -> uid 41160383: OK
[817/1287] /Users/anna.nardi/Library/CloudStorage/OneDrive-Raccoltecondivise-DuckyNetworkS.r.l/E-Commerce - FOTO PRODOTTO 2019_2022_2023_2024_2025/TUBI/alta ris/TX055C.jpg -> SKU TX055C -> uid 41160384: OK
[818/1287] /Users/anna.nardi/Library/CloudStorage/OneDrive-Raccoltecondivise-DuckyNetworkS.r.l/E-Commerce - FOTO PRODOTTO 2019_2022_2023_2024_2025/TUBI/alta ris/TX055T.jpg -> SKU TX055T -> uid 41160385: OK
[819/1287] /Users/anna.nardi/Library/CloudStorage/OneDrive-Raccoltecondivise-DuckyNetworkS.r.l/E-Commerce - FOTO PRODOTTO 2019_2022_2023_2024_2025/TUBI/alta ris/TX060C.jpg -> SKU TX060C -> uid 41160386: OK
[820/1287] /Users/anna.nardi/Library/CloudStorage/OneDrive-Raccoltecondivise-DuckyNetworkS.r.l/E-Commerce - FOTO PRODOTTO 2019_2022_2023_2024_2025/TUBI/alta ris/TX060T.jpg -> SKU TX060T -> uid 41464572: OK
[821/1287] /Users/anna.nardi/Library/CloudStorage/OneDrive-Raccoltecondivise-DuckyNetworkS.r.l/E-Commerce - FOTO PRODOTTO 2019_2022_2023_2024_2025/TUBI/alta ris/TX065C.jpg -> SKU TX065C -> uid 41160387: OK
[822/1287] /Users/anna.nardi/Library/CloudStorage/OneDrive-Raccoltecondivise-DuckyNetworkS.r.l/E-Commerce - FOTO PRODOTTO 2019_2022_2023_2024_2025/TUBI/alta ris/TX065T.jpg -> SKU TX065T -> uid 41160388: OK
[823/1287] /Users/anna.nardi/Library/CloudStorage/OneDrive-Raccoltecondivise-DuckyNetworkS.r.l/E-Commerce - FOTO PRODOTTO 2019_2022_2023_2024_2025/TUBI/alta ris/TX070C.jpg -> SKU TX070C -> uid 41160389: OK
[824/1287] /Users/anna.nardi/Library/CloudStorage/OneDrive-Raccoltecondivise-DuckyNetworkS.r.l/E-Commerce - FOTO PRODOTTO 2019_2022_2023_2024_2025/TUBI/alta ris/TX070T.jpg -> SKU TX070T -> uid 41160390: OK
[825/1287] /Users/anna.nardi/Library/CloudStorage/OneDrive-Raccoltecondivise-DuckyNetworkS.r.l/E-Commerce - FOTO PRODOTTO 2019_2022_2023_2024_2025/TUBI/alta ris/TX075C.jpg -> SKU TX075C -> uid 41160391: OK
[826/1287] /Users/anna.nardi/Library/CloudStorage/OneDrive-Raccoltecondivise-DuckyNetworkS.r.l/E-Commerce - FOTO PRODOTTO 2019_2022_2023_2024_2025/TUBI/alta ris/TX075T.jpg -> SKU TX075T -> uid 41160392: OK
[827/1287] /Users/anna.nardi/Library/CloudStorage/OneDrive-Raccoltecondivise-DuckyNetworkS.r.l/E-Commerce - FOTO PRODOTTO 2019_2022_2023_2024_2025/TUBI/alta ris/TX080C.jpg -> SKU TX080C -> uid 41160393: OK
[828/1287] /Users/anna.nardi/Library/CloudStorage/OneDrive-Raccoltecondivise-DuckyNetworkS.r.l/E-Commerce - FOTO PRODOTTO 2019_2022_2023_2024_2025/TUBI/alta ris/TX080T.jpg -> SKU TX080T -> uid 41160394: OK
[829/1287] /Users/anna.nardi/Library/CloudStorage/OneDrive-Raccoltecondivise-DuckyNetworkS.r.l/E-Commerce - FOTO PRODOTTO 2019_2022_2023_2024_2025/TUBI/alta ris/TX085C.jpg -> SKU TX085C -> uid 41160395: OK
[830/1287] /Users/anna.nardi/Library/CloudStorage/OneDrive-Raccoltecondivise-DuckyNetworkS.r.l/E-Commerce - FOTO PRODOTTO 2019_2022_2023_2024_2025/TUBI/alta ris/TX085T.jpg -> SKU TX085T -> uid 41160396: OK
[831/1287] /Users/anna.nardi/Library/CloudStorage/OneDrive-Raccoltecondivise-DuckyNetworkS.r.l/E-Commerce - FOTO PRODOTTO 2019_2022_2023_2024_2025/TUBI/alta ris/TX090C.jpg -> SKU TX090C -> uid 41160397: OK
[832/1287] /Users/anna.nardi/Library/CloudStorage/OneDrive-Raccoltecondivise-DuckyNetworkS.r.l/E-Commerce - FOTO PRODOTTO 2019_2022_2023_2024_2025/TUBI/alta ris/TX090T.jpg -> SKU TX090T -> uid 41160398: OK
[833/1287] /Users/anna.nardi/Library/CloudStorage/OneDrive-Raccoltecondivise-DuckyNetworkS.r.l/E-Commerce - FOTO PRODOTTO 2019_2022_2023_2024_2025/TUBI/alta ris/TX095C.jpg -> SKU TX095C -> uid 41160399: OK
[834/1287] /Users/anna.nardi/Library/CloudStorage/OneDrive-Raccoltecondivise-DuckyNetworkS.r.l/E-Commerce - FOTO PRODOTTO 2019_2022_2023_2024_2025/TUBI/alta ris/TX095T.jpg -> SKU TX095T -> uid 41160400: OK
[835/1287] /Users/anna.nardi/Library/CloudStorage/OneDrive-Raccoltecondivise-DuckyNetworkS.r.l/E-Commerce - FOTO PRODOTTO 2019_2022_2023_2024_2025/TUBI/alta ris/TX100C.jpg -> SKU TX100C -> uid 41160401: OK
[836/1287] /Users/anna.nardi/Library/CloudStorage/OneDrive-Raccoltecondivise-DuckyNetworkS.r.l/E-Commerce - FOTO PRODOTTO 2019_2022_2023_2024_2025/TUBI/alta ris/TX100T.jpg -> SKU TX100T -> uid 41160402: OK
[837/1287] /Users/anna.nardi/Library/CloudStorage/OneDrive-Raccoltecondivise-DuckyNetworkS.r.l/E-Commerce - FOTO PRODOTTO 2019_2022_2023_2024_2025/TUBI/alta ris/TX105C.jpg -> SKU TX105C -> uid 41160403: OK
[838/1287] /Users/anna.nardi/Library/CloudStorage/OneDrive-Raccoltecondivise-DuckyNetworkS.r.l/E-Commerce - FOTO PRODOTTO 2019_2022_2023_2024_2025/TUBI/alta ris/TX105T.jpg -> SKU TX105T -> uid 41160404: OK
[839/1287] /Users/anna.nardi/Library/CloudStorage/OneDrive-Raccoltecondivise-DuckyNetworkS.r.l/E-Commerce - FOTO PRODOTTO 2019_2022_2023_2024_2025/TUBI/alta ris/TX110C.jpg -> SKU TX110C -> uid 41160405: OK
[840/1287] /Users/anna.nardi/Library/CloudStorage/OneDrive-Raccoltecondivise-DuckyNetworkS.r.l/E-Commerce - FOTO PRODOTTO 2019_2022_2023_2024_2025/TUBI/alta ris/TX110T.jpg -> SKU TX110T -> uid 41160406: OK
[841/1287] /Users/anna.nardi/Library/CloudStorage/OneDrive-Raccoltecondivise-DuckyNetworkS.r.l/E-Commerce - FOTO PRODOTTO 2019_2022_2023_2024_2025/TUBI/alta ris/TX120C.jpg -> SKU TX120C -> uid 41160407: OK
[842/1287] /Users/anna.nardi/Library/CloudStorage/OneDrive-Raccoltecondivise-DuckyNetworkS.r.l/E-Commerce - FOTO PRODOTTO 2019_2022_2023_2024_2025/TUBI/alta ris/TX120T.jpg -> SKU TX120T -> uid 41160409: OK
[843/1287] /Users/anna.nardi/Library/CloudStorage/OneDrive-Raccoltecondivise-DuckyNetworkS.r.l/E-Commerce - FOTO PRODOTTO 2019_2022_2023_2024_2025/TUBI/alta ris/TX130C.jpg -> SKU TX130C -> uid 41160411: OK
[844/1287] /Users/anna.nardi/Library/CloudStorage/OneDrive-Raccoltecondivise-DuckyNetworkS.r.l/E-Commerce - FOTO PRODOTTO 2019_2022_2023_2024_2025/TUBI/alta ris/TX130T.jpg -> SKU TX130T -> uid 41160412: OK
[845/1287] /Users/anna.nardi/Library/CloudStorage/OneDrive-Raccoltecondivise-DuckyNetworkS.r.l/E-Commerce - FOTO PRODOTTO 2019_2022_2023_2024_2025/TUBI/alta ris/TX140C.jpg -> SKU TX140C -> uid 41160413: OK
[846/1287] /Users/anna.nardi/Library/CloudStorage/OneDrive-Raccoltecondivise-DuckyNetworkS.r.l/E-Commerce - FOTO PRODOTTO 2019_2022_2023_2024_2025/TUBI/alta ris/TX140T.jpg -> SKU TX140T -> uid 41160414: OK
[847/1287] /Users/anna.nardi/Library/CloudStorage/OneDrive-Raccoltecondivise-DuckyNetworkS.r.l/E-Commerce - FOTO PRODOTTO 2019_2022_2023_2024_2025/TUBI/alta ris/TX150C.jpg -> SKU TX150C -> uid 41160415: OK
[848/1287] /Users/anna.nardi/Library/CloudStorage/OneDrive-Raccoltecondivise-DuckyNetworkS.r.l/E-Commerce - FOTO PRODOTTO 2019_2022_2023_2024_2025/TUBI/alta ris/TX150T.jpg -> SKU TX150T -> uid 41160416: OK
[849/1287] /Users/anna.nardi/Library/CloudStorage/OneDrive-Raccoltecondivise-DuckyNetworkS.r.l/E-Commerce - FOTO PRODOTTO 2019_2022_2023_2024_2025/BICI/Dischi bici/WF2009.jpg -> SKU WF2009 -> uid 41160417: OK
[850/1287] /Users/anna.nardi/Library/CloudStorage/OneDrive-Raccoltecondivise-DuckyNetworkS.r.l/E-Commerce - FOTO PRODOTTO 2019_2022_2023_2024_2025/BICI/Dischi bici/WF2010.jpg -> SKU WF2010 -> uid 41160418: OK
[851/1287] /Users/anna.nardi/Library/CloudStorage/OneDrive-Raccoltecondivise-DuckyNetworkS.r.l/E-Commerce - FOTO PRODOTTO 2019_2022_2023_2024_2025/BICI/Dischi bici/WF2011.jpg -> SKU WF2011 -> uid 41160419: OK
[852/1287] /Users/anna.nardi/Library/CloudStorage/OneDrive-Raccoltecondivise-DuckyNetworkS.r.l/E-Commerce - FOTO PRODOTTO 2019_2022_2023_2024_2025/BICI/Dischi bici/WF2012.jpg -> SKU WF2012 -> uid 41160420: OK
[853/1287] /Users/anna.nardi/Library/CloudStorage/OneDrive-Raccoltecondivise-DuckyNetworkS.r.l/E-Commerce - FOTO PRODOTTO 2019_2022_2023_2024_2025/DISCHI/W-FIX/WF3501.jpg -> SKU WF3501 -> uid 41160423: OK
[854/1287] /Users/anna.nardi/Library/CloudStorage/OneDrive-Raccoltecondivise-DuckyNetworkS.r.l/E-Commerce - FOTO PRODOTTO 2019_2022_2023_2024_2025/DISCHI/W-FIX/WF4101.jpg -> SKU WF4101 -> uid 41160424: OK
[855/1287] /Users/anna.nardi/Library/CloudStorage/OneDrive-Raccoltecondivise-DuckyNetworkS.r.l/E-Commerce - FOTO PRODOTTO 2019_2022_2023_2024_2025/DISCHI/W-FIX/WF4102.jpg -> SKU WF4102 -> uid 41160425: OK
[856/1287] /Users/anna.nardi/Library/CloudStorage/OneDrive-Raccoltecondivise-DuckyNetworkS.r.l/E-Commerce - FOTO PRODOTTO 2019_2022_2023_2024_2025/DISCHI/W-FIX/WF4103.jpg -> SKU WF4103 -> uid 41160426: OK
[857/1287] /Users/anna.nardi/Library/CloudStorage/OneDrive-Raccoltecondivise-DuckyNetworkS.r.l/E-Commerce - FOTO PRODOTTO 2019_2022_2023_2024_2025/DISCHI/W-FIX/WF4104.jpg -> SKU WF4104 -> uid 41160427: OK
[858/1287] /Users/anna.nardi/Library/CloudStorage/OneDrive-Raccoltecondivise-DuckyNetworkS.r.l/E-Commerce - FOTO PRODOTTO 2019_2022_2023_2024_2025/DISCHI/W-FIX/WF4105.jpg -> SKU WF4105 -> uid 41160428: OK
[859/1287] /Users/anna.nardi/Library/CloudStorage/OneDrive-Raccoltecondivise-DuckyNetworkS.r.l/E-Commerce - FOTO PRODOTTO 2019_2022_2023_2024_2025/DISCHI/W-FIX/WF4106.jpg -> SKU WF4106 -> uid 41160429: OK
[860/1287] /Users/anna.nardi/Library/CloudStorage/OneDrive-Raccoltecondivise-DuckyNetworkS.r.l/E-Commerce - FOTO PRODOTTO 2019_2022_2023_2024_2025/DISCHI/W-FIX/WF4108.jpg -> SKU WF4108 -> uid 41160430: OK
[861/1287] /Users/anna.nardi/Library/CloudStorage/OneDrive-Raccoltecondivise-DuckyNetworkS.r.l/E-Commerce - FOTO PRODOTTO 2019_2022_2023_2024_2025/DISCHI/W-FIX/WF4501.jpg -> SKU WF4501 -> uid 41160431: OK
[862/1287] /Users/anna.nardi/Library/CloudStorage/OneDrive-Raccoltecondivise-DuckyNetworkS.r.l/E-Commerce - FOTO PRODOTTO 2019_2022_2023_2024_2025/DISCHI/W-FIX/WF4504.jpg -> SKU WF4504 -> uid 41160432: OK
[863/1287] /Users/anna.nardi/Library/CloudStorage/OneDrive-Raccoltecondivise-DuckyNetworkS.r.l/E-Commerce - FOTO PRODOTTO 2019_2022_2023_2024_2025/DISCHI/W-FIX/WF4505.jpg -> SKU WF4505 -> uid 41160433: OK
[864/1287] /Users/anna.nardi/Library/CloudStorage/OneDrive-Raccoltecondivise-DuckyNetworkS.r.l/E-Commerce - FOTO PRODOTTO 2019_2022_2023_2024_2025/DISCHI/W-FIX/WF4506.jpg -> SKU WF4506 -> uid 41160434: OK
[865/1287] /Users/anna.nardi/Library/CloudStorage/OneDrive-Raccoltecondivise-DuckyNetworkS.r.l/E-Commerce - FOTO PRODOTTO 2019_2022_2023_2024_2025/DISCHI/W-FIX/WF4507.jpg -> SKU WF4507 -> uid 41160435: OK
[866/1287] /Users/anna.nardi/Library/CloudStorage/OneDrive-Raccoltecondivise-DuckyNetworkS.r.l/E-Commerce - FOTO PRODOTTO 2019_2022_2023_2024_2025/DISCHI/W-FIX/WF4508.jpg -> SKU WF4508 -> uid 41160436: OK
[867/1287] /Users/anna.nardi/Library/CloudStorage/OneDrive-Raccoltecondivise-DuckyNetworkS.r.l/E-Commerce - FOTO PRODOTTO 2019_2022_2023_2024_2025/DISCHI/W-FIX/WF4509.jpg -> SKU WF4509 -> uid 41160437: OK
[868/1287] /Users/anna.nardi/Library/CloudStorage/OneDrive-Raccoltecondivise-DuckyNetworkS.r.l/E-Commerce - FOTO PRODOTTO 2019_2022_2023_2024_2025/DISCHI/W-FIX/WF4510.jpg -> SKU WF4510 -> uid 41160438: OK
[869/1287] /Users/anna.nardi/Library/CloudStorage/OneDrive-Raccoltecondivise-DuckyNetworkS.r.l/E-Commerce - FOTO PRODOTTO 2019_2022_2023_2024_2025/DISCHI/W-FIX/WF4511.jpg -> SKU WF4511 -> uid 41160439: OK
[870/1287] /Users/anna.nardi/Library/CloudStorage/OneDrive-Raccoltecondivise-DuckyNetworkS.r.l/E-Commerce - FOTO PRODOTTO 2019_2022_2023_2024_2025/DISCHI/W-FIX/WF4512.jpg -> SKU WF4512 -> uid 41160440: OK
[871/1287] /Users/anna.nardi/Library/CloudStorage/OneDrive-Raccoltecondivise-DuckyNetworkS.r.l/E-Commerce - FOTO PRODOTTO 2019_2022_2023_2024_2025/DISCHI/W-FIX/WF4513.jpg -> SKU WF4513 -> uid 41160441: OK
[872/1287] /Users/anna.nardi/Library/CloudStorage/OneDrive-Raccoltecondivise-DuckyNetworkS.r.l/E-Commerce - FOTO PRODOTTO 2019_2022_2023_2024_2025/DISCHI/W-FIX/WF4514.jpg -> SKU WF4514 -> uid 41160442: OK
[873/1287] /Users/anna.nardi/Library/CloudStorage/OneDrive-Raccoltecondivise-DuckyNetworkS.r.l/E-Commerce - FOTO PRODOTTO 2019_2022_2023_2024_2025/DISCHI/W-FIX/WF4515.jpg -> SKU WF4515 -> uid 41160443: OK
[874/1287] /Users/anna.nardi/Library/CloudStorage/OneDrive-Raccoltecondivise-DuckyNetworkS.r.l/E-Commerce - FOTO PRODOTTO 2019_2022_2023_2024_2025/DISCHI/W-FIX/WF4516.jpg -> SKU WF4516 -> uid 41160444: OK
[875/1287] /Users/anna.nardi/Library/CloudStorage/OneDrive-Raccoltecondivise-DuckyNetworkS.r.l/E-Commerce - FOTO PRODOTTO 2019_2022_2023_2024_2025/DISCHI/W-FIX/WF7101.jpg -> SKU WF7101 -> uid 41160445: OK
[876/1287] /Users/anna.nardi/Library/CloudStorage/OneDrive-Raccoltecondivise-DuckyNetworkS.r.l/E-Commerce - FOTO PRODOTTO 2019_2022_2023_2024_2025/DISCHI/W-FIX/WF7102.jpg -> SKU WF7102 -> uid 41160446: OK
[877/1287] /Users/anna.nardi/Library/CloudStorage/OneDrive-Raccoltecondivise-DuckyNetworkS.r.l/E-Commerce - FOTO PRODOTTO 2019_2022_2023_2024_2025/DISCHI/W-FIX/WF7103.jpg -> SKU WF7103 -> uid 41160447: OK
[878/1287] /Users/anna.nardi/Library/CloudStorage/OneDrive-Raccoltecondivise-DuckyNetworkS.r.l/E-Commerce - FOTO PRODOTTO 2019_2022_2023_2024_2025/DISCHI/W-FIX/WF7104.jpg -> SKU WF7104 -> uid 41160448: OK
[879/1287] /Users/anna.nardi/Library/CloudStorage/OneDrive-Raccoltecondivise-DuckyNetworkS.r.l/E-Commerce - FOTO PRODOTTO 2019_2022_2023_2024_2025/DISCHI/W-FIX/WF7106.jpg -> SKU WF7106 -> uid 41160449: OK
[880/1287] /Users/anna.nardi/Library/CloudStorage/OneDrive-Raccoltecondivise-DuckyNetworkS.r.l/E-Commerce - FOTO PRODOTTO 2019_2022_2023_2024_2025/DISCHI/W-FIX/WF7107.jpg -> SKU WF7107 -> uid 41160450: OK
[881/1287] /Users/anna.nardi/Library/CloudStorage/OneDrive-Raccoltecondivise-DuckyNetworkS.r.l/E-Commerce - FOTO PRODOTTO 2019_2022_2023_2024_2025/DISCHI/W-FIX/WF7108.jpg -> SKU WF7108 -> uid 41160451: OK
[882/1287] /Users/anna.nardi/Library/CloudStorage/OneDrive-Raccoltecondivise-DuckyNetworkS.r.l/E-Commerce - FOTO PRODOTTO 2019_2022_2023_2024_2025/DISCHI/W-FIX/WF7109.jpg -> SKU WF7109 -> uid 41160452: OK
[883/1287] /Users/anna.nardi/Library/CloudStorage/OneDrive-Raccoltecondivise-DuckyNetworkS.r.l/E-Commerce - FOTO PRODOTTO 2019_2022_2023_2024_2025/DISCHI/W-FIX/WF7110.jpg -> SKU WF7110 -> uid 41160453: OK
[884/1287] /Users/anna.nardi/Library/CloudStorage/OneDrive-Raccoltecondivise-DuckyNetworkS.r.l/E-Commerce - FOTO PRODOTTO 2019_2022_2023_2024_2025/DISCHI/W-FIX/WF7501.jpg -> SKU WF7501 -> uid 41160454: OK
[885/1287] /Users/anna.nardi/Library/CloudStorage/OneDrive-Raccoltecondivise-DuckyNetworkS.r.l/E-Commerce - FOTO PRODOTTO 2019_2022_2023_2024_2025/DISCHI/W-FIX/WF7502.jpg -> SKU WF7502 -> uid 41160455: OK
[886/1287] /Users/anna.nardi/Library/CloudStorage/OneDrive-Raccoltecondivise-DuckyNetworkS.r.l/E-Commerce - FOTO PRODOTTO 2019_2022_2023_2024_2025/DISCHI/W-FIX/WF7503.jpg -> SKU WF7503 -> uid 41160456: OK
[887/1287] /Users/anna.nardi/Library/CloudStorage/OneDrive-Raccoltecondivise-DuckyNetworkS.r.l/E-Commerce - FOTO PRODOTTO 2019_2022_2023_2024_2025/DISCHI/W-FIX/WF7504.jpg -> SKU WF7504 -> uid 41160457: OK
[888/1287] /Users/anna.nardi/Library/CloudStorage/OneDrive-Raccoltecondivise-DuckyNetworkS.r.l/E-Commerce - FOTO PRODOTTO 2019_2022_2023_2024_2025/DISCHI/W-FIX/WF7507.jpg -> SKU WF7507 -> uid 41160458: OK
[889/1287] /Users/anna.nardi/Library/CloudStorage/OneDrive-Raccoltecondivise-DuckyNetworkS.r.l/E-Commerce - FOTO PRODOTTO 2019_2022_2023_2024_2025/DISCHI/W-FIX/WF7508.jpg -> SKU WF7508 -> uid 41160459: OK
[890/1287] /Users/anna.nardi/Library/CloudStorage/OneDrive-Raccoltecondivise-DuckyNetworkS.r.l/E-Commerce - FOTO PRODOTTO 2019_2022_2023_2024_2025/DISCHI/W-FIX/WF7509.jpg -> SKU WF7509 -> uid 41160460: OK
[891/1287] /Users/anna.nardi/Library/CloudStorage/OneDrive-Raccoltecondivise-DuckyNetworkS.r.l/E-Commerce - FOTO PRODOTTO 2019_2022_2023_2024_2025/DISCHI/W-FIX/WF7510.jpg -> SKU WF7510 -> uid 41160461: OK
[892/1287] /Users/anna.nardi/Library/CloudStorage/OneDrive-Raccoltecondivise-DuckyNetworkS.r.l/E-Commerce - FOTO PRODOTTO 2019_2022_2023_2024_2025/DISCHI/W-FIX/WF7511.jpg -> SKU WF7511 -> uid 41160462: OK
[893/1287] /Users/anna.nardi/Library/CloudStorage/OneDrive-Raccoltecondivise-DuckyNetworkS.r.l/E-Commerce - FOTO PRODOTTO 2019_2022_2023_2024_2025/DISCHI/W-FIX/WF7512.jpg -> SKU WF7512 -> uid 41160463: OK
[894/1287] /Users/anna.nardi/Library/CloudStorage/OneDrive-Raccoltecondivise-DuckyNetworkS.r.l/E-Commerce - FOTO PRODOTTO 2019_2022_2023_2024_2025/DISCHI/W-FIX/WF7513.jpg -> SKU WF7513 -> uid 41160464: OK
[895/1287] /Users/anna.nardi/Library/CloudStorage/OneDrive-Raccoltecondivise-DuckyNetworkS.r.l/E-Commerce - FOTO PRODOTTO 2019_2022_2023_2024_2025/DISCHI/W-FIX/WF7514.jpg -> SKU WF7514 -> uid 41160465: OK
[896/1287] /Users/anna.nardi/Library/CloudStorage/OneDrive-Raccoltecondivise-DuckyNetworkS.r.l/E-Commerce - FOTO PRODOTTO 2019_2022_2023_2024_2025/DISCHI/W-FIX/WF7515.jpg -> SKU WF7515 -> uid 41160466: OK
[897/1287] /Users/anna.nardi/Library/CloudStorage/OneDrive-Raccoltecondivise-DuckyNetworkS.r.l/E-Commerce - FOTO PRODOTTO 2019_2022_2023_2024_2025/DISCHI/W-FIX/WF7516.jpg -> SKU WF7516 -> uid 41160467: OK
[898/1287] /Users/anna.nardi/Library/CloudStorage/OneDrive-Raccoltecondivise-DuckyNetworkS.r.l/E-Commerce - FOTO PRODOTTO 2019_2022_2023_2024_2025/DISCHI/W-FIX/WF7517.jpg -> SKU WF7517 -> uid 41160468: OK
[899/1287] /Users/anna.nardi/Library/CloudStorage/OneDrive-Raccoltecondivise-DuckyNetworkS.r.l/E-Commerce - FOTO PRODOTTO 2019_2022_2023_2024_2025/DISCHI/W-FIX/WF7518.jpg -> SKU WF7518 -> uid 41160469: OK
[900/1287] /Users/anna.nardi/Library/CloudStorage/OneDrive-Raccoltecondivise-DuckyNetworkS.r.l/E-Commerce - FOTO PRODOTTO 2019_2022_2023_2024_2025/DISCHI/W-FIX/WF7519.jpg -> SKU WF7519 -> uid 41160470: OK
[901/1287] /Users/anna.nardi/Library/CloudStorage/OneDrive-Raccoltecondivise-DuckyNetworkS.r.l/E-Commerce - FOTO PRODOTTO 2019_2022_2023_2024_2025/DISCHI/W-FIX/WF7520.jpg -> SKU WF7520 -> uid 41160471: OK
[902/1287] /Users/anna.nardi/Library/CloudStorage/OneDrive-Raccoltecondivise-DuckyNetworkS.r.l/E-Commerce - FOTO PRODOTTO 2019_2022_2023_2024_2025/DISCHI/W-FIX/WF7521.jpg -> SKU WF7521 -> uid 41160472: OK
[903/1287] /Users/anna.nardi/Library/CloudStorage/OneDrive-Raccoltecondivise-DuckyNetworkS.r.l/E-Commerce - FOTO PRODOTTO 2019_2022_2023_2024_2025/DISCHI/W-FIX/WF7522.jpg -> SKU WF7522 -> uid 41160473: OK
[904/1287] /Users/anna.nardi/Library/CloudStorage/OneDrive-Raccoltecondivise-DuckyNetworkS.r.l/E-Commerce - FOTO PRODOTTO 2019_2022_2023_2024_2025/DISCHI/W-FIX/WF7523.jpg -> SKU WF7523 -> uid 41160474: OK
[905/1287] /Users/anna.nardi/Library/CloudStorage/OneDrive-Raccoltecondivise-DuckyNetworkS.r.l/E-Commerce - FOTO PRODOTTO 2019_2022_2023_2024_2025/DISCHI/W-FIX/WF7524.jpg -> SKU WF7524 -> uid 41160475: OK
[906/1287] /Users/anna.nardi/Library/CloudStorage/OneDrive-Raccoltecondivise-DuckyNetworkS.r.l/E-Commerce - FOTO PRODOTTO 2019_2022_2023_2024_2025/DISCHI/W-FIX/WF7525.jpg -> SKU WF7525 -> uid 41160476: OK
[907/1287] /Users/anna.nardi/Library/CloudStorage/OneDrive-Raccoltecondivise-DuckyNetworkS.r.l/E-Commerce - FOTO PRODOTTO 2019_2022_2023_2024_2025/DISCHI/W-FIX/WF7526.jpg -> SKU WF7526 -> uid 41160477: OK
[908/1287] /Users/anna.nardi/Library/CloudStorage/OneDrive-Raccoltecondivise-DuckyNetworkS.r.l/E-Commerce - FOTO PRODOTTO 2019_2022_2023_2024_2025/DISCHI/W-FIX/WF7527.jpg -> SKU WF7527 -> uid 41160478: OK
[909/1287] /Users/anna.nardi/Library/CloudStorage/OneDrive-Raccoltecondivise-DuckyNetworkS.r.l/E-Commerce - FOTO PRODOTTO 2019_2022_2023_2024_2025/DISCHI/W-FIX/WF7528.jpg -> SKU WF7528 -> uid 41160479: OK
[910/1287] /Users/anna.nardi/Library/CloudStorage/OneDrive-Raccoltecondivise-DuckyNetworkS.r.l/E-Commerce - FOTO PRODOTTO 2019_2022_2023_2024_2025/DISCHI/W-FIX/WF7529.jpg -> SKU WF7529 -> uid 41160480: OK
[911/1287] /Users/anna.nardi/Library/CloudStorage/OneDrive-Raccoltecondivise-DuckyNetworkS.r.l/E-Commerce - FOTO PRODOTTO 2019_2022_2023_2024_2025/DISCHI/W-FIX/WF7530.jpg -> SKU WF7530 -> uid 41160481: OK
[912/1287] /Users/anna.nardi/Library/CloudStorage/OneDrive-Raccoltecondivise-DuckyNetworkS.r.l/E-Commerce - FOTO PRODOTTO 2019_2022_2023_2024_2025/DISCHI/W-FIX/WF7531.jpg -> SKU WF7531 -> uid 41160482: OK
[913/1287] /Users/anna.nardi/Library/CloudStorage/OneDrive-Raccoltecondivise-DuckyNetworkS.r.l/E-Commerce - FOTO PRODOTTO 2019_2022_2023_2024_2025/DISCHI/W-FIX/WF7532.jpg -> SKU WF7532 -> uid 41160483: OK
[914/1287] /Users/anna.nardi/Library/CloudStorage/OneDrive-Raccoltecondivise-DuckyNetworkS.r.l/E-Commerce - FOTO PRODOTTO 2019_2022_2023_2024_2025/DISCHI/W-FIX/WF7533.jpg -> SKU WF7533 -> uid 41160484: OK
[915/1287] /Users/anna.nardi/Library/CloudStorage/OneDrive-Raccoltecondivise-DuckyNetworkS.r.l/E-Commerce - FOTO PRODOTTO 2019_2022_2023_2024_2025/DISCHI/W-FIX/WF7534.jpg -> SKU WF7534 -> uid 41160485: OK
[916/1287] /Users/anna.nardi/Library/CloudStorage/OneDrive-Raccoltecondivise-DuckyNetworkS.r.l/E-Commerce - FOTO PRODOTTO 2019_2022_2023_2024_2025/DISCHI/W-FIX/WF7535.jpg -> SKU WF7535 -> uid 41160486: OK
[917/1287] /Users/anna.nardi/Library/CloudStorage/OneDrive-Raccoltecondivise-DuckyNetworkS.r.l/E-Commerce - FOTO PRODOTTO 2019_2022_2023_2024_2025/DISCHI/W-FIX/WF7537.jpg -> SKU WF7537 -> uid 41160487: OK
[918/1287] /Users/anna.nardi/Library/CloudStorage/OneDrive-Raccoltecondivise-DuckyNetworkS.r.l/E-Commerce - FOTO PRODOTTO 2019_2022_2023_2024_2025/DISCHI/W-FIX/WF7538.jpg -> SKU WF7538 -> uid 41160488: OK
[919/1287] /Users/anna.nardi/Library/CloudStorage/OneDrive-Raccoltecondivise-DuckyNetworkS.r.l/E-Commerce - FOTO PRODOTTO 2019_2022_2023_2024_2025/DISCHI/W-FIX/WF7539.jpg -> SKU WF7539 -> uid 41160489: OK
[920/1287] /Users/anna.nardi/Library/CloudStorage/OneDrive-Raccoltecondivise-DuckyNetworkS.r.l/E-Commerce - FOTO PRODOTTO 2019_2022_2023_2024_2025/DISCHI/W-FIX/WF7540.jpg -> SKU WF7540 -> uid 41160490: OK
[921/1287] /Users/anna.nardi/Library/CloudStorage/OneDrive-Raccoltecondivise-DuckyNetworkS.r.l/E-Commerce - FOTO PRODOTTO 2019_2022_2023_2024_2025/DISCHI/W-FIX/WF7542.jpg -> SKU WF7542 -> uid 41160491: OK
[922/1287] /Users/anna.nardi/Library/CloudStorage/OneDrive-Raccoltecondivise-DuckyNetworkS.r.l/E-Commerce - FOTO PRODOTTO 2019_2022_2023_2024_2025/DISCHI/W-FIX/WF8101.jpg -> SKU WF8101 -> uid 41160493: OK
[923/1287] /Users/anna.nardi/Library/CloudStorage/OneDrive-Raccoltecondivise-DuckyNetworkS.r.l/E-Commerce - FOTO PRODOTTO 2019_2022_2023_2024_2025/DISCHI/W-FIX/WF8102.jpg -> SKU WF8102 -> uid 41160494: OK
[924/1287] /Users/anna.nardi/Library/CloudStorage/OneDrive-Raccoltecondivise-DuckyNetworkS.r.l/E-Commerce - FOTO PRODOTTO 2019_2022_2023_2024_2025/DISCHI/W-FIX/WF8103.jpg -> SKU WF8103 -> uid 41160495: OK
[925/1287] /Users/anna.nardi/Library/CloudStorage/OneDrive-Raccoltecondivise-DuckyNetworkS.r.l/E-Commerce - FOTO PRODOTTO 2019_2022_2023_2024_2025/DISCHI/W-FIX/WF8105.jpg -> SKU WF8105 -> uid 41160496: OK
[926/1287] /Users/anna.nardi/Library/CloudStorage/OneDrive-Raccoltecondivise-DuckyNetworkS.r.l/E-Commerce - FOTO PRODOTTO 2019_2022_2023_2024_2025/DISCHI/W-FIX/WF8106.jpg -> SKU WF8106 -> uid 41160497: OK
[927/1287] /Users/anna.nardi/Library/CloudStorage/OneDrive-Raccoltecondivise-DuckyNetworkS.r.l/E-Commerce - FOTO PRODOTTO 2019_2022_2023_2024_2025/DISCHI/W-FIX/WF8111.jpg -> SKU WF8111 -> uid 41160498: OK
[928/1287] /Users/anna.nardi/Library/CloudStorage/OneDrive-Raccoltecondivise-DuckyNetworkS.r.l/E-Commerce - FOTO PRODOTTO 2019_2022_2023_2024_2025/DISCHI/W-FIX/WF8112.jpg -> SKU WF8112 -> uid 41160499: OK
[929/1287] /Users/anna.nardi/Library/CloudStorage/OneDrive-Raccoltecondivise-DuckyNetworkS.r.l/E-Commerce - FOTO PRODOTTO 2019_2022_2023_2024_2025/DISCHI/W-FIX/WF8113.jpg -> SKU WF8113 -> uid 41160500: OK
[930/1287] /Users/anna.nardi/Library/CloudStorage/OneDrive-Raccoltecondivise-DuckyNetworkS.r.l/E-Commerce - FOTO PRODOTTO 2019_2022_2023_2024_2025/DISCHI/W-FIX/WF8114.jpg -> SKU WF8114 -> uid 41160501: OK
[931/1287] /Users/anna.nardi/Library/CloudStorage/OneDrive-Raccoltecondivise-DuckyNetworkS.r.l/E-Commerce - FOTO PRODOTTO 2019_2022_2023_2024_2025/DISCHI/W-FIX/WF8115.jpg -> SKU WF8115 -> uid 41160502: OK
[932/1287] /Users/anna.nardi/Library/CloudStorage/OneDrive-Raccoltecondivise-DuckyNetworkS.r.l/E-Commerce - FOTO PRODOTTO 2019_2022_2023_2024_2025/DISCHI/W-FIX/WF8117.jpg -> SKU WF8117 -> uid 41160503: OK
[933/1287] /Users/anna.nardi/Library/CloudStorage/OneDrive-Raccoltecondivise-DuckyNetworkS.r.l/E-Commerce - FOTO PRODOTTO 2019_2022_2023_2024_2025/DISCHI/W-FIX/WF8118.jpg -> SKU WF8118 -> uid 41160504: OK
[934/1287] /Users/anna.nardi/Library/CloudStorage/OneDrive-Raccoltecondivise-DuckyNetworkS.r.l/E-Commerce - FOTO PRODOTTO 2019_2022_2023_2024_2025/DISCHI/W-FIX/WF8119.jpg -> SKU WF8119 -> uid 41160505: OK
[935/1287] /Users/anna.nardi/Library/CloudStorage/OneDrive-Raccoltecondivise-DuckyNetworkS.r.l/E-Commerce - FOTO PRODOTTO 2019_2022_2023_2024_2025/DISCHI/W-FIX/WF8120.jpg -> SKU WF8120 -> uid 41160506: OK
[936/1287] /Users/anna.nardi/Library/CloudStorage/OneDrive-Raccoltecondivise-DuckyNetworkS.r.l/E-Commerce - FOTO PRODOTTO 2019_2022_2023_2024_2025/DISCHI/W-FIX/WF8501.jpg -> SKU WF8501 -> uid 41160507: OK
[937/1287] /Users/anna.nardi/Library/CloudStorage/OneDrive-Raccoltecondivise-DuckyNetworkS.r.l/E-Commerce - FOTO PRODOTTO 2019_2022_2023_2024_2025/DISCHI/W-FIX/WF8502.JPG -> SKU WF8502 -> uid 41160508: OK
[938/1287] /Users/anna.nardi/Library/CloudStorage/OneDrive-Raccoltecondivise-DuckyNetworkS.r.l/E-Commerce - FOTO PRODOTTO 2019_2022_2023_2024_2025/DISCHI/W-FIX/WF8503.jpg -> SKU WF8503 -> uid 41160509: OK
[939/1287] /Users/anna.nardi/Library/CloudStorage/OneDrive-Raccoltecondivise-DuckyNetworkS.r.l/E-Commerce - FOTO PRODOTTO 2019_2022_2023_2024_2025/DISCHI/W-FIX/WF8504.jpg -> SKU WF8504 -> uid 41232136: OK
[940/1287] /Users/anna.nardi/Library/CloudStorage/OneDrive-Raccoltecondivise-DuckyNetworkS.r.l/E-Commerce - FOTO PRODOTTO 2019_2022_2023_2024_2025/DISCHI/W-FIX/WF8505.jpg -> SKU WF8505 -> uid 41160510: OK
[941/1287] /Users/anna.nardi/Library/CloudStorage/OneDrive-Raccoltecondivise-DuckyNetworkS.r.l/E-Commerce - FOTO PRODOTTO 2019_2022_2023_2024_2025/DISCHI/W-FIX/WF8506.jpg -> SKU WF8506 -> uid 41160511: OK
[942/1287] /Users/anna.nardi/Library/CloudStorage/OneDrive-Raccoltecondivise-DuckyNetworkS.r.l/E-Commerce - FOTO PRODOTTO 2019_2022_2023_2024_2025/DISCHI/W-FIX/WF8507.jpg -> SKU WF8507 -> uid 41160512: OK
[943/1287] /Users/anna.nardi/Library/CloudStorage/OneDrive-Raccoltecondivise-DuckyNetworkS.r.l/E-Commerce - FOTO PRODOTTO 2019_2022_2023_2024_2025/DISCHI/W-FIX/WF8508.jpg -> SKU WF8508 -> uid 41160513: OK
[944/1287] /Users/anna.nardi/Library/CloudStorage/OneDrive-Raccoltecondivise-DuckyNetworkS.r.l/E-Commerce - FOTO PRODOTTO 2019_2022_2023_2024_2025/DISCHI/W-FIX/WF8510.jpg -> SKU WF8510 -> uid 41160514: OK
[945/1287] /Users/anna.nardi/Library/CloudStorage/OneDrive-Raccoltecondivise-DuckyNetworkS.r.l/E-Commerce - FOTO PRODOTTO 2019_2022_2023_2024_2025/DISCHI/W-FIX/WF8511.jpg -> SKU WF8511 -> uid 41160515: OK
[946/1287] /Users/anna.nardi/Library/CloudStorage/OneDrive-Raccoltecondivise-DuckyNetworkS.r.l/E-Commerce - FOTO PRODOTTO 2019_2022_2023_2024_2025/DISCHI/W-FIX/WF8512.jpg -> SKU WF8512 -> uid 41160516: OK
[947/1287] /Users/anna.nardi/Library/CloudStorage/OneDrive-Raccoltecondivise-DuckyNetworkS.r.l/E-Commerce - FOTO PRODOTTO 2019_2022_2023_2024_2025/DISCHI/W-FIX/WF8514.jpg -> SKU WF8514 -> uid 41160517: OK
[948/1287] /Users/anna.nardi/Library/CloudStorage/OneDrive-Raccoltecondivise-DuckyNetworkS.r.l/E-Commerce - FOTO PRODOTTO 2019_2022_2023_2024_2025/DISCHI/W-FIX/WF8515.jpg -> SKU WF8515 -> uid 41160518: OK
[949/1287] /Users/anna.nardi/Library/CloudStorage/OneDrive-Raccoltecondivise-DuckyNetworkS.r.l/E-Commerce - FOTO PRODOTTO 2019_2022_2023_2024_2025/DISCHI/W-FIX/WF8516.jpg -> SKU WF8516 -> uid 41160519: OK
[950/1287] /Users/anna.nardi/Library/CloudStorage/OneDrive-Raccoltecondivise-DuckyNetworkS.r.l/E-Commerce - FOTO PRODOTTO 2019_2022_2023_2024_2025/DISCHI/W-FIX/WF9101.jpg -> SKU WF9101 -> uid 41160520: OK
[951/1287] /Users/anna.nardi/Library/CloudStorage/OneDrive-Raccoltecondivise-DuckyNetworkS.r.l/E-Commerce - FOTO PRODOTTO 2019_2022_2023_2024_2025/DISCHI/W-FIX/WF9501.jpg -> SKU WF9501 -> uid 41160521: OK
[952/1287] /Users/anna.nardi/Library/CloudStorage/OneDrive-Raccoltecondivise-DuckyNetworkS.r.l/E-Commerce - FOTO PRODOTTO 2019_2022_2023_2024_2025/DISCHI/W-FLO/WH7003.jpg -> SKU WH7003 -> uid 41160522: OK
[953/1287] /Users/anna.nardi/Library/CloudStorage/OneDrive-Raccoltecondivise-DuckyNetworkS.r.l/E-Commerce - FOTO PRODOTTO 2019_2022_2023_2024_2025/DISCHI/W-FLO/WH7004.jpg -> SKU WH7004 -> uid 41160523: OK
[954/1287] /Users/anna.nardi/Library/CloudStorage/OneDrive-Raccoltecondivise-DuckyNetworkS.r.l/E-Commerce - FOTO PRODOTTO 2019_2022_2023_2024_2025/DISCHI/W-FLO/WH7006L.jpg -> SKU WH7006L -> uid 41160524: OK
[955/1287] /Users/anna.nardi/Library/CloudStorage/OneDrive-Raccoltecondivise-DuckyNetworkS.r.l/E-Commerce - FOTO PRODOTTO 2019_2022_2023_2024_2025/DISCHI/W-FLO/WH7006R.jpg -> SKU WH7006R -> uid 41160525: OK
[956/1287] /Users/anna.nardi/Library/CloudStorage/OneDrive-Raccoltecondivise-DuckyNetworkS.r.l/E-Commerce - FOTO PRODOTTO 2019_2022_2023_2024_2025/DISCHI/W-FLO/WH8101L.jpg -> SKU WH8101L -> uid 41160526: OK
[957/1287] /Users/anna.nardi/Library/CloudStorage/OneDrive-Raccoltecondivise-DuckyNetworkS.r.l/E-Commerce - FOTO PRODOTTO 2019_2022_2023_2024_2025/DISCHI/W-FLO/WH8101R.jpg -> SKU WH8101R -> uid 41160527: OK
[958/1287] /Users/anna.nardi/Library/CloudStorage/OneDrive-Raccoltecondivise-DuckyNetworkS.r.l/E-Commerce - FOTO PRODOTTO 2019_2022_2023_2024_2025/DISCHI/W-FLO/WH8102.jpg -> SKU WH8102 -> uid 41160528: OK
[959/1287] /Users/anna.nardi/Library/CloudStorage/OneDrive-Raccoltecondivise-DuckyNetworkS.r.l/E-Commerce - FOTO PRODOTTO 2019_2022_2023_2024_2025/DISCHI/W-FLO/WH8501.jpg -> SKU WH8501 -> uid 41160529: OK
[960/1287] /Users/anna.nardi/Library/CloudStorage/OneDrive-Raccoltecondivise-DuckyNetworkS.r.l/E-Commerce - FOTO PRODOTTO 2019_2022_2023_2024_2025/DISCHI/SK2/WK001L.jpg -> SKU WK001L -> uid 41160530: OK
[961/1287] /Users/anna.nardi/Library/CloudStorage/OneDrive-Raccoltecondivise-DuckyNetworkS.r.l/E-Commerce - FOTO PRODOTTO 2019_2022_2023_2024_2025/DISCHI/SK2/WK001R.jpg -> SKU WK001R -> uid 41160531: OK
[962/1287] /Users/anna.nardi/Library/CloudStorage/OneDrive-Raccoltecondivise-DuckyNetworkS.r.l/E-Commerce - FOTO PRODOTTO 2019_2022_2023_2024_2025/DISCHI/SK2/WK004L.jpg -> SKU WK004L -> uid 41160532: OK
[963/1287] /Users/anna.nardi/Library/CloudStorage/OneDrive-Raccoltecondivise-DuckyNetworkS.r.l/E-Commerce - FOTO PRODOTTO 2019_2022_2023_2024_2025/DISCHI/SK2/WK004R.jpg -> SKU WK004R -> uid 41160533: OK
[964/1287] /Users/anna.nardi/Library/CloudStorage/OneDrive-Raccoltecondivise-DuckyNetworkS.r.l/E-Commerce - FOTO PRODOTTO 2019_2022_2023_2024_2025/DISCHI/SK2/WK005L.jpg -> SKU WK005L -> uid 41160534: OK
[965/1287] /Users/anna.nardi/Library/CloudStorage/OneDrive-Raccoltecondivise-DuckyNetworkS.r.l/E-Commerce - FOTO PRODOTTO 2019_2022_2023_2024_2025/DISCHI/SK2/WK005R.jpg -> SKU WK005R -> uid 41160535: OK
[966/1287] /Users/anna.nardi/Library/CloudStorage/OneDrive-Raccoltecondivise-DuckyNetworkS.r.l/E-Commerce - FOTO PRODOTTO 2019_2022_2023_2024_2025/DISCHI/SK2/WK006L.jpg -> SKU WK006L -> uid 41160536: OK
[967/1287] /Users/anna.nardi/Library/CloudStorage/OneDrive-Raccoltecondivise-DuckyNetworkS.r.l/E-Commerce - FOTO PRODOTTO 2019_2022_2023_2024_2025/DISCHI/SK2/WK006R.jpg -> SKU WK006R -> uid 41160537: OK
[968/1287] /Users/anna.nardi/Library/CloudStorage/OneDrive-Raccoltecondivise-DuckyNetworkS.r.l/E-Commerce - FOTO PRODOTTO 2019_2022_2023_2024_2025/DISCHI/SK2/WK008L.jpg -> SKU WK008L -> uid 41160538: OK
[969/1287] /Users/anna.nardi/Library/CloudStorage/OneDrive-Raccoltecondivise-DuckyNetworkS.r.l/E-Commerce - FOTO PRODOTTO 2019_2022_2023_2024_2025/DISCHI/SK2/WK008R.jpg -> SKU WK008R -> uid 41160539: OK
[970/1287] /Users/anna.nardi/Library/CloudStorage/OneDrive-Raccoltecondivise-DuckyNetworkS.r.l/E-Commerce - FOTO PRODOTTO 2019_2022_2023_2024_2025/DISCHI/SK2/WK009L.jpg -> SKU WK009L -> uid 41160540: OK
[971/1287] /Users/anna.nardi/Library/CloudStorage/OneDrive-Raccoltecondivise-DuckyNetworkS.r.l/E-Commerce - FOTO PRODOTTO 2019_2022_2023_2024_2025/DISCHI/SK2/WK009R.jpg -> SKU WK009R -> uid 41160541: OK
[972/1287] /Users/anna.nardi/Library/CloudStorage/OneDrive-Raccoltecondivise-DuckyNetworkS.r.l/E-Commerce - FOTO PRODOTTO 2019_2022_2023_2024_2025/DISCHI/SK2/WK010L.jpg -> SKU WK010L -> uid 41160542: OK
[973/1287] /Users/anna.nardi/Library/CloudStorage/OneDrive-Raccoltecondivise-DuckyNetworkS.r.l/E-Commerce - FOTO PRODOTTO 2019_2022_2023_2024_2025/DISCHI/SK2/WK010R.jpg -> SKU WK010R -> uid 41160543: OK
[974/1287] /Users/anna.nardi/Library/CloudStorage/OneDrive-Raccoltecondivise-DuckyNetworkS.r.l/E-Commerce - FOTO PRODOTTO 2019_2022_2023_2024_2025/DISCHI/SK2/WK012L.jpg -> SKU WK012L -> uid 41160544: OK
[975/1287] /Users/anna.nardi/Library/CloudStorage/OneDrive-Raccoltecondivise-DuckyNetworkS.r.l/E-Commerce - FOTO PRODOTTO 2019_2022_2023_2024_2025/DISCHI/SK2/WK012R.jpg -> SKU WK012R -> uid 41160545: OK
[976/1287] /Users/anna.nardi/Library/CloudStorage/OneDrive-Raccoltecondivise-DuckyNetworkS.r.l/E-Commerce - FOTO PRODOTTO 2019_2022_2023_2024_2025/DISCHI/SK2/WK015L.jpg -> SKU WK015L -> uid 41160546: OK
[977/1287] /Users/anna.nardi/Library/CloudStorage/OneDrive-Raccoltecondivise-DuckyNetworkS.r.l/E-Commerce - FOTO PRODOTTO 2019_2022_2023_2024_2025/DISCHI/SK2/WK015R.jpg -> SKU WK015R -> uid 41160547: OK
[978/1287] /Users/anna.nardi/Library/CloudStorage/OneDrive-Raccoltecondivise-DuckyNetworkS.r.l/E-Commerce - FOTO PRODOTTO 2019_2022_2023_2024_2025/DISCHI/SK2/WK020L.jpg -> SKU WK020L -> uid 41160548: OK
[979/1287] /Users/anna.nardi/Library/CloudStorage/OneDrive-Raccoltecondivise-DuckyNetworkS.r.l/E-Commerce - FOTO PRODOTTO 2019_2022_2023_2024_2025/DISCHI/SK2/WK020R.jpg -> SKU WK020R -> uid 41160549: OK
[980/1287] /Users/anna.nardi/Library/CloudStorage/OneDrive-Raccoltecondivise-DuckyNetworkS.r.l/E-Commerce - FOTO PRODOTTO 2019_2022_2023_2024_2025/DISCHI/SK2/WK021L.jpg -> SKU WK021L -> uid 41160550: OK
[981/1287] /Users/anna.nardi/Library/CloudStorage/OneDrive-Raccoltecondivise-DuckyNetworkS.r.l/E-Commerce - FOTO PRODOTTO 2019_2022_2023_2024_2025/DISCHI/SK2/WK021R.jpg -> SKU WK021R -> uid 41160551: OK
[982/1287] /Users/anna.nardi/Library/CloudStorage/OneDrive-Raccoltecondivise-DuckyNetworkS.r.l/E-Commerce - FOTO PRODOTTO 2019_2022_2023_2024_2025/DISCHI/SK2/WK029L.jpg -> SKU WK029L -> uid 41160552: OK
[983/1287] /Users/anna.nardi/Library/CloudStorage/OneDrive-Raccoltecondivise-DuckyNetworkS.r.l/E-Commerce - FOTO PRODOTTO 2019_2022_2023_2024_2025/DISCHI/SK2/WK029R.jpg -> SKU WK029R -> uid 41160553: OK
[984/1287] /Users/anna.nardi/Library/CloudStorage/OneDrive-Raccoltecondivise-DuckyNetworkS.r.l/E-Commerce - FOTO PRODOTTO 2019_2022_2023_2024_2025/DISCHI/SK2/WK030L.jpg -> SKU WK030L -> uid 41160554: OK
[985/1287] /Users/anna.nardi/Library/CloudStorage/OneDrive-Raccoltecondivise-DuckyNetworkS.r.l/E-Commerce - FOTO PRODOTTO 2019_2022_2023_2024_2025/DISCHI/SK2/WK030R.jpg -> SKU WK030R -> uid 41232137: OK
[986/1287] /Users/anna.nardi/Library/CloudStorage/OneDrive-Raccoltecondivise-DuckyNetworkS.r.l/E-Commerce - FOTO PRODOTTO 2019_2022_2023_2024_2025/DISCHI/SK2/WK033L.jpg -> SKU WK033L -> uid 41160555: OK
[987/1287] /Users/anna.nardi/Library/CloudStorage/OneDrive-Raccoltecondivise-DuckyNetworkS.r.l/E-Commerce - FOTO PRODOTTO 2019_2022_2023_2024_2025/DISCHI/SK2/WK033R.jpg -> SKU WK033R -> uid 41160556: OK
[988/1287] /Users/anna.nardi/Library/CloudStorage/OneDrive-Raccoltecondivise-DuckyNetworkS.r.l/E-Commerce - FOTO PRODOTTO 2019_2022_2023_2024_2025/DISCHI/SK2/WK036L.jpg -> SKU WK036L -> uid 41160557: OK
[989/1287] /Users/anna.nardi/Library/CloudStorage/OneDrive-Raccoltecondivise-DuckyNetworkS.r.l/E-Commerce - FOTO PRODOTTO 2019_2022_2023_2024_2025/DISCHI/SK2/WK036R.jpg -> SKU WK036R -> uid 41160558: OK
[990/1287] /Users/anna.nardi/Library/CloudStorage/OneDrive-Raccoltecondivise-DuckyNetworkS.r.l/E-Commerce - FOTO PRODOTTO 2019_2022_2023_2024_2025/DISCHI/SK2/WK038L.jpg -> SKU WK038L -> uid 41160559: OK
[991/1287] /Users/anna.nardi/Library/CloudStorage/OneDrive-Raccoltecondivise-DuckyNetworkS.r.l/E-Commerce - FOTO PRODOTTO 2019_2022_2023_2024_2025/DISCHI/SK2/WK038R.jpg -> SKU WK038R -> uid 41160560: OK
[992/1287] /Users/anna.nardi/Library/CloudStorage/OneDrive-Raccoltecondivise-DuckyNetworkS.r.l/E-Commerce - FOTO PRODOTTO 2019_2022_2023_2024_2025/DISCHI/SK2/WK039L.jpg -> SKU WK039L -> uid 41160561: OK
[993/1287] /Users/anna.nardi/Library/CloudStorage/OneDrive-Raccoltecondivise-DuckyNetworkS.r.l/E-Commerce - FOTO PRODOTTO 2019_2022_2023_2024_2025/DISCHI/SK2/WK039R.jpg -> SKU WK039R -> uid 41160562: OK
[994/1287] /Users/anna.nardi/Library/CloudStorage/OneDrive-Raccoltecondivise-DuckyNetworkS.r.l/E-Commerce - FOTO PRODOTTO 2019_2022_2023_2024_2025/DISCHI/SK2/WK040L.jpg -> SKU WK040L -> uid 41160563: OK
[995/1287] /Users/anna.nardi/Library/CloudStorage/OneDrive-Raccoltecondivise-DuckyNetworkS.r.l/E-Commerce - FOTO PRODOTTO 2019_2022_2023_2024_2025/DISCHI/SK2/WK040R.jpg -> SKU WK040R -> uid 41160564: OK
[996/1287] /Users/anna.nardi/Library/CloudStorage/OneDrive-Raccoltecondivise-DuckyNetworkS.r.l/E-Commerce - FOTO PRODOTTO 2019_2022_2023_2024_2025/DISCHI/SK2/WK041L.jpg -> SKU WK041L -> uid 41160565: OK
[997/1287] /Users/anna.nardi/Library/CloudStorage/OneDrive-Raccoltecondivise-DuckyNetworkS.r.l/E-Commerce - FOTO PRODOTTO 2019_2022_2023_2024_2025/DISCHI/SK2/WK041R.jpg -> SKU WK041R -> uid 41160566: OK
[998/1287] /Users/anna.nardi/Library/CloudStorage/OneDrive-Raccoltecondivise-DuckyNetworkS.r.l/E-Commerce - FOTO PRODOTTO 2019_2022_2023_2024_2025/DISCHI/SK2/WK042R.jpg -> SKU WK042R -> uid 41160567: OK
[999/1287] /Users/anna.nardi/Library/CloudStorage/OneDrive-Raccoltecondivise-DuckyNetworkS.r.l/E-Commerce - FOTO PRODOTTO 2019_2022_2023_2024_2025/DISCHI/SK2/WK043L.jpg -> SKU WK043L -> uid 41160568: OK
[1000/1287] /Users/anna.nardi/Library/CloudStorage/OneDrive-Raccoltecondivise-DuckyNetworkS.r.l/E-Commerce - FOTO PRODOTTO 2019_2022_2023_2024_2025/DISCHI/SK2/WK043R.jpg -> SKU WK043R -> uid 41160569: OK
[1001/1287] /Users/anna.nardi/Library/CloudStorage/OneDrive-Raccoltecondivise-DuckyNetworkS.r.l/E-Commerce - FOTO PRODOTTO 2019_2022_2023_2024_2025/DISCHI/SK2/WK046L.jpg -> SKU WK046L -> uid 41160570: OK
[1002/1287] /Users/anna.nardi/Library/CloudStorage/OneDrive-Raccoltecondivise-DuckyNetworkS.r.l/E-Commerce - FOTO PRODOTTO 2019_2022_2023_2024_2025/DISCHI/SK2/WK046R.jpg -> SKU WK046R -> uid 41160571: OK
[1003/1287] /Users/anna.nardi/Library/CloudStorage/OneDrive-Raccoltecondivise-DuckyNetworkS.r.l/E-Commerce - FOTO PRODOTTO 2019_2022_2023_2024_2025/DISCHI/SK2/WK047L.jpg -> SKU WK047L -> uid 41160572: OK
[1004/1287] /Users/anna.nardi/Library/CloudStorage/OneDrive-Raccoltecondivise-DuckyNetworkS.r.l/E-Commerce - FOTO PRODOTTO 2019_2022_2023_2024_2025/DISCHI/SK2/WK047R.jpg -> SKU WK047R -> uid 41160573: OK
[1005/1287] /Users/anna.nardi/Library/CloudStorage/OneDrive-Raccoltecondivise-DuckyNetworkS.r.l/E-Commerce - FOTO PRODOTTO 2019_2022_2023_2024_2025/DISCHI/SK2/WK048L.jpg -> SKU WK048L -> uid 41160574: OK
[1006/1287] /Users/anna.nardi/Library/CloudStorage/OneDrive-Raccoltecondivise-DuckyNetworkS.r.l/E-Commerce - FOTO PRODOTTO 2019_2022_2023_2024_2025/DISCHI/SK2/WK048R.jpg -> SKU WK048R -> uid 41160575: OK
[1007/1287] /Users/anna.nardi/Library/CloudStorage/OneDrive-Raccoltecondivise-DuckyNetworkS.r.l/E-Commerce - FOTO PRODOTTO 2019_2022_2023_2024_2025/DISCHI/SK2/WK050L.jpg -> SKU WK050L -> uid 41160576: OK
[1008/1287] /Users/anna.nardi/Library/CloudStorage/OneDrive-Raccoltecondivise-DuckyNetworkS.r.l/E-Commerce - FOTO PRODOTTO 2019_2022_2023_2024_2025/DISCHI/SK2/WK051L.jpg -> SKU WK051L -> uid 41160577: OK
[1009/1287] /Users/anna.nardi/Library/CloudStorage/OneDrive-Raccoltecondivise-DuckyNetworkS.r.l/E-Commerce - FOTO PRODOTTO 2019_2022_2023_2024_2025/DISCHI/SK2/WK054L.jpg -> SKU WK054L -> uid 41160578: OK
[1010/1287] /Users/anna.nardi/Library/CloudStorage/OneDrive-Raccoltecondivise-DuckyNetworkS.r.l/E-Commerce - FOTO PRODOTTO 2019_2022_2023_2024_2025/DISCHI/SK2/WK055L.jpg -> SKU WK055L -> uid 41160579: OK
[1011/1287] /Users/anna.nardi/Library/CloudStorage/OneDrive-Raccoltecondivise-DuckyNetworkS.r.l/E-Commerce - FOTO PRODOTTO 2019_2022_2023_2024_2025/DISCHI/SK2/WK059L.jpg -> SKU WK059L -> uid 41160580: OK
[1012/1287] /Users/anna.nardi/Library/CloudStorage/OneDrive-Raccoltecondivise-DuckyNetworkS.r.l/E-Commerce - FOTO PRODOTTO 2019_2022_2023_2024_2025/DISCHI/SK2/WK062L.jpg -> SKU WK062L -> uid 41160581: OK
[1013/1287] /Users/anna.nardi/Library/CloudStorage/OneDrive-Raccoltecondivise-DuckyNetworkS.r.l/E-Commerce - FOTO PRODOTTO 2019_2022_2023_2024_2025/DISCHI/SK2/WK062R.jpg -> SKU WK062R -> uid 41160582: OK
