file,sku,uid,status,message
/Users/anna.nardi/Library/CloudStorage/OneDrive-Raccoltecondivise-DuckyNetworkS.r.l/E-Commerce - FOTO PRODOTTO 2019_2022_2023_2024_2025/PASTIGLIE/CM46/701CM46.jpg,701CM46,41158797,OK,
/Users/anna.nardi/Library/CloudStorage/OneDrive-Raccoltecondivise-DuckyNetworkS.r.l/E-Commerce - FOTO PRODOTTO 2019_2022_2023_2024_2025/PASTIGLIE/CM44/702CM44.jpg,702CM44,41158799,OK,
/Users/anna.nardi/Library/CloudStorage/OneDrive-Raccoltecondivise-DuckyNetworkS.r.l/E-Commerce - FOTO PRODOTTO 2019_2022_2023_2024_2025/PASTIGLIE/CM44/703CM44.jpg,703CM44,41158801,OK,
/Users/anna.nardi/Library/CloudStorage/OneDrive-Raccoltecondivise-DuckyNetworkS.r.l/E-Commerce - FOTO PRODOTTO 2019_2022_2023_2024_2025/PASTIGLIE/CM55/704CM55.jpg,704CM55,41158803,OK,
/Users/anna.nardi/Library/CloudStorage/OneDrive-Raccoltecondivise-DuckyNetworkS.r.l/E-Commerce - FOTO PRODOTTO 2019_2022_2023_2024_2025/PASTIGLIE/SM1/704SM1.jpg,704SM1,41158804,OK,
/Users/anna.nardi/Library/CloudStorage/OneDrive-Raccoltecondivise-DuckyNetworkS.r.l/E-Commerce - FOTO PRODOTTO 2019_2022_2023_2024_2025/PASTIGLIE/CM44/705CM44.jpg,705CM44,41158805,OK,
/Users/anna.nardi/Library/CloudStorage/OneDrive-Raccoltecondivise-DuckyNetworkS.r.l/E-Commerce - FOTO PRODOTTO 2019_2022_2023_2024_2025/PASTIGLIE/SM1/705SM1.jpg,705SM1,41158806,OK,
/Users/anna.nardi/Library/CloudStorage/OneDrive-Raccoltecondivise-DuckyNetworkS.r.l/E-Commerce - FOTO PRODOTTO 2019_2022_2023_2024_2025/PASTIGLIE/CM55/707CM55.jpg,707CM55,41158807,OK,
/Users/anna.nardi/Library/CloudStorage/OneDrive-Raccoltecondivise-DuckyNetworkS.r.l/E-Commerce - FOTO PRODOTTO 2019_2022_2023_2024_2025/PASTIGLIE/SM1/709SM1.jpg,709SM1,41158809,OK,
/Users/anna.nardi/Library/CloudStorage/OneDrive-Raccoltecondivise-DuckyNetworkS.r.l/E-Commerce - FOTO PRODOTTO 2019_2022_2023_2024_2025/PASTIGLIE/CM56/711CM56.jpg,711CM56,41158810,OK,
/Users/anna.nardi/Library/CloudStorage/OneDrive-Raccoltecondivise-DuckyNetworkS.r.l/E-Commerce - FOTO PRODOTTO 2019_2022_2023_2024_2025/PASTIGLIE/SM1/712SM1.jpg,712SM1,41158812,OK,
/Users/anna.nardi/Library/CloudStorage/OneDrive-Raccoltecondivise-DuckyNetworkS.r.l/E-Commerce - FOTO PRODOTTO 2019_2022_2023_2024_2025/PASTIGLIE/CM55/715CM55.jpg,715CM55,41158813,OK,
/Users/anna.nardi/Library/CloudStorage/OneDrive-Raccoltecondivise-DuckyNetworkS.r.l/E-Commerce - FOTO PRODOTTO 2019_2022_2023_2024_2025/PASTIGLIE/CM55/716CM55.jpg,716CM55,41158815,OK,
/Users/anna.nardi/Library/CloudStorage/OneDrive-Raccoltecondivise-DuckyNetworkS.r.l/E-Commerce - FOTO PRODOTTO 2019_2022_2023_2024_2025/PASTIGLIE/SM1/717SM1.jpg,717SM1,41158817,OK,
/Users/anna.nardi/Library/CloudStorage/OneDrive-Raccoltecondivise-DuckyNetworkS.r.l/E-Commerce - FOTO PRODOTTO 2019_2022_2023_2024_2025/PASTIGLIE/CM56/719CM56.jpg,719CM56,41158818,OK,
/Users/anna.nardi/Library/CloudStorage/OneDrive-Raccoltecondivise-DuckyNetworkS.r.l/E-Commerce - FOTO PRODOTTO 2019_2022_2023_2024_2025/PASTIGLIE/CM55/720CM55.jpg,720CM55,41158820,OK,
/Users/anna.nardi/Library/CloudStorage/OneDrive-Raccoltecondivise-DuckyNetworkS.r.l/E-Commerce - FOTO PRODOTTO 2019_2022_2023_2024_2025/PASTIGLIE/CM56/720CM56.jpg,720CM56,41158821,OK,
/Users/anna.nardi/Library/CloudStorage/OneDrive-Raccoltecondivise-DuckyNetworkS.r.l/E-Commerce - FOTO PRODOTTO 2019_2022_2023_2024_2025/PASTIGLIE/CM44/722CM44.jpg,722CM44,41158823,OK,
/Users/anna.nardi/Library/CloudStorage/OneDrive-Raccoltecondivise-DuckyNetworkS.r.l/E-Commerce - FOTO PRODOTTO 2019_2022_2023_2024_2025/PASTIGLIE/CM44/725CM44.jpg,725CM44,41158825,OK,
/Users/anna.nardi/Library/CloudStorage/OneDrive-Raccoltecondivise-DuckyNetworkS.r.l/E-Commerce - FOTO PRODOTTO 2019_2022_2023_2024_2025/PASTIGLIE/SM1/728SM1.jpg,728SM1,41158828,OK,
/Users/anna.nardi/Library/CloudStorage/OneDrive-Raccoltecondivise-DuckyNetworkS.r.l/E-Commerce - FOTO PRODOTTO 2019_2022_2023_2024_2025/PASTIGLIE/SM1/729SM1.jpg,729SM1,41158829,OK,
/Users/anna.nardi/Library/CloudStorage/OneDrive-Raccoltecondivise-DuckyNetworkS.r.l/E-Commerce - FOTO PRODOTTO 2019_2022_2023_2024_2025/PASTIGLIE/CM77/732CM77.jpg,732CM77,41158830,OK,
/Users/anna.nardi/Library/CloudStorage/OneDrive-Raccoltecondivise-DuckyNetworkS.r.l/E-Commerce - FOTO PRODOTTO 2019_2022_2023_2024_2025/PASTIGLIE/CM88/734CM88.jpg,734CM88,41158831,OK,
/Users/anna.nardi/Library/CloudStorage/OneDrive-Raccoltecondivise-DuckyNetworkS.r.l/E-Commerce - FOTO PRODOTTO 2019_2022_2023_2024_2025/PASTIGLIE/SM1/735SM1.jpg,735SM1,41158832,OK,
/Users/anna.nardi/Library/CloudStorage/OneDrive-Raccoltecondivise-DuckyNetworkS.r.l/E-Commerce - FOTO PRODOTTO 2019_2022_2023_2024_2025/PASTIGLIE/SM1/739SM1.jpg,739SM1,41158834,OK,
/Users/anna.nardi/Library/CloudStorage/OneDrive-Raccoltecondivise-DuckyNetworkS.r.l/E-Commerce - FOTO PRODOTTO 2019_2022_2023_2024_2025/PASTIGLIE/CM56/742CM56.jpg,742CM56,41158836,OK,
/Users/anna.nardi/Library/CloudStorage/OneDrive-Raccoltecondivise-DuckyNetworkS.r.l/E-Commerce - FOTO PRODOTTO 2019_2022_2023_2024_2025/PASTIGLIE/SM1/743SM1.jpg,743SM1,41158838,OK,
/Users/anna.nardi/Library/CloudStorage/OneDrive-Raccoltecondivise-DuckyNetworkS.r.l/E-Commerce - FOTO PRODOTTO 2019_2022_2023_2024_2025/PASTIGLIE/CM44/746CM44.jpg,746CM44,41158840,OK,
/Users/anna.nardi/Library/CloudStorage/OneDrive-Raccoltecondivise-DuckyNetworkS.r.l/E-Commerce - FOTO PRODOTTO 2019_2022_2023_2024_2025/PASTIGLIE/CM46/746CM46.jpg,746CM46,41158841,OK,
/Users/anna.nardi/Library/CloudStorage/OneDrive-Raccoltecondivise-DuckyNetworkS.r.l/E-Commerce - FOTO PRODOTTO 2019_2022_2023_2024_2025/PASTIGLIE/CM55/746CM55.jpg,746CM55,41158842,OK,
/Users/anna.nardi/Library/CloudStorage/OneDrive-Raccoltecondivise-DuckyNetworkS.r.l/E-Commerce - FOTO PRODOTTO 2019_2022_2023_2024_2025/PASTIGLIE/CM56/748CM56.jpg,748CM56,41158844,OK,
/Users/anna.nardi/Library/CloudStorage/OneDrive-Raccoltecondivise-DuckyNetworkS.r.l/E-Commerce - FOTO PRODOTTO 2019_2022_2023_2024_2025/PASTIGLIE/SM1/751SM1.jpg,751SM1,41158847,OK,
/Users/anna.nardi/Library/CloudStorage/OneDrive-Raccoltecondivise-DuckyNetworkS.r.l/E-Commerce - FOTO PRODOTTO 2019_2022_2023_2024_2025/PASTIGLIE/CM55/756CM55.jpg,756CM55,41158848,OK,
/Users/anna.nardi/Library/CloudStorage/OneDrive-Raccoltecondivise-DuckyNetworkS.r.l/E-Commerce - FOTO PRODOTTO 2019_2022_2023_2024_2025/PASTIGLIE/SM1/757SM1.jpg,757SM1,41158850,OK,
/Users/anna.nardi/Library/CloudStorage/OneDrive-Raccoltecondivise-DuckyNetworkS.r.l/E-Commerce - FOTO PRODOTTO 2019_2022_2023_2024_2025/PASTIGLIE/CM55/764CM55.jpg,764CM55,41158853,OK,
/Users/anna.nardi/Library/CloudStorage/OneDrive-Raccoltecondivise-DuckyNetworkS.r.l/E-Commerce - FOTO PRODOTTO 2019_2022_2023_2024_2025/PASTIGLIE/CM56/764CM66.jpg,764CM66,41158854,OK,
/Users/anna.nardi/Library/CloudStorage/OneDrive-Raccoltecondivise-DuckyNetworkS.r.l/E-Commerce - FOTO PRODOTTO 2019_2022_2023_2024_2025/PASTIGLIE/CM44/772CM44.jpg,772CM44,41158857,OK,
/Users/anna.nardi/Library/CloudStorage/OneDrive-Raccoltecondivise-DuckyNetworkS.r.l/E-Commerce - FOTO PRODOTTO 2019_2022_2023_2024_2025/PASTIGLIE/CM46/772CM46.jpg,772CM46,41158858,OK,
/Users/anna.nardi/Library/CloudStorage/OneDrive-Raccoltecondivise-DuckyNetworkS.r.l/E-Commerce - FOTO PRODOTTO 2019_2022_2023_2024_2025/PASTIGLIE/CM46/773CM46.jpg,773CM46,41158860,OK,
/Users/anna.nardi/Library/CloudStorage/OneDrive-Raccoltecondivise-DuckyNetworkS.r.l/E-Commerce - FOTO PRODOTTO 2019_2022_2023_2024_2025/PASTIGLIE/CM56/773CM56.jpg,773CM56,41158861,OK,
/Users/anna.nardi/Library/CloudStorage/OneDrive-Raccoltecondivise-DuckyNetworkS.r.l/E-Commerce - FOTO PRODOTTO 2019_2022_2023_2024_2025/PASTIGLIE/SM1/774SM1.jpg,774SM1,41158863,OK,
/Users/anna.nardi/Library/CloudStorage/OneDrive-Raccoltecondivise-DuckyNetworkS.r.l/E-Commerce - FOTO PRODOTTO 2019_2022_2023_2024_2025/PASTIGLIE/CM56/775CM56.jpg,775CM56,41158864,OK,
/Users/anna.nardi/Library/CloudStorage/OneDrive-Raccoltecondivise-DuckyNetworkS.r.l/E-Commerce - FOTO PRODOTTO 2019_2022_2023_2024_2025/PASTIGLIE/CM55/776CM55.jpg,776CM55,41158866,OK,
/Users/anna.nardi/Library/CloudStorage/OneDrive-Raccoltecondivise-DuckyNetworkS.r.l/E-Commerce - FOTO PRODOTTO 2019_2022_2023_2024_2025/PASTIGLIE/CM66/776CM66.jpg,776CM66,41158867,OK,
/Users/anna.nardi/Library/CloudStorage/OneDrive-Raccoltecondivise-DuckyNetworkS.r.l/E-Commerce - FOTO PRODOTTO 2019_2022_2023_2024_2025/PASTIGLIE/CM55/777CM55.jpg,777CM55,41158868,OK,
/Users/anna.nardi/Library/CloudStorage/OneDrive-Raccoltecondivise-DuckyNetworkS.r.l/E-Commerce - FOTO PRODOTTO 2019_2022_2023_2024_2025/PASTIGLIE/CM55/780CM55.jpg,780CM55,41158872,OK,
/Users/anna.nardi/Library/CloudStorage/OneDrive-Raccoltecondivise-DuckyNetworkS.r.l/E-Commerce - FOTO PRODOTTO 2019_2022_2023_2024_2025/PASTIGLIE/CM55/782CM55.jpg,782CM55,41158874,OK,
/Users/anna.nardi/Library/CloudStorage/OneDrive-Raccoltecondivise-DuckyNetworkS.r.l/E-Commerce - FOTO PRODOTTO 2019_2022_2023_2024_2025/PASTIGLIE/CM55/784CM55.jpg,784CM55,41158876,OK,
/Users/anna.nardi/Library/CloudStorage/OneDrive-Raccoltecondivise-DuckyNetworkS.r.l/E-Commerce - FOTO PRODOTTO 2019_2022_2023_2024_2025/PASTIGLIE/CM66/784CM66.jpg,784CM66,41158877,OK,
/Users/anna.nardi/Library/CloudStorage/OneDrive-Raccoltecondivise-DuckyNetworkS.r.l/E-Commerce - FOTO PRODOTTO 2019_2022_2023_2024_2025/PASTIGLIE/CM55/786CM55.jpg,786CM55,41158880,OK,
/Users/anna.nardi/Library/CloudStorage/OneDrive-Raccoltecondivise-DuckyNetworkS.r.l/E-Commerce - FOTO PRODOTTO 2019_2022_2023_2024_2025/PASTIGLIE/CM66/786CM66.jpg,786CM66,41158881,OK,
/Users/anna.nardi/Library/CloudStorage/OneDrive-Raccoltecondivise-DuckyNetworkS.r.l/E-Commerce - FOTO PRODOTTO 2019_2022_2023_2024_2025/PASTIGLIE/CM55/787CM55.jpg,787CM55,41158883,OK,
/Users/anna.nardi/Library/CloudStorage/OneDrive-Raccoltecondivise-DuckyNetworkS.r.l/E-Commerce - FOTO PRODOTTO 2019_2022_2023_2024_2025/PASTIGLIE/CM56/794CM56.jpg,794CM56,41158885,OK,
/Users/anna.nardi/Library/CloudStorage/OneDrive-Raccoltecondivise-DuckyNetworkS.r.l/E-Commerce - FOTO PRODOTTO 2019_2022_2023_2024_2025/PASTIGLIE/CM55/801CM55.jpg,801CM55,41158889,OK,
/Users/anna.nardi/Library/CloudStorage/OneDrive-Raccoltecondivise-DuckyNetworkS.r.l/E-Commerce - FOTO PRODOTTO 2019_2022_2023_2024_2025/PASTIGLIE/SM1/805SM1.jpg,805SM1,41158890,OK,
/Users/anna.nardi/Library/CloudStorage/OneDrive-Raccoltecondivise-DuckyNetworkS.r.l/E-Commerce - FOTO PRODOTTO 2019_2022_2023_2024_2025/PASTIGLIE/CM55/806CM55.jpg,806CM55,41158891,OK,
/Users/anna.nardi/Library/CloudStorage/OneDrive-Raccoltecondivise-DuckyNetworkS.r.l/E-Commerce - FOTO PRODOTTO 2019_2022_2023_2024_2025/PASTIGLIE/SM1/806SM1.jpg,806SM1,41158892,OK,
/Users/anna.nardi/Library/CloudStorage/OneDrive-Raccoltecondivise-DuckyNetworkS.r.l/E-Commerce - FOTO PRODOTTO 2019_2022_2023_2024_2025/PASTIGLIE/CM44/812CM44.jpg,812CM44,41158894,OK,
/Users/anna.nardi/Library/CloudStorage/OneDrive-Raccoltecondivise-DuckyNetworkS.r.l/E-Commerce - FOTO PRODOTTO 2019_2022_2023_2024_2025/PASTIGLIE/CM55/813CM55.jpg,813CM55,41158895,OK,
/Users/anna.nardi/Library/CloudStorage/OneDrive-Raccoltecondivise-DuckyNetworkS.r.l/E-Commerce - FOTO PRODOTTO 2019_2022_2023_2024_2025/PASTIGLIE/CM56/813CM56.jpg,813CM56,41158896,OK,
/Users/anna.nardi/Library/CloudStorage/OneDrive-Raccoltecondivise-DuckyNetworkS.r.l/E-Commerce - FOTO PRODOTTO 2019_2022_2023_2024_2025/PASTIGLIE/SM1/817SM1.jpg,817SM1,41158899,OK,
/Users/anna.nardi/Library/CloudStorage/OneDrive-Raccoltecondivise-DuckyNetworkS.r.l/E-Commerce - FOTO PRODOTTO 2019_2022_2023_2024_2025/PASTIGLIE/CM56/822CM56.jpg,822CM56,41158900,OK,
/Users/anna.nardi/Library/CloudStorage/OneDrive-Raccoltecondivise-DuckyNetworkS.r.l/E-Commerce - FOTO PRODOTTO 2019_2022_2023_2024_2025/PASTIGLIE/CM56/826CM56.jpg,826CM56,41158902,OK,
/Users/anna.nardi/Library/CloudStorage/OneDrive-Raccoltecondivise-DuckyNetworkS.r.l/E-Commerce - FOTO PRODOTTO 2019_2022_2023_2024_2025/PASTIGLIE/SM1/826SM1.jpg,826SM1,41158903,OK,
/Users/anna.nardi/Library/CloudStorage/OneDrive-Raccoltecondivise-DuckyNetworkS.r.l/E-Commerce - FOTO PRODOTTO 2019_2022_2023_2024_2025/PASTIGLIE/CM55/827CM55.jpg,827CM55,41158904,OK,
/Users/anna.nardi/Library/CloudStorage/OneDrive-Raccoltecondivise-DuckyNetworkS.r.l/E-Commerce - FOTO PRODOTTO 2019_2022_2023_2024_2025/PASTIGLIE/CM66/827CM66.jpg,827CM66,41158905,OK,
/Users/anna.nardi/Library/CloudStorage/OneDrive-Raccoltecondivise-DuckyNetworkS.r.l/E-Commerce - FOTO PRODOTTO 2019_2022_2023_2024_2025/PASTIGLIE/CM56/828CM56.jpg,828CM56,41158907,OK,
/Users/anna.nardi/Library/CloudStorage/OneDrive-Raccoltecondivise-DuckyNetworkS.r.l/E-Commerce - FOTO PRODOTTO 2019_2022_2023_2024_2025/PASTIGLIE/CM46/831CM46.jpg,831CM46,41158910,OK,
/Users/anna.nardi/Library/CloudStorage/OneDrive-Raccoltecondivise-DuckyNetworkS.r.l/E-Commerce - FOTO PRODOTTO 2019_2022_2023_2024_2025/PASTIGLIE/CM46/832CM46.jpg,832CM46,41158912,OK,
/Users/anna.nardi/Library/CloudStorage/OneDrive-Raccoltecondivise-DuckyNetworkS.r.l/E-Commerce - FOTO PRODOTTO 2019_2022_2023_2024_2025/PASTIGLIE/CM77/843CM77.jpg,843CM77,41158916,OK,
/Users/anna.nardi/Library/CloudStorage/OneDrive-Raccoltecondivise-DuckyNetworkS.r.l/E-Commerce - FOTO PRODOTTO 2019_2022_2023_2024_2025/PASTIGLIE/CM44/856CM44.jpg,856CM44,41158919,OK,
/Users/anna.nardi/Library/CloudStorage/OneDrive-Raccoltecondivise-DuckyNetworkS.r.l/E-Commerce - FOTO PRODOTTO 2019_2022_2023_2024_2025/PASTIGLIE/CM44/857CM44.jpg,857CM44,41158920,OK,
/Users/anna.nardi/Library/CloudStorage/OneDrive-Raccoltecondivise-DuckyNetworkS.r.l/E-Commerce - FOTO PRODOTTO 2019_2022_2023_2024_2025/PASTIGLIE/CM44/860CM44.jpg,860CM44,41158921,OK,
/Users/anna.nardi/Library/CloudStorage/OneDrive-Raccoltecondivise-DuckyNetworkS.r.l/E-Commerce - FOTO PRODOTTO 2019_2022_2023_2024_2025/PASTIGLIE/CM55/870CM55.jpg,870CM55,41158926,OK,
/Users/anna.nardi/Library/CloudStorage/OneDrive-Raccoltecondivise-DuckyNetworkS.r.l/E-Commerce - FOTO PRODOTTO 2019_2022_2023_2024_2025/PASTIGLIE/CM66/870CM66.jpg,870CM66,41158927,OK,
/Users/anna.nardi/Library/CloudStorage/OneDrive-Raccoltecondivise-DuckyNetworkS.r.l/E-Commerce - FOTO PRODOTTO 2019_2022_2023_2024_2025/PASTIGLIE/CM44/873CM44.jpg,873CM44,41158930,OK,
/Users/anna.nardi/Library/CloudStorage/OneDrive-Raccoltecondivise-DuckyNetworkS.r.l/E-Commerce - FOTO PRODOTTO 2019_2022_2023_2024_2025/PASTIGLIE/CM56/875CM56.jpg,875CM56,41158931,OK,
/Users/anna.nardi/Library/CloudStorage/OneDrive-Raccoltecondivise-DuckyNetworkS.r.l/E-Commerce - FOTO PRODOTTO 2019_2022_2023_2024_2025/PASTIGLIE/SM1/878SM1.jpg,878SM1,41158933,OK,
/Users/anna.nardi/Library/CloudStorage/OneDrive-Raccoltecondivise-DuckyNetworkS.r.l/E-Commerce - FOTO PRODOTTO 2019_2022_2023_2024_2025/PASTIGLIE/CM55/879CM55.jpg,879CM55,41158934,OK,
/Users/anna.nardi/Library/CloudStorage/OneDrive-Raccoltecondivise-DuckyNetworkS.r.l/E-Commerce - FOTO PRODOTTO 2019_2022_2023_2024_2025/PASTIGLIE/CM44/886CM44.jpg,886CM44,41158937,OK,
/Users/anna.nardi/Library/CloudStorage/OneDrive-Raccoltecondivise-DuckyNetworkS.r.l/E-Commerce - FOTO PRODOTTO 2019_2022_2023_2024_2025/PASTIGLIE/CM46/886CM46.jpg,886CM46,41158938,OK,
/Users/anna.nardi/Library/CloudStorage/OneDrive-Raccoltecondivise-DuckyNetworkS.r.l/E-Commerce - FOTO PRODOTTO 2019_2022_2023_2024_2025/PASTIGLIE/CM44/890CM44.jpg,890CM44,41158942,OK,
/Users/anna.nardi/Library/CloudStorage/OneDrive-Raccoltecondivise-DuckyNetworkS.r.l/E-Commerce - FOTO PRODOTTO 2019_2022_2023_2024_2025/PASTIGLIE/CM46/890CM46.jpg,890CM46,41158943,OK,
/Users/anna.nardi/Library/CloudStorage/OneDrive-Raccoltecondivise-DuckyNetworkS.r.l/E-Commerce - FOTO PRODOTTO 2019_2022_2023_2024_2025/PASTIGLIE/CM44/891CM44.jpg,891CM44,41158945,OK,
/Users/anna.nardi/Library/CloudStorage/OneDrive-Raccoltecondivise-DuckyNetworkS.r.l/E-Commerce - FOTO PRODOTTO 2019_2022_2023_2024_2025/PASTIGLIE/CM46/891CM46.jpg,891CM46,41158946,OK,
/Users/anna.nardi/Library/CloudStorage/OneDrive-Raccoltecondivise-DuckyNetworkS.r.l/E-Commerce - FOTO PRODOTTO 2019_2022_2023_2024_2025/PASTIGLIE/CM55/892CM55.jpg,892CM55,41158948,OK,
/Users/anna.nardi/Library/CloudStorage/OneDrive-Raccoltecondivise-DuckyNetworkS.r.l/E-Commerce - FOTO PRODOTTO 2019_2022_2023_2024_2025/PASTIGLIE/CM55/893CM55.jpg,893CM55,41158950,OK,
/Users/anna.nardi/Library/CloudStorage/OneDrive-Raccoltecondivise-DuckyNetworkS.r.l/E-Commerce - FOTO PRODOTTO 2019_2022_2023_2024_2025/PASTIGLIE/CM66/893CM66.jpg,893CM66,41158951,OK,
/Users/anna.nardi/Library/CloudStorage/OneDrive-Raccoltecondivise-DuckyNetworkS.r.l/E-Commerce - FOTO PRODOTTO 2019_2022_2023_2024_2025/PASTIGLIE/CM44/894CM44.jpg,894CM44,41158952,OK,
/Users/anna.nardi/Library/CloudStorage/OneDrive-Raccoltecondivise-DuckyNetworkS.r.l/E-Commerce - FOTO PRODOTTO 2019_2022_2023_2024_2025/PASTIGLIE/CM55/895CM55.jpg,895CM55,41158953,OK,
/Users/anna.nardi/Library/CloudStorage/OneDrive-Raccoltecondivise-DuckyNetworkS.r.l/E-Commerce - FOTO PRODOTTO 2019_2022_2023_2024_2025/PASTIGLIE/CM44/897CM44.jpg,897CM44,41158955,OK,
/Users/anna.nardi/Library/CloudStorage/OneDrive-Raccoltecondivise-DuckyNetworkS.r.l/E-Commerce - FOTO PRODOTTO 2019_2022_2023_2024_2025/PASTIGLIE/CM55/898CM55.jpg,898CM55,41158956,OK,
/Users/anna.nardi/Library/CloudStorage/OneDrive-Raccoltecondivise-DuckyNetworkS.r.l/E-Commerce - FOTO PRODOTTO 2019_2022_2023_2024_2025/PASTIGLIE/CM66/898CM66.jpg,898CM66,41158957,OK,
/Users/anna.nardi/Library/CloudStorage/OneDrive-Raccoltecondivise-DuckyNetworkS.r.l/E-Commerce - FOTO PRODOTTO 2019_2022_2023_2024_2025/PASTIGLIE/CM55/899CM55.jpg,899CM55,41158958,OK,
/Users/anna.nardi/Library/CloudStorage/OneDrive-Raccoltecondivise-DuckyNetworkS.r.l/E-Commerce - FOTO PRODOTTO 2019_2022_2023_2024_2025/PASTIGLIE/CM66/899CM66.jpg,899CM66,41158959,OK,
/Users/anna.nardi/Library/CloudStorage/OneDrive-Raccoltecondivise-DuckyNetworkS.r.l/E-Commerce - FOTO PRODOTTO 2019_2022_2023_2024_2025/PASTIGLIE/CM77/900CM77.jpg,900CM77,41158960,OK,
/Users/anna.nardi/Library/CloudStorage/OneDrive-Raccoltecondivise-DuckyNetworkS.r.l/E-Commerce - FOTO PRODOTTO 2019_2022_2023_2024_2025/PASTIGLIE/SM1/900sm1.jpg,900SM1,41158961,OK,
/Users/anna.nardi/Library/CloudStorage/OneDrive-Raccoltecondivise-DuckyNetworkS.r.l/E-Commerce - FOTO PRODOTTO 2019_2022_2023_2024_2025/PASTIGLIE/CM88/901CM88.jpg,901CM88,41158962,OK,
/Users/anna.nardi/Library/CloudStorage/OneDrive-Raccoltecondivise-DuckyNetworkS.r.l/E-Commerce - FOTO PRODOTTO 2019_2022_2023_2024_2025/PASTIGLIE/CM44/905CM44.jpg,905CM44,41158966,OK,
/Users/anna.nardi/Library/CloudStorage/OneDrive-Raccoltecondivise-DuckyNetworkS.r.l/E-Commerce - FOTO PRODOTTO 2019_2022_2023_2024_2025/PASTIGLIE/CM55/906CM55.jpg,906CM55,41158967,OK,
/Users/anna.nardi/Library/CloudStorage/OneDrive-Raccoltecondivise-DuckyNetworkS.r.l/E-Commerce - FOTO PRODOTTO 2019_2022_2023_2024_2025/PASTIGLIE/CM56/907CM56.jpg,907CM56,41158968,OK,
/Users/anna.nardi/Library/CloudStorage/OneDrive-Raccoltecondivise-DuckyNetworkS.r.l/E-Commerce - FOTO PRODOTTO 2019_2022_2023_2024_2025/PASTIGLIE/CM55/910CM55.jpg,910CM55,41158971,OK,
/Users/anna.nardi/Library/CloudStorage/OneDrive-Raccoltecondivise-DuckyNetworkS.r.l/E-Commerce - FOTO PRODOTTO 2019_2022_2023_2024_2025/PASTIGLIE/CM44/911CM44.jpg,911CM44,41158973,OK,
/Users/anna.nardi/Library/CloudStorage/OneDrive-Raccoltecondivise-DuckyNetworkS.r.l/E-Commerce - FOTO PRODOTTO 2019_2022_2023_2024_2025/PASTIGLIE/CM56/924CM56.jpg,924CM56,41158975,OK,
/Users/anna.nardi/Library/CloudStorage/OneDrive-Raccoltecondivise-DuckyNetworkS.r.l/E-Commerce - FOTO PRODOTTO 2019_2022_2023_2024_2025/PASTIGLIE/CM56/925CM56.jpg,925CM56,41158977,OK,
/Users/anna.nardi/Library/CloudStorage/OneDrive-Raccoltecondivise-DuckyNetworkS.r.l/E-Commerce - FOTO PRODOTTO 2019_2022_2023_2024_2025/PASTIGLIE/CM55/927CM55.jpg,927CM55,41158980,OK,
/Users/anna.nardi/Library/CloudStorage/OneDrive-Raccoltecondivise-DuckyNetworkS.r.l/E-Commerce - FOTO PRODOTTO 2019_2022_2023_2024_2025/PASTIGLIE/CM66/927CM66.jpg,927CM66,41158981,OK,
/Users/anna.nardi/Library/CloudStorage/OneDrive-Raccoltecondivise-DuckyNetworkS.r.l/E-Commerce - FOTO PRODOTTO 2019_2022_2023_2024_2025/PASTIGLIE/CM55/928CM55.jpg,928CM55,41158982,OK,
/Users/anna.nardi/Library/CloudStorage/OneDrive-Raccoltecondivise-DuckyNetworkS.r.l/E-Commerce - FOTO PRODOTTO 2019_2022_2023_2024_2025/PASTIGLIE/CM66/928CM66.jpg,928CM66,41158983,OK,
/Users/anna.nardi/Library/CloudStorage/OneDrive-Raccoltecondivise-DuckyNetworkS.r.l/E-Commerce - FOTO PRODOTTO 2019_2022_2023_2024_2025/PASTIGLIE/CM44/929CM44.jpg,929CM44,41158984,OK,
/Users/anna.nardi/Library/CloudStorage/OneDrive-Raccoltecondivise-DuckyNetworkS.r.l/E-Commerce - FOTO PRODOTTO 2019_2022_2023_2024_2025/PASTIGLIE/CM46/929CM46.jpg,929CM46,41158985,OK,
/Users/anna.nardi/Library/CloudStorage/OneDrive-Raccoltecondivise-DuckyNetworkS.r.l/E-Commerce - FOTO PRODOTTO 2019_2022_2023_2024_2025/PASTIGLIE/CM55/930CM55.jpg,930CM55,41158986,OK,
/Users/anna.nardi/Library/CloudStorage/OneDrive-Raccoltecondivise-DuckyNetworkS.r.l/E-Commerce - FOTO PRODOTTO 2019_2022_2023_2024_2025/PASTIGLIE/CM66/930CM66.jpg,930CM66,41158987,OK,
/Users/anna.nardi/Library/CloudStorage/OneDrive-Raccoltecondivise-DuckyNetworkS.r.l/E-Commerce - FOTO PRODOTTO 2019_2022_2023_2024_2025/PASTIGLIE/CM55/931CM55.jpg,931CM55,41158988,OK,
/Users/anna.nardi/Library/CloudStorage/OneDrive-Raccoltecondivise-DuckyNetworkS.r.l/E-Commerce - FOTO PRODOTTO 2019_2022_2023_2024_2025/PASTIGLIE/CM55/932CM55.jpg,932CM55,41158989,OK,
/Users/anna.nardi/Library/CloudStorage/OneDrive-Raccoltecondivise-DuckyNetworkS.r.l/E-Commerce - FOTO PRODOTTO 2019_2022_2023_2024_2025/PASTIGLIE/CM66/932CM66.jpg,932CM66,41158990,OK,
/Users/anna.nardi/Library/CloudStorage/OneDrive-Raccoltecondivise-DuckyNetworkS.r.l/E-Commerce - FOTO PRODOTTO 2019_2022_2023_2024_2025/PASTIGLIE/CM55/933CM55.jpg,933CM55,41158991,OK,
/Users/anna.nardi/Library/CloudStorage/OneDrive-Raccoltecondivise-DuckyNetworkS.r.l/E-Commerce - FOTO PRODOTTO 2019_2022_2023_2024_2025/PASTIGLIE/CM77/934CM77.jpg,934CM77,41158993,OK,
/Users/anna.nardi/Library/CloudStorage/OneDrive-Raccoltecondivise-DuckyNetworkS.r.l/E-Commerce - FOTO PRODOTTO 2019_2022_2023_2024_2025/PASTIGLIE/SM1/934SM1.jpg,934SM1,41158994,OK,
/Users/anna.nardi/Library/CloudStorage/OneDrive-Raccoltecondivise-DuckyNetworkS.r.l/E-Commerce - FOTO PRODOTTO 2019_2022_2023_2024_2025/PASTIGLIE/CM44/935CM44.jpg,935CM44,41158997,OK,
/Users/anna.nardi/Library/CloudStorage/OneDrive-Raccoltecondivise-DuckyNetworkS.r.l/E-Commerce - FOTO PRODOTTO 2019_2022_2023_2024_2025/PASTIGLIE/CM44/936CM44.jpg,936CM44,41158998,OK,
/Users/anna.nardi/Library/CloudStorage/OneDrive-Raccoltecondivise-DuckyNetworkS.r.l/E-Commerce - FOTO PRODOTTO 2019_2022_2023_2024_2025/PASTIGLIE/CM56/938CM56.jpg,938CM56,41158999,OK,
/Users/anna.nardi/Library/CloudStorage/OneDrive-Raccoltecondivise-DuckyNetworkS.r.l/E-Commerce - FOTO PRODOTTO 2019_2022_2023_2024_2025/PASTIGLIE/CM55/939CM55.jpg,939CM55,41159000,OK,
/Users/anna.nardi/Library/CloudStorage/OneDrive-Raccoltecondivise-DuckyNetworkS.r.l/E-Commerce - FOTO PRODOTTO 2019_2022_2023_2024_2025/PASTIGLIE/CM44/940CM44.jpg,940CM44,41159001,OK,
/Users/anna.nardi/Library/CloudStorage/OneDrive-Raccoltecondivise-DuckyNetworkS.r.l/E-Commerce - FOTO PRODOTTO 2019_2022_2023_2024_2025/PASTIGLIE/CM55/941CM55.jpg,941CM55,41159003,OK,
/Users/anna.nardi/Library/CloudStorage/OneDrive-Raccoltecondivise-DuckyNetworkS.r.l/E-Commerce - FOTO PRODOTTO 2019_2022_2023_2024_2025/PASTIGLIE/CM66/941CM66.jpg,941CM66,41159004,OK,
/Users/anna.nardi/Library/CloudStorage/OneDrive-Raccoltecondivise-DuckyNetworkS.r.l/E-Commerce - FOTO PRODOTTO 2019_2022_2023_2024_2025/PASTIGLIE/CM56/942CM56.jpg,942CM56,41159005,OK,
/Users/anna.nardi/Library/CloudStorage/OneDrive-Raccoltecondivise-DuckyNetworkS.r.l/E-Commerce - FOTO PRODOTTO 2019_2022_2023_2024_2025/PASTIGLIE/CM77/943CM77.jpg,943CM77,41159007,OK,
/Users/anna.nardi/Library/CloudStorage/OneDrive-Raccoltecondivise-DuckyNetworkS.r.l/E-Commerce - FOTO PRODOTTO 2019_2022_2023_2024_2025/PASTIGLIE/SM1/943SM1.jpg,943SM1,41159008,OK,
/Users/anna.nardi/Library/CloudStorage/OneDrive-Raccoltecondivise-DuckyNetworkS.r.l/E-Commerce - FOTO PRODOTTO 2019_2022_2023_2024_2025/PASTIGLIE/CM88/944CM88.jpg,944CM88,41159009,OK,
/Users/anna.nardi/Library/CloudStorage/OneDrive-Raccoltecondivise-DuckyNetworkS.r.l/E-Commerce - FOTO PRODOTTO 2019_2022_2023_2024_2025/PASTIGLIE/SM1/944SM1.jpg,944SM1,41159010,OK,
/Users/anna.nardi/Library/CloudStorage/OneDrive-Raccoltecondivise-DuckyNetworkS.r.l/E-Commerce - FOTO PRODOTTO 2019_2022_2023_2024_2025/PASTIGLIE/CM55/947CM55.jpg,947CM55,41159012,OK,
/Users/anna.nardi/Library/CloudStorage/OneDrive-Raccoltecondivise-DuckyNetworkS.r.l/E-Commerce - FOTO PRODOTTO 2019_2022_2023_2024_2025/PASTIGLIE/CM66/947CM66.jpg,947CM66,41159013,OK,
/Users/anna.nardi/Library/CloudStorage/OneDrive-Raccoltecondivise-DuckyNetworkS.r.l/E-Commerce - FOTO PRODOTTO 2019_2022_2023_2024_2025/PASTIGLIE/CM44/949CM44.jpg,949CM44,41159015,OK,
/Users/anna.nardi/Library/CloudStorage/OneDrive-Raccoltecondivise-DuckyNetworkS.r.l/E-Commerce - FOTO PRODOTTO 2019_2022_2023_2024_2025/PASTIGLIE/CM55/950CM55.jpg,950CM55,41159016,OK,
/Users/anna.nardi/Library/CloudStorage/OneDrive-Raccoltecondivise-DuckyNetworkS.r.l/E-Commerce - FOTO PRODOTTO 2019_2022_2023_2024_2025/PASTIGLIE/CM88/951CM88.jpg,951CM88,41159017,OK,
/Users/anna.nardi/Library/CloudStorage/OneDrive-Raccoltecondivise-DuckyNetworkS.r.l/E-Commerce - FOTO PRODOTTO 2019_2022_2023_2024_2025/PASTIGLIE/CM55/952CM55.jpg,952CM55,41159019,OK,
/Users/anna.nardi/Library/CloudStorage/OneDrive-Raccoltecondivise-DuckyNetworkS.r.l/E-Commerce - FOTO PRODOTTO 2019_2022_2023_2024_2025/PASTIGLIE/CM44/955CM44.jpg,955CM44,41159022,OK,
/Users/anna.nardi/Library/CloudStorage/OneDrive-Raccoltecondivise-DuckyNetworkS.r.l/E-Commerce - FOTO PRODOTTO 2019_2022_2023_2024_2025/PASTIGLIE/CM56/956CM56.jpg,956CM56,41159023,OK,
/Users/anna.nardi/Library/CloudStorage/OneDrive-Raccoltecondivise-DuckyNetworkS.r.l/E-Commerce - FOTO PRODOTTO 2019_2022_2023_2024_2025/PASTIGLIE/CM56/957CM56.jpg,957CM56,41159024,OK,
/Users/anna.nardi/Library/CloudStorage/OneDrive-Raccoltecondivise-DuckyNetworkS.r.l/E-Commerce - FOTO PRODOTTO 2019_2022_2023_2024_2025/PASTIGLIE/CM55/959CM55.jpg,959CM55,41159026,OK,
/Users/anna.nardi/Library/CloudStorage/OneDrive-Raccoltecondivise-DuckyNetworkS.r.l/E-Commerce - FOTO PRODOTTO 2019_2022_2023_2024_2025/PASTIGLIE/CM66/959CM66.jpg,959CM66,41159027,OK,
/Users/anna.nardi/Library/CloudStorage/OneDrive-Raccoltecondivise-DuckyNetworkS.r.l/E-Commerce - FOTO PRODOTTO 2019_2022_2023_2024_2025/PASTIGLIE/CM55/960CM55.jpg,960CM55,41159028,OK,
/Users/anna.nardi/Library/CloudStorage/OneDrive-Raccoltecondivise-DuckyNetworkS.r.l/E-Commerce - FOTO PRODOTTO 2019_2022_2023_2024_2025/PASTIGLIE/CM56/962CM56.jpg,962CM56,41159030,OK,
/Users/anna.nardi/Library/CloudStorage/OneDrive-Raccoltecondivise-DuckyNetworkS.r.l/E-Commerce - FOTO PRODOTTO 2019_2022_2023_2024_2025/PASTIGLIE/SM1/963SM1.jpg,963SM1,41159031,OK,
/Users/anna.nardi/Library/CloudStorage/OneDrive-Raccoltecondivise-DuckyNetworkS.r.l/E-Commerce - FOTO PRODOTTO 2019_2022_2023_2024_2025/PASTIGLIE/CM55/964CM55.jpg,964CM55,41159032,OK,
/Users/anna.nardi/Library/CloudStorage/OneDrive-Raccoltecondivise-DuckyNetworkS.r.l/E-Commerce - FOTO PRODOTTO 2019_2022_2023_2024_2025/PASTIGLIE/SM1/966SM1.jpg,966SM1,41159034,OK,
/Users/anna.nardi/Library/CloudStorage/OneDrive-Raccoltecondivise-DuckyNetworkS.r.l/E-Commerce - FOTO PRODOTTO 2019_2022_2023_2024_2025/PASTIGLIE/SM1/967SM1.jpg,967SM1,41159035,OK,
/Users/anna.nardi/Library/CloudStorage/OneDrive-Raccoltecondivise-DuckyNetworkS.r.l/E-Commerce - FOTO PRODOTTO 2019_2022_2023_2024_2025/PASTIGLIE/CM55/968CM55.jpg,968CM55,41159036,OK,
/Users/anna.nardi/Library/CloudStorage/OneDrive-Raccoltecondivise-DuckyNetworkS.r.l/E-Commerce - FOTO PRODOTTO 2019_2022_2023_2024_2025/PASTIGLIE/CM55/970CM55.jpg,970CM55,41159038,OK,
/Users/anna.nardi/Library/CloudStorage/OneDrive-Raccoltecondivise-DuckyNetworkS.r.l/E-Commerce - FOTO PRODOTTO 2019_2022_2023_2024_2025/PASTIGLIE/CM56/970CM56.jpg,970CM56,41159039,OK,
/Users/anna.nardi/Library/CloudStorage/OneDrive-Raccoltecondivise-DuckyNetworkS.r.l/E-Commerce - FOTO PRODOTTO 2019_2022_2023_2024_2025/PASTIGLIE/CM55/971CM55.jpg,971CM55,41159040,OK,
/Users/anna.nardi/Library/CloudStorage/OneDrive-Raccoltecondivise-DuckyNetworkS.r.l/E-Commerce - FOTO PRODOTTO 2019_2022_2023_2024_2025/PASTIGLIE/CM77/973CM77.jpg,973CM77,41159043,OK,
/Users/anna.nardi/Library/CloudStorage/OneDrive-Raccoltecondivise-DuckyNetworkS.r.l/E-Commerce - FOTO PRODOTTO 2019_2022_2023_2024_2025/PASTIGLIE/CM88/974CM88.jpg,974CM88,41159044,OK,
/Users/anna.nardi/Library/CloudStorage/OneDrive-Raccoltecondivise-DuckyNetworkS.r.l/E-Commerce - FOTO PRODOTTO 2019_2022_2023_2024_2025/PASTIGLIE/CM46/977CM46.jpg,977CM46,41159047,OK,
/Users/anna.nardi/Library/CloudStorage/OneDrive-Raccoltecondivise-DuckyNetworkS.r.l/E-Commerce - FOTO PRODOTTO 2019_2022_2023_2024_2025/PASTIGLIE/CM55/978CM55.jpg,978CM55,41159048,OK,
/Users/anna.nardi/Library/CloudStorage/OneDrive-Raccoltecondivise-DuckyNetworkS.r.l/E-Commerce - FOTO PRODOTTO 2019_2022_2023_2024_2025/PASTIGLIE/SM1/981SM1.jpg,981SM1,41159050,OK,
/Users/anna.nardi/Library/CloudStorage/OneDrive-Raccoltecondivise-DuckyNetworkS.r.l/E-Commerce - FOTO PRODOTTO 2019_2022_2023_2024_2025/PASTIGLIE/SM1/982SM1.jpg,982SM1,41159051,OK,
/Users/anna.nardi/Library/CloudStorage/OneDrive-Raccoltecondivise-DuckyNetworkS.r.l/E-Commerce - FOTO PRODOTTO 2019_2022_2023_2024_2025/PASTIGLIE/SM1/984SM1.jpg,984SM1,41159053,OK,
/Users/anna.nardi/Library/CloudStorage/OneDrive-Raccoltecondivise-DuckyNetworkS.r.l/E-Commerce - FOTO PRODOTTO 2019_2022_2023_2024_2025/PASTIGLIE/SM1/985SM1.jpg,985SM1,41159054,OK,
/Users/anna.nardi/Library/CloudStorage/OneDrive-Raccoltecondivise-DuckyNetworkS.r.l/E-Commerce - FOTO PRODOTTO 2019_2022_2023_2024_2025/PASTIGLIE/SM1/986SM1.jpg,986SM1,41159055,OK,
/Users/anna.nardi/Library/CloudStorage/OneDrive-Raccoltecondivise-DuckyNetworkS.r.l/E-Commerce - FOTO PRODOTTO 2019_2022_2023_2024_2025/PASTIGLIE/CM56/992CM56.jpg,992CM56,41159060,OK,
/Users/anna.nardi/Library/CloudStorage/OneDrive-Raccoltecondivise-DuckyNetworkS.r.l/E-Commerce - FOTO PRODOTTO 2019_2022_2023_2024_2025/PASTIGLIE/CM55/994CM55.jpg,994CM55,41159062,OK,
/Users/anna.nardi/Library/CloudStorage/OneDrive-Raccoltecondivise-DuckyNetworkS.r.l/E-Commerce - FOTO PRODOTTO 2019_2022_2023_2024_2025/PASTIGLIE/CM44/995CM44.jpg,995CM44,41159063,OK,
/Users/anna.nardi/Library/CloudStorage/OneDrive-Raccoltecondivise-DuckyNetworkS.r.l/E-Commerce - FOTO PRODOTTO 2019_2022_2023_2024_2025/PASTIGLIE/CM46/995CM46.jpg,995CM46,41159064,OK,
/Users/anna.nardi/Library/CloudStorage/OneDrive-Raccoltecondivise-DuckyNetworkS.r.l/E-Commerce - FOTO PRODOTTO 2019_2022_2023_2024_2025/PASTIGLIE/CM55/997CM55.jpg,997CM55,41159065,OK,
/Users/anna.nardi/Library/CloudStorage/OneDrive-Raccoltecondivise-DuckyNetworkS.r.l/E-Commerce - FOTO PRODOTTO 2019_2022_2023_2024_2025/PASTIGLIE/SM1/999SM1.jpg,999SM1,41159066,OK,
/Users/anna.nardi/Library/CloudStorage/OneDrive-Raccoltecondivise-DuckyNetworkS.r.l/E-Commerce - FOTO PRODOTTO 2019_2022_2023_2024_2025/DISCHI/W-FIX/AP08RID.jpg,AP08RID,41159069,OK,
/Users/anna.nardi/Library/CloudStorage/OneDrive-Raccoltecondivise-DuckyNetworkS.r.l/E-Commerce - FOTO PRODOTTO 2019_2022_2023_2024_2025/DISCHI/R-FIX/AP10FI.jpg,AP10FI,41159072,OK,
/Users/anna.nardi/Library/CloudStorage/OneDrive-Raccoltecondivise-DuckyNetworkS.r.l/E-Commerce - FOTO PRODOTTO 2019_2022_2023_2024_2025/DISCHI/W-FIX/AP10FID.jpg,AP10FID,41159073,OK,
/Users/anna.nardi/Library/CloudStorage/OneDrive-Raccoltecondivise-DuckyNetworkS.r.l/E-Commerce - FOTO PRODOTTO 2019_2022_2023_2024_2025/DISCHI/R-FIX/AP11FI.jpg,AP11FI,41159074,OK,
/Users/anna.nardi/Library/CloudStorage/OneDrive-Raccoltecondivise-DuckyNetworkS.r.l/E-Commerce - FOTO PRODOTTO 2019_2022_2023_2024_2025/DISCHI/W-FIX/AP11FID.jpg,AP11FID,41159075,OK,
/Users/anna.nardi/Library/CloudStorage/OneDrive-Raccoltecondivise-DuckyNetworkS.r.l/E-Commerce - FOTO PRODOTTO 2019_2022_2023_2024_2025/DISCHI/R-FLO/AP13FL.jpg,AP13FL,41159076,OK,
/Users/anna.nardi/Library/CloudStorage/OneDrive-Raccoltecondivise-DuckyNetworkS.r.l/E-Commerce - FOTO PRODOTTO 2019_2022_2023_2024_2025/DISCHI/R-FIX/AP16FI.jpg,AP16FI,41159077,OK,
/Users/anna.nardi/Library/CloudStorage/OneDrive-Raccoltecondivise-DuckyNetworkS.r.l/E-Commerce - FOTO PRODOTTO 2019_2022_2023_2024_2025/DISCHI/W-FIX/AP16FID.jpg,AP16FID,41159078,OK,
/Users/anna.nardi/Library/CloudStorage/OneDrive-Raccoltecondivise-DuckyNetworkS.r.l/E-Commerce - FOTO PRODOTTO 2019_2022_2023_2024_2025/DISCHI/R-FLO/AP19FL.jpg,AP19FL,41159079,OK,
/Users/anna.nardi/Library/CloudStorage/OneDrive-Raccoltecondivise-DuckyNetworkS.r.l/E-Commerce - FOTO PRODOTTO 2019_2022_2023_2024_2025/DISCHI/W-FLO/AP19FLD.jpg,AP19FLD,41159080,OK,
/Users/anna.nardi/Library/CloudStorage/OneDrive-Raccoltecondivise-DuckyNetworkS.r.l/E-Commerce - FOTO PRODOTTO 2019_2022_2023_2024_2025/DISCHI/W-FIX/AP20RID.jpg,AP20RID,41159081,OK,
/Users/anna.nardi/Library/CloudStorage/OneDrive-Raccoltecondivise-DuckyNetworkS.r.l/E-Commerce - FOTO PRODOTTO 2019_2022_2023_2024_2025/DISCHI/R-FIX/AP21RI.jpg,AP21RI,41159082,OK,
/Users/anna.nardi/Library/CloudStorage/OneDrive-Raccoltecondivise-DuckyNetworkS.r.l/E-Commerce - FOTO PRODOTTO 2019_2022_2023_2024_2025/DISCHI/W-FIX/AP21RID.jpg,AP21RID,41159083,OK,
/Users/anna.nardi/Library/CloudStorage/OneDrive-Raccoltecondivise-DuckyNetworkS.r.l/E-Commerce - FOTO PRODOTTO 2019_2022_2023_2024_2025/DISCHI/ABS RING/AR0001.jpg,AR0001,41159084,OK,
/Users/anna.nardi/Library/CloudStorage/OneDrive-Raccoltecondivise-DuckyNetworkS.r.l/E-Commerce - FOTO PRODOTTO 2019_2022_2023_2024_2025/DISCHI/ABS RING/AR0002.jpg,AR0002,41159085,OK,
/Users/anna.nardi/Library/CloudStorage/OneDrive-Raccoltecondivise-DuckyNetworkS.r.l/E-Commerce - FOTO PRODOTTO 2019_2022_2023_2024_2025/CHAIN KITS_Braking/B520XRE006G.jpg,B520XRE006G,41231976,OK,
/Users/anna.nardi/Library/CloudStorage/OneDrive-Raccoltecondivise-DuckyNetworkS.r.l/E-Commerce - FOTO PRODOTTO 2019_2022_2023_2024_2025/CHAIN KITS_Braking/B520XRE008G.jpg,B520XRE008G,41231979,OK,
/Users/anna.nardi/Library/CloudStorage/OneDrive-Raccoltecondivise-DuckyNetworkS.r.l/E-Commerce - FOTO PRODOTTO 2019_2022_2023_2024_2025/CHAIN KITS_Braking/B520XRE012G.jpg,B520XRE012G,41159349,OK,
/Users/anna.nardi/Library/CloudStorage/OneDrive-Raccoltecondivise-DuckyNetworkS.r.l/E-Commerce - FOTO PRODOTTO 2019_2022_2023_2024_2025/CHAIN KITS_Braking/B520XRE020G.jpg,B520XRE020G,41231980,OK,
/Users/anna.nardi/Library/CloudStorage/OneDrive-Raccoltecondivise-DuckyNetworkS.r.l/E-Commerce - FOTO PRODOTTO 2019_2022_2023_2024_2025/CHAIN KITS_Braking/B520XRE021G.jpg,B520XRE021G,41231981,OK,
/Users/anna.nardi/Library/CloudStorage/OneDrive-Raccoltecondivise-DuckyNetworkS.r.l/E-Commerce - FOTO PRODOTTO 2019_2022_2023_2024_2025/CHAIN KITS_Braking/B520XRE024G.jpg,B520XRE024G,41231982,OK,
/Users/anna.nardi/Library/CloudStorage/OneDrive-Raccoltecondivise-DuckyNetworkS.r.l/E-Commerce - FOTO PRODOTTO 2019_2022_2023_2024_2025/CHAIN KITS_Braking/B520XRE025G.jpg,B520XRE025G,41231983,OK,
/Users/anna.nardi/Library/CloudStorage/OneDrive-Raccoltecondivise-DuckyNetworkS.r.l/E-Commerce - FOTO PRODOTTO 2019_2022_2023_2024_2025/CHAIN KITS_Braking/B520XRE028G.jpg,B520XRE028G,41231984,OK,
/Users/anna.nardi/Library/CloudStorage/OneDrive-Raccoltecondivise-DuckyNetworkS.r.l/E-Commerce - FOTO PRODOTTO 2019_2022_2023_2024_2025/CHAIN KITS_Braking/B520XRE032G.jpg,B520XRE032G,41231985,OK,
/Users/anna.nardi/Library/CloudStorage/OneDrive-Raccoltecondivise-DuckyNetworkS.r.l/E-Commerce - FOTO PRODOTTO 2019_2022_2023_2024_2025/CHAIN KITS_Braking/B520XRE036G.jpg,B520XRE036G,41231986,OK,
/Users/anna.nardi/Library/CloudStorage/OneDrive-Raccoltecondivise-DuckyNetworkS.r.l/E-Commerce - FOTO PRODOTTO 2019_2022_2023_2024_2025/CHAIN KITS_Braking/B520XRE037G.jpg,B520XRE037G,41231987,OK,
/Users/anna.nardi/Library/CloudStorage/OneDrive-Raccoltecondivise-DuckyNetworkS.r.l/E-Commerce - FOTO PRODOTTO 2019_2022_2023_2024_2025/CHAIN KITS_Braking/B520XRE039G.jpg,B520XRE039G,41231991,OK,"{
    ""image_id"": ""6a633649e39ee1cf4b30654c"",
    ""thumbnail"": ""https:\/\/cdn.storeden.net\/secache\/6a633649e39ee1cf4b30654c"",
    ""original"": ""https:\/\/egress.storeden.net\/gallery\/6a633649e39ee1cf4b30654c""
}"
/Users/anna.nardi/Library/CloudStorage/OneDrive-Raccoltecondivise-DuckyNetworkS.r.l/E-Commerce - FOTO PRODOTTO 2019_2022_2023_2024_2025/CHAIN KITS_Braking/B520XRE040G.jpg,B520XRE040G,41231992,OK,"{
    ""image_id"": ""6a63364be39ee1cf4b306552"",
    ""thumbnail"": ""https:\/\/cdn.storeden.net\/secache\/6a63364be39ee1cf4b306552"",
    ""original"": ""https:\/\/egress.storeden.net\/gallery\/6a63364be39ee1cf4b306552""
}"
/Users/anna.nardi/Library/CloudStorage/OneDrive-Raccoltecondivise-DuckyNetworkS.r.l/E-Commerce - FOTO PRODOTTO 2019_2022_2023_2024_2025/CHAIN KITS_Braking/B520XRE046G.jpg,B520XRE046G,41231993,OK,"{
    ""image_id"": ""6a63364de39ee1164b30658d"",
    ""thumbnail"": ""https:\/\/cdn.storeden.net\/secache\/6a63364de39ee1164b30658d"",
    ""original"": ""https:\/\/egress.storeden.net\/gallery\/6a63364de39ee1164b30658d""
}"
/Users/anna.nardi/Library/CloudStorage/OneDrive-Raccoltecondivise-DuckyNetworkS.r.l/E-Commerce - FOTO PRODOTTO 2019_2022_2023_2024_2025/CHAIN KITS_Braking/B520XRE053G.jpg,B520XRE053G,41231994,OK,"{
    ""image_id"": ""6a63364fe39ee1164b306593"",
    ""thumbnail"": ""https:\/\/cdn.storeden.net\/secache\/6a63364fe39ee1164b306593"",
    ""original"": ""https:\/\/egress.storeden.net\/gallery\/6a63364fe39ee1164b306593""
}"
/Users/anna.nardi/Library/CloudStorage/OneDrive-Raccoltecondivise-DuckyNetworkS.r.l/E-Commerce - FOTO PRODOTTO 2019_2022_2023_2024_2025/CHAIN KITS_Braking/B520XRE055G.jpg,B520XRE055G,41231995,OK,"{
    ""image_id"": ""6a633651e39ee1b04b30657f"",
    ""thumbnail"": ""https:\/\/cdn.storeden.net\/secache\/6a633651e39ee1b04b30657f"",
    ""original"": ""https:\/\/egress.storeden.net\/gallery\/6a633651e39ee1b04b30657f""
}"
/Users/anna.nardi/Library/CloudStorage/OneDrive-Raccoltecondivise-DuckyNetworkS.r.l/E-Commerce - FOTO PRODOTTO 2019_2022_2023_2024_2025/CHAIN KITS_Braking/B520XRE058G.jpg,B520XRE058G,41231996,OK,"{
    ""image_id"": ""6a633654e39ee1b04b306585"",
    ""thumbnail"": ""https:\/\/cdn.storeden.net\/secache\/6a633654e39ee1b04b306585"",
    ""original"": ""https:\/\/egress.storeden.net\/gallery\/6a633654e39ee1b04b306585""
}"
/Users/anna.nardi/Library/CloudStorage/OneDrive-Raccoltecondivise-DuckyNetworkS.r.l/E-Commerce - FOTO PRODOTTO 2019_2022_2023_2024_2025/CHAIN KITS_Braking/B520XRE059G.jpg,B520XRE059G,41231997,OK,"{
    ""image_id"": ""6a633656be7ea0fcdb6461c6"",
    ""thumbnail"": ""https:\/\/cdn.storeden.net\/secache\/6a633656be7ea0fcdb6461c6"",
    ""original"": ""https:\/\/egress.storeden.net\/gallery\/6a633656be7ea0fcdb6461c6""
}"
/Users/anna.nardi/Library/CloudStorage/OneDrive-Raccoltecondivise-DuckyNetworkS.r.l/E-Commerce - FOTO PRODOTTO 2019_2022_2023_2024_2025/CHAIN KITS_Braking/B520XRE061G.jpg,B520XRE061G,41231998,OK,"{
    ""image_id"": ""6a633659e39ee1cf4b306558"",
    ""thumbnail"": ""https:\/\/cdn.storeden.net\/secache\/6a633659e39ee1cf4b306558"",
    ""original"": ""https:\/\/egress.storeden.net\/gallery\/6a633659e39ee1cf4b306558""
}"
/Users/anna.nardi/Library/CloudStorage/OneDrive-Raccoltecondivise-DuckyNetworkS.r.l/E-Commerce - FOTO PRODOTTO 2019_2022_2023_2024_2025/CHAIN KITS_Braking/B520XRE063G.jpg,B520XRE063G,41231999,OK,"{
    ""image_id"": ""6a63365be39ee1814b306565"",
    ""thumbnail"": ""https:\/\/cdn.storeden.net\/secache\/6a63365be39ee1814b306565"",
    ""original"": ""https:\/\/egress.storeden.net\/gallery\/6a63365be39ee1814b306565""
}"
/Users/anna.nardi/Library/CloudStorage/OneDrive-Raccoltecondivise-DuckyNetworkS.r.l/E-Commerce - FOTO PRODOTTO 2019_2022_2023_2024_2025/CHAIN KITS_Braking/B520XRE064G.jpg,B520XRE064G,41232000,OK,"{
    ""image_id"": ""6a63365de39ee1114c306550"",
    ""thumbnail"": ""https:\/\/cdn.storeden.net\/secache\/6a63365de39ee1114c306550"",
    ""original"": ""https:\/\/egress.storeden.net\/gallery\/6a63365de39ee1114c306550""
}"
/Users/anna.nardi/Library/CloudStorage/OneDrive-Raccoltecondivise-DuckyNetworkS.r.l/E-Commerce - FOTO PRODOTTO 2019_2022_2023_2024_2025/CHAIN KITS_Braking/B520XRE065G.jpg,B520XRE065G,41232001,OK,"{
    ""image_id"": ""6a6336e1e39ee1b04b30659c"",
    ""thumbnail"": ""https:\/\/cdn.storeden.net\/secache\/6a6336e1e39ee1b04b30659c"",
    ""original"": ""https:\/\/egress.storeden.net\/gallery\/6a6336e1e39ee1b04b30659c""
}"
/Users/anna.nardi/Library/CloudStorage/OneDrive-Raccoltecondivise-DuckyNetworkS.r.l/E-Commerce - FOTO PRODOTTO 2019_2022_2023_2024_2025/CHAIN KITS_Braking/B520XRE066G.jpg,B520XRE066G,41232002,OK,"{
    ""image_id"": ""6a6336e3e39ee1a14c306514"",
    ""thumbnail"": ""https:\/\/cdn.storeden.net\/secache\/6a6336e3e39ee1a14c306514"",
    ""original"": ""https:\/\/egress.storeden.net\/gallery\/6a6336e3e39ee1a14c306514""
}"
/Users/anna.nardi/Library/CloudStorage/OneDrive-Raccoltecondivise-DuckyNetworkS.r.l/E-Commerce - FOTO PRODOTTO 2019_2022_2023_2024_2025/CHAIN KITS_Braking/B520XRE067G.jpg,B520XRE067G,41232003,OK,"{
    ""image_id"": ""6a6336e5e39ee1114c306557"",
    ""thumbnail"": ""https:\/\/cdn.storeden.net\/secache\/6a6336e5e39ee1114c306557"",
    ""original"": ""https:\/\/egress.storeden.net\/gallery\/6a6336e5e39ee1114c306557""
}"
/Users/anna.nardi/Library/CloudStorage/OneDrive-Raccoltecondivise-DuckyNetworkS.r.l/E-Commerce - FOTO PRODOTTO 2019_2022_2023_2024_2025/CHAIN KITS_Braking/B520XRE068G.jpg,B520XRE068G,41226981,OK,"{
    ""image_id"": ""6a6336e7e39ee1a14c30651a"",
    ""thumbnail"": ""https:\/\/cdn.storeden.net\/secache\/6a6336e7e39ee1a14c30651a"",
    ""original"": ""https:\/\/egress.storeden.net\/gallery\/6a6336e7e39ee1a14c30651a""
}"
/Users/anna.nardi/Library/CloudStorage/OneDrive-Raccoltecondivise-DuckyNetworkS.r.l/E-Commerce - FOTO PRODOTTO 2019_2022_2023_2024_2025/CHAIN KITS_Braking/B520XRE069G.jpg,B520XRE069G,41226982,OK,"{
    ""image_id"": ""6a6336eae39ee1154c30655c"",
    ""thumbnail"": ""https:\/\/cdn.storeden.net\/secache\/6a6336eae39ee1154c30655c"",
    ""original"": ""https:\/\/egress.storeden.net\/gallery\/6a6336eae39ee1154c30655c""
}"
/Users/anna.nardi/Library/CloudStorage/OneDrive-Raccoltecondivise-DuckyNetworkS.r.l/E-Commerce - FOTO PRODOTTO 2019_2022_2023_2024_2025/CHAIN KITS_Braking/B520XRE071G.jpg,B520XRE071G,41232004,OK,"{
    ""image_id"": ""6a6336ece39ee1a34c306514"",
    ""thumbnail"": ""https:\/\/cdn.storeden.net\/secache\/6a6336ece39ee1a34c306514"",
    ""original"": ""https:\/\/egress.storeden.net\/gallery\/6a6336ece39ee1a34c306514""
}"
/Users/anna.nardi/Library/CloudStorage/OneDrive-Raccoltecondivise-DuckyNetworkS.r.l/E-Commerce - FOTO PRODOTTO 2019_2022_2023_2024_2025/CHAIN KITS_Braking/B520XRE078G.jpg,B520XRE078G,41232005,OK,"{
    ""image_id"": ""6a6336eee39ee1874c306538"",
    ""thumbnail"": ""https:\/\/cdn.storeden.net\/secache\/6a6336eee39ee1874c306538"",
    ""original"": ""https:\/\/egress.storeden.net\/gallery\/6a6336eee39ee1874c306538""
}"
/Users/anna.nardi/Library/CloudStorage/OneDrive-Raccoltecondivise-DuckyNetworkS.r.l/E-Commerce - FOTO PRODOTTO 2019_2022_2023_2024_2025/CHAIN KITS_Braking/B520XRE082G.jpg,B520XRE082G,41232006,OK,"{
    ""image_id"": ""6a6336f0e39ee1b94b306566"",
    ""thumbnail"": ""https:\/\/cdn.storeden.net\/secache\/6a6336f0e39ee1b94b306566"",
    ""original"": ""https:\/\/egress.storeden.net\/gallery\/6a6336f0e39ee1b94b306566""
}"
/Users/anna.nardi/Library/CloudStorage/OneDrive-Raccoltecondivise-DuckyNetworkS.r.l/E-Commerce - FOTO PRODOTTO 2019_2022_2023_2024_2025/CHAIN KITS_Braking/B520XRE084G.jpg,B520XRE084G,41232007,OK,"{
    ""image_id"": ""6a6336f2e39ee1a14c306520"",
    ""thumbnail"": ""https:\/\/cdn.storeden.net\/secache\/6a6336f2e39ee1a14c306520"",
    ""original"": ""https:\/\/egress.storeden.net\/gallery\/6a6336f2e39ee1a14c306520""
}"
/Users/anna.nardi/Library/CloudStorage/OneDrive-Raccoltecondivise-DuckyNetworkS.r.l/E-Commerce - FOTO PRODOTTO 2019_2022_2023_2024_2025/CHAIN KITS_Braking/B520XRE085G.jpg,B520XRE085G,41232008,OK,"{
    ""image_id"": ""6a6336f4e39ee1164b3065a9"",
    ""thumbnail"": ""https:\/\/cdn.storeden.net\/secache\/6a6336f4e39ee1164b3065a9"",
    ""original"": ""https:\/\/egress.storeden.net\/gallery\/6a6336f4e39ee1164b3065a9""
}"
/Users/anna.nardi/Library/CloudStorage/OneDrive-Raccoltecondivise-DuckyNetworkS.r.l/E-Commerce - FOTO PRODOTTO 2019_2022_2023_2024_2025/CHAIN KITS_Braking/B520XRE086G.jpg,B520XRE086G,41226986,OK,"{
    ""image_id"": ""6a6336f6e39ee1164b3065af"",
    ""thumbnail"": ""https:\/\/cdn.storeden.net\/secache\/6a6336f6e39ee1164b3065af"",
    ""original"": ""https:\/\/egress.storeden.net\/gallery\/6a6336f6e39ee1164b3065af""
}"
/Users/anna.nardi/Library/CloudStorage/OneDrive-Raccoltecondivise-DuckyNetworkS.r.l/E-Commerce - FOTO PRODOTTO 2019_2022_2023_2024_2025/CHAIN KITS_Braking/B520XRE087G.jpg,B520XRE087G,41226987,OK,"{
    ""image_id"": ""6a6336f8be7ea048dc646208"",
    ""thumbnail"": ""https:\/\/cdn.storeden.net\/secache\/6a6336f8be7ea048dc646208"",
    ""original"": ""https:\/\/egress.storeden.net\/gallery\/6a6336f8be7ea048dc646208""
}"
/Users/anna.nardi/Library/CloudStorage/OneDrive-Raccoltecondivise-DuckyNetworkS.r.l/E-Commerce - FOTO PRODOTTO 2019_2022_2023_2024_2025/CHAIN KITS_Braking/B520XRE088G.jpg,B520XRE088G,41226988,OK,"{
    ""image_id"": ""6a6336fbbe7ea0adce64628a"",
    ""thumbnail"": ""https:\/\/cdn.storeden.net\/secache\/6a6336fbbe7ea0adce64628a"",
    ""original"": ""https:\/\/egress.storeden.net\/gallery\/6a6336fbbe7ea0adce64628a""
}"
/Users/anna.nardi/Library/CloudStorage/OneDrive-Raccoltecondivise-DuckyNetworkS.r.l/E-Commerce - FOTO PRODOTTO 2019_2022_2023_2024_2025/CHAIN KITS_Braking/B520XRE089G.jpg,B520XRE089G,41226989,OK,"{
    ""image_id"": ""6a6336fde39ee1a34c30651a"",
    ""thumbnail"": ""https:\/\/cdn.storeden.net\/secache\/6a6336fde39ee1a34c30651a"",
    ""original"": ""https:\/\/egress.storeden.net\/gallery\/6a6336fde39ee1a34c30651a""
}"
/Users/anna.nardi/Library/CloudStorage/OneDrive-Raccoltecondivise-DuckyNetworkS.r.l/E-Commerce - FOTO PRODOTTO 2019_2022_2023_2024_2025/CHAIN KITS_Braking/B520XRE090G.jpg,B520XRE090G,41232009,OK,"{
    ""image_id"": ""6a6336ffe39ee1c04c306514"",
    ""thumbnail"": ""https:\/\/cdn.storeden.net\/secache\/6a6336ffe39ee1c04c306514"",
    ""original"": ""https:\/\/egress.storeden.net\/gallery\/6a6336ffe39ee1c04c306514""
}"
/Users/anna.nardi/Library/CloudStorage/OneDrive-Raccoltecondivise-DuckyNetworkS.r.l/E-Commerce - FOTO PRODOTTO 2019_2022_2023_2024_2025/CHAIN KITS_Braking/B520XRE091G.jpg,B520XRE091G,41226990,OK,"{
    ""image_id"": ""6a633701e39ee1a24c306515"",
    ""thumbnail"": ""https:\/\/cdn.storeden.net\/secache\/6a633701e39ee1a24c306515"",
    ""original"": ""https:\/\/egress.storeden.net\/gallery\/6a633701e39ee1a24c306515""
}"
/Users/anna.nardi/Library/CloudStorage/OneDrive-Raccoltecondivise-DuckyNetworkS.r.l/E-Commerce - FOTO PRODOTTO 2019_2022_2023_2024_2025/CHAIN KITS_Braking/B520XRE093G.jpg,B520XRE093G,41232010,OK,"{
    ""image_id"": ""6a633703e39ee1cc4c306514"",
    ""thumbnail"": ""https:\/\/cdn.storeden.net\/secache\/6a633703e39ee1cc4c306514"",
    ""original"": ""https:\/\/egress.storeden.net\/gallery\/6a633703e39ee1cc4c306514""
}"
/Users/anna.nardi/Library/CloudStorage/OneDrive-Raccoltecondivise-DuckyNetworkS.r.l/E-Commerce - FOTO PRODOTTO 2019_2022_2023_2024_2025/CHAIN KITS_Braking/B525XRE004G.jpg,B525XRE004G,41232011,OK,"{
    ""image_id"": ""6a633705e39ee14b4c306574"",
    ""thumbnail"": ""https:\/\/cdn.storeden.net\/secache\/6a633705e39ee14b4c306574"",
    ""original"": ""https:\/\/egress.storeden.net\/gallery\/6a633705e39ee14b4c306574""
}"
/Users/anna.nardi/Library/CloudStorage/OneDrive-Raccoltecondivise-DuckyNetworkS.r.l/E-Commerce - FOTO PRODOTTO 2019_2022_2023_2024_2025/CHAIN KITS_Braking/B525XRE006G.jpg,B525XRE006G,41232012,OK,"{
    ""image_id"": ""6a633707e39ee1a14c306526"",
    ""thumbnail"": ""https:\/\/cdn.storeden.net\/secache\/6a633707e39ee1a14c306526"",
    ""original"": ""https:\/\/egress.storeden.net\/gallery\/6a633707e39ee1a14c306526""
}"
/Users/anna.nardi/Library/CloudStorage/OneDrive-Raccoltecondivise-DuckyNetworkS.r.l/E-Commerce - FOTO PRODOTTO 2019_2022_2023_2024_2025/CHAIN KITS_Braking/B525XRE007G.jpg,B525XRE007G,41232013,OK,"{
    ""image_id"": ""6a633709e39ee1cf4b30655f"",
    ""thumbnail"": ""https:\/\/cdn.storeden.net\/secache\/6a633709e39ee1cf4b30655f"",
    ""original"": ""https:\/\/egress.storeden.net\/gallery\/6a633709e39ee1cf4b30655f""
}"
/Users/anna.nardi/Library/CloudStorage/OneDrive-Raccoltecondivise-DuckyNetworkS.r.l/E-Commerce - FOTO PRODOTTO 2019_2022_2023_2024_2025/CHAIN KITS_Braking/B525XRE008G.jpg,B525XRE008G,41232014,OK,"{
    ""image_id"": ""6a63370ce39ee1c04c30651a"",
    ""thumbnail"": ""https:\/\/cdn.storeden.net\/secache\/6a63370ce39ee1c04c30651a"",
    ""original"": ""https:\/\/egress.storeden.net\/gallery\/6a63370ce39ee1c04c30651a""
}"
/Users/anna.nardi/Library/CloudStorage/OneDrive-Raccoltecondivise-DuckyNetworkS.r.l/E-Commerce - FOTO PRODOTTO 2019_2022_2023_2024_2025/CHAIN KITS_Braking/B525XRE010G.jpg,B525XRE010G,41232015,OK,"{
    ""image_id"": ""6a63370ebe7ea0ead26461f8"",
    ""thumbnail"": ""https:\/\/cdn.storeden.net\/secache\/6a63370ebe7ea0ead26461f8"",
    ""original"": ""https:\/\/egress.storeden.net\/gallery\/6a63370ebe7ea0ead26461f8""
}"
/Users/anna.nardi/Library/CloudStorage/OneDrive-Raccoltecondivise-DuckyNetworkS.r.l/E-Commerce - FOTO PRODOTTO 2019_2022_2023_2024_2025/CHAIN KITS_Braking/B525XRE012G.jpg,B525XRE012G,41232016,OK,"{
    ""image_id"": ""6a633711e39ee1e94c306514"",
    ""thumbnail"": ""https:\/\/cdn.storeden.net\/secache\/6a633711e39ee1e94c306514"",
    ""original"": ""https:\/\/egress.storeden.net\/gallery\/6a633711e39ee1e94c306514""
}"
/Users/anna.nardi/Library/CloudStorage/OneDrive-Raccoltecondivise-DuckyNetworkS.r.l/E-Commerce - FOTO PRODOTTO 2019_2022_2023_2024_2025/CHAIN KITS_Braking/B525XRE014G.jpg,B525XRE014G,41232017,OK,"{
    ""image_id"": ""6a633713e39ee1bf4c306536"",
    ""thumbnail"": ""https:\/\/cdn.storeden.net\/secache\/6a633713e39ee1bf4c306536"",
    ""original"": ""https:\/\/egress.storeden.net\/gallery\/6a633713e39ee1bf4c306536""
}"
/Users/anna.nardi/Library/CloudStorage/OneDrive-Raccoltecondivise-DuckyNetworkS.r.l/E-Commerce - FOTO PRODOTTO 2019_2022_2023_2024_2025/CHAIN KITS_Braking/B525XRE015G.jpg,B525XRE015G,41232018,OK,"{
    ""image_id"": ""6a633715e39ee1a24c306524"",
    ""thumbnail"": ""https:\/\/cdn.storeden.net\/secache\/6a633715e39ee1a24c306524"",
    ""original"": ""https:\/\/egress.storeden.net\/gallery\/6a633715e39ee1a24c306524""
}"
/Users/anna.nardi/Library/CloudStorage/OneDrive-Raccoltecondivise-DuckyNetworkS.r.l/E-Commerce - FOTO PRODOTTO 2019_2022_2023_2024_2025/CHAIN KITS_Braking/B525XRE016G.jpg,B525XRE016G,41232019,OK,"{
    ""image_id"": ""6a633718e39ee1164b3065d7"",
    ""thumbnail"": ""https:\/\/cdn.storeden.net\/secache\/6a633718e39ee1164b3065d7"",
    ""original"": ""https:\/\/egress.storeden.net\/gallery\/6a633718e39ee1164b3065d7""
}"
/Users/anna.nardi/Library/CloudStorage/OneDrive-Raccoltecondivise-DuckyNetworkS.r.l/E-Commerce - FOTO PRODOTTO 2019_2022_2023_2024_2025/CHAIN KITS_Braking/B525XRE017G.jpg,B525XRE017G,41232020,OK,"{
    ""image_id"": ""6a63371ae39ee1a34c306528"",
    ""thumbnail"": ""https:\/\/cdn.storeden.net\/secache\/6a63371ae39ee1a34c306528"",
    ""original"": ""https:\/\/egress.storeden.net\/gallery\/6a63371ae39ee1a34c306528""
}"
/Users/anna.nardi/Library/CloudStorage/OneDrive-Raccoltecondivise-DuckyNetworkS.r.l/E-Commerce - FOTO PRODOTTO 2019_2022_2023_2024_2025/CHAIN KITS_Braking/B525XRE018G.jpg,B525XRE018G,41232021,OK,"{
    ""image_id"": ""6a63371ce39ee1e94c30651a"",
    ""thumbnail"": ""https:\/\/cdn.storeden.net\/secache\/6a63371ce39ee1e94c30651a"",
    ""original"": ""https:\/\/egress.storeden.net\/gallery\/6a63371ce39ee1e94c30651a""
}"
/Users/anna.nardi/Library/CloudStorage/OneDrive-Raccoltecondivise-DuckyNetworkS.r.l/E-Commerce - FOTO PRODOTTO 2019_2022_2023_2024_2025/CHAIN KITS_Braking/B525XRE019G.jpg,B525XRE019G,41232022,OK,"{
    ""image_id"": ""6a63371ee39ee1114c30657f"",
    ""thumbnail"": ""https:\/\/cdn.storeden.net\/secache\/6a63371ee39ee1114c30657f"",
    ""original"": ""https:\/\/egress.storeden.net\/gallery\/6a63371ee39ee1114c30657f""
}"
/Users/anna.nardi/Library/CloudStorage/OneDrive-Raccoltecondivise-DuckyNetworkS.r.l/E-Commerce - FOTO PRODOTTO 2019_2022_2023_2024_2025/CHAIN KITS_Braking/B525XRE021G.jpg,B525XRE021G,41232023,OK,"{
    ""image_id"": ""6a633720e39ee1ea4c306514"",
    ""thumbnail"": ""https:\/\/cdn.storeden.net\/secache\/6a633720e39ee1ea4c306514"",
    ""original"": ""https:\/\/egress.storeden.net\/gallery\/6a633720e39ee1ea4c306514""
}"
/Users/anna.nardi/Library/CloudStorage/OneDrive-Raccoltecondivise-DuckyNetworkS.r.l/E-Commerce - FOTO PRODOTTO 2019_2022_2023_2024_2025/CHAIN KITS_Braking/B525XRE023G.jpg,B525XRE023G,41232024,OK,"{
    ""image_id"": ""6a633724e39ee1c04c306542"",
    ""thumbnail"": ""https:\/\/cdn.storeden.net\/secache\/6a633724e39ee1c04c306542"",
    ""original"": ""https:\/\/egress.storeden.net\/gallery\/6a633724e39ee1c04c306542""
}"
/Users/anna.nardi/Library/CloudStorage/OneDrive-Raccoltecondivise-DuckyNetworkS.r.l/E-Commerce - FOTO PRODOTTO 2019_2022_2023_2024_2025/CHAIN KITS_Braking/B525XRE024G.jpg,B525XRE024G,41232025,OK,"{
    ""image_id"": ""6a633726e39ee1bf4c306542"",
    ""thumbnail"": ""https:\/\/cdn.storeden.net\/secache\/6a633726e39ee1bf4c306542"",
    ""original"": ""https:\/\/egress.storeden.net\/gallery\/6a633726e39ee1bf4c306542""
}"
/Users/anna.nardi/Library/CloudStorage/OneDrive-Raccoltecondivise-DuckyNetworkS.r.l/E-Commerce - FOTO PRODOTTO 2019_2022_2023_2024_2025/CHAIN KITS_Braking/B525XRE025G.jpg,B525XRE025G,41232029,OK,"{
    ""image_id"": ""6a633728e39ee1ea4c30651a"",
    ""thumbnail"": ""https:\/\/cdn.storeden.net\/secache\/6a633728e39ee1ea4c30651a"",
    ""original"": ""https:\/\/egress.storeden.net\/gallery\/6a633728e39ee1ea4c30651a""
}"
/Users/anna.nardi/Library/CloudStorage/OneDrive-Raccoltecondivise-DuckyNetworkS.r.l/E-Commerce - FOTO PRODOTTO 2019_2022_2023_2024_2025/CHAIN KITS_Braking/B525XRE027G.jpg,B525XRE027G,41232030,OK,"{
    ""image_id"": ""6a63372ae39ee1c04c306548"",
    ""thumbnail"": ""https:\/\/cdn.storeden.net\/secache\/6a63372ae39ee1c04c306548"",
    ""original"": ""https:\/\/egress.storeden.net\/gallery\/6a63372ae39ee1c04c306548""
}"
/Users/anna.nardi/Library/CloudStorage/OneDrive-Raccoltecondivise-DuckyNetworkS.r.l/E-Commerce - FOTO PRODOTTO 2019_2022_2023_2024_2025/CHAIN KITS_Braking/B525XRE028G.jpg,B525XRE028G,41232031,OK,"{
    ""image_id"": ""6a63372de39ee1544d306514"",
    ""thumbnail"": ""https:\/\/cdn.storeden.net\/secache\/6a63372de39ee1544d306514"",
    ""original"": ""https:\/\/egress.storeden.net\/gallery\/6a63372de39ee1544d306514""
}"
/Users/anna.nardi/Library/CloudStorage/OneDrive-Raccoltecondivise-DuckyNetworkS.r.l/E-Commerce - FOTO PRODOTTO 2019_2022_2023_2024_2025/CHAIN KITS_Braking/B525XRE029G.jpg,B525XRE029G,41232032,OK,"{
    ""image_id"": ""6a63372fe39ee1114c306585"",
    ""thumbnail"": ""https:\/\/cdn.storeden.net\/secache\/6a63372fe39ee1114c306585"",
    ""original"": ""https:\/\/egress.storeden.net\/gallery\/6a63372fe39ee1114c306585""
}"
/Users/anna.nardi/Library/CloudStorage/OneDrive-Raccoltecondivise-DuckyNetworkS.r.l/E-Commerce - FOTO PRODOTTO 2019_2022_2023_2024_2025/CHAIN KITS_Braking/B525XRE030G.jpg,B525XRE030G,41232033,OK,"{
    ""image_id"": ""6a633731e39ee1114c30658b"",
    ""thumbnail"": ""https:\/\/cdn.storeden.net\/secache\/6a633731e39ee1114c30658b"",
    ""original"": ""https:\/\/egress.storeden.net\/gallery\/6a633731e39ee1114c30658b""
}"
/Users/anna.nardi/Library/CloudStorage/OneDrive-Raccoltecondivise-DuckyNetworkS.r.l/E-Commerce - FOTO PRODOTTO 2019_2022_2023_2024_2025/CHAIN KITS_Braking/B525XRE032G.jpg,B525XRE032G,41232034,OK,"{
    ""image_id"": ""6a633733e39ee1e84c30651a"",
    ""thumbnail"": ""https:\/\/cdn.storeden.net\/secache\/6a633733e39ee1e84c30651a"",
    ""original"": ""https:\/\/egress.storeden.net\/gallery\/6a633733e39ee1e84c30651a""
}"
/Users/anna.nardi/Library/CloudStorage/OneDrive-Raccoltecondivise-DuckyNetworkS.r.l/E-Commerce - FOTO PRODOTTO 2019_2022_2023_2024_2025/CHAIN KITS_Braking/B525XRE034G.jpg,B525XRE034G,41232035,OK,"{
    ""image_id"": ""6a633735e39ee1a24c30652a"",
    ""thumbnail"": ""https:\/\/cdn.storeden.net\/secache\/6a633735e39ee1a24c30652a"",
    ""original"": ""https:\/\/egress.storeden.net\/gallery\/6a633735e39ee1a24c30652a""
}"
/Users/anna.nardi/Library/CloudStorage/OneDrive-Raccoltecondivise-DuckyNetworkS.r.l/E-Commerce - FOTO PRODOTTO 2019_2022_2023_2024_2025/CHAIN KITS_Braking/B525XRE035G.jpg,B525XRE035G,41232036,OK,"{
    ""image_id"": ""6a633737e39ee1544d306534"",
    ""thumbnail"": ""https:\/\/cdn.storeden.net\/secache\/6a633737e39ee1544d306534"",
    ""original"": ""https:\/\/egress.storeden.net\/gallery\/6a633737e39ee1544d306534""
}"
/Users/anna.nardi/Library/CloudStorage/OneDrive-Raccoltecondivise-DuckyNetworkS.r.l/E-Commerce - FOTO PRODOTTO 2019_2022_2023_2024_2025/CHAIN KITS_Braking/B525XRE036G.jpg,B525XRE036G,41232037,OK,"{
    ""image_id"": ""6a63373ae39ee1a14c306535"",
    ""thumbnail"": ""https:\/\/cdn.storeden.net\/secache\/6a63373ae39ee1a14c306535"",
    ""original"": ""https:\/\/egress.storeden.net\/gallery\/6a63373ae39ee1a14c306535""
}"
/Users/anna.nardi/Library/CloudStorage/OneDrive-Raccoltecondivise-DuckyNetworkS.r.l/E-Commerce - FOTO PRODOTTO 2019_2022_2023_2024_2025/CHAIN KITS_Braking/B525XRE037G.jpg,B525XRE037G,41232038,OK,"{
    ""image_id"": ""6a63373ce39ee1e84c306526"",
    ""thumbnail"": ""https:\/\/cdn.storeden.net\/secache\/6a63373ce39ee1e84c306526"",
    ""original"": ""https:\/\/egress.storeden.net\/gallery\/6a63373ce39ee1e84c306526""
}"
/Users/anna.nardi/Library/CloudStorage/OneDrive-Raccoltecondivise-DuckyNetworkS.r.l/E-Commerce - FOTO PRODOTTO 2019_2022_2023_2024_2025/CHAIN KITS_Braking/B525XRE038G.jpg,B525XRE038G,41232039,OK,"{
    ""image_id"": ""6a63373ebe7ea08de16461c8"",
    ""thumbnail"": ""https:\/\/cdn.storeden.net\/secache\/6a63373ebe7ea08de16461c8"",
    ""original"": ""https:\/\/egress.storeden.net\/gallery\/6a63373ebe7ea08de16461c8""
}"
/Users/anna.nardi/Library/CloudStorage/OneDrive-Raccoltecondivise-DuckyNetworkS.r.l/E-Commerce - FOTO PRODOTTO 2019_2022_2023_2024_2025/CHAIN KITS_Braking/B525XRE039G.jpg,B525XRE039G,41232040,OK,"{
    ""image_id"": ""6a633741e39ee1a34c30652f"",
    ""thumbnail"": ""https:\/\/cdn.storeden.net\/secache\/6a633741e39ee1a34c30652f"",
    ""original"": ""https:\/\/egress.storeden.net\/gallery\/6a633741e39ee1a34c30652f""
}"
/Users/anna.nardi/Library/CloudStorage/OneDrive-Raccoltecondivise-DuckyNetworkS.r.l/E-Commerce - FOTO PRODOTTO 2019_2022_2023_2024_2025/CHAIN KITS_Braking/B525XRE040G.jpg,B525XRE040G,41232041,OK,"{
    ""image_id"": ""6a633743e39ee14b4c3065ac"",
    ""thumbnail"": ""https:\/\/cdn.storeden.net\/secache\/6a633743e39ee14b4c3065ac"",
    ""original"": ""https:\/\/egress.storeden.net\/gallery\/6a633743e39ee14b4c3065ac""
}"
/Users/anna.nardi/Library/CloudStorage/OneDrive-Raccoltecondivise-DuckyNetworkS.r.l/E-Commerce - FOTO PRODOTTO 2019_2022_2023_2024_2025/CHAIN KITS_Braking/B525XRE041G.jpg,B525XRE041G,41232042,OK,"{
    ""image_id"": ""6a633745e39ee1114c306597"",
    ""thumbnail"": ""https:\/\/cdn.storeden.net\/secache\/6a633745e39ee1114c306597"",
    ""original"": ""https:\/\/egress.storeden.net\/gallery\/6a633745e39ee1114c306597""
}"
/Users/anna.nardi/Library/CloudStorage/OneDrive-Raccoltecondivise-DuckyNetworkS.r.l/E-Commerce - FOTO PRODOTTO 2019_2022_2023_2024_2025/CHAIN KITS_Braking/B525XRE043G.jpg,B525XRE043G,41232043,OK,"{
    ""image_id"": ""6a633747e39ee1cf4b30656d"",
    ""thumbnail"": ""https:\/\/cdn.storeden.net\/secache\/6a633747e39ee1cf4b30656d"",
    ""original"": ""https:\/\/egress.storeden.net\/gallery\/6a633747e39ee1cf4b30656d""
}"
/Users/anna.nardi/Library/CloudStorage/OneDrive-Raccoltecondivise-DuckyNetworkS.r.l/E-Commerce - FOTO PRODOTTO 2019_2022_2023_2024_2025/CHAIN KITS_Braking/B525XRE044G.jpg,B525XRE044G,41232044,OK,"{
    ""image_id"": ""6a633749e39ee1bf4c306550"",
    ""thumbnail"": ""https:\/\/cdn.storeden.net\/secache\/6a633749e39ee1bf4c306550"",
    ""original"": ""https:\/\/egress.storeden.net\/gallery\/6a633749e39ee1bf4c306550""
}"
/Users/anna.nardi/Library/CloudStorage/OneDrive-Raccoltecondivise-DuckyNetworkS.r.l/E-Commerce - FOTO PRODOTTO 2019_2022_2023_2024_2025/CHAIN KITS_Braking/B525XRE046G.jpg,B525XRE046G,41232045,OK,"{
    ""image_id"": ""6a63374be39ee14b4c3065b2"",
    ""thumbnail"": ""https:\/\/cdn.storeden.net\/secache\/6a63374be39ee14b4c3065b2"",
    ""original"": ""https:\/\/egress.storeden.net\/gallery\/6a63374be39ee14b4c3065b2""
}"
/Users/anna.nardi/Library/CloudStorage/OneDrive-Raccoltecondivise-DuckyNetworkS.r.l/E-Commerce - FOTO PRODOTTO 2019_2022_2023_2024_2025/CHAIN KITS_Braking/B525XRE047G.jpg,B525XRE047G,41232046,OK,"{
    ""image_id"": ""6a63374ee39ee14b4c3065b8"",
    ""thumbnail"": ""https:\/\/cdn.storeden.net\/secache\/6a63374ee39ee14b4c3065b8"",
    ""original"": ""https:\/\/egress.storeden.net\/gallery\/6a63374ee39ee14b4c3065b8""
}"
/Users/anna.nardi/Library/CloudStorage/OneDrive-Raccoltecondivise-DuckyNetworkS.r.l/E-Commerce - FOTO PRODOTTO 2019_2022_2023_2024_2025/CHAIN KITS_Braking/B525XRE051G.jpg,B525XRE051G,41232047,OK,"{
    ""image_id"": ""6a633750e39ee1c04c306556"",
    ""thumbnail"": ""https:\/\/cdn.storeden.net\/secache\/6a633750e39ee1c04c306556"",
    ""original"": ""https:\/\/egress.storeden.net\/gallery\/6a633750e39ee1c04c306556""
}"
/Users/anna.nardi/Library/CloudStorage/OneDrive-Raccoltecondivise-DuckyNetworkS.r.l/E-Commerce - FOTO PRODOTTO 2019_2022_2023_2024_2025/CHAIN KITS_Braking/B525XRE053G.jpg,B525XRE053G,41232048,OK,"{
    ""image_id"": ""6a633753e39ee1674d306562"",
    ""thumbnail"": ""https:\/\/cdn.storeden.net\/secache\/6a633753e39ee1674d306562"",
    ""original"": ""https:\/\/egress.storeden.net\/gallery\/6a633753e39ee1674d306562""
}"
/Users/anna.nardi/Library/CloudStorage/OneDrive-Raccoltecondivise-DuckyNetworkS.r.l/E-Commerce - FOTO PRODOTTO 2019_2022_2023_2024_2025/CHAIN KITS_Braking/B525XRE057G.jpg,B525XRE057G,41232049,OK,"{
    ""image_id"": ""6a633755e39ee1544d306555"",
    ""thumbnail"": ""https:\/\/cdn.storeden.net\/secache\/6a633755e39ee1544d306555"",
    ""original"": ""https:\/\/egress.storeden.net\/gallery\/6a633755e39ee1544d306555""
}"
/Users/anna.nardi/Library/CloudStorage/OneDrive-Raccoltecondivise-DuckyNetworkS.r.l/E-Commerce - FOTO PRODOTTO 2019_2022_2023_2024_2025/CHAIN KITS_Braking/B525XRE061G.jpg,B525XRE061G,41232050,OK,"{
    ""image_id"": ""6a633757be7ea0e9db646207"",
    ""thumbnail"": ""https:\/\/cdn.storeden.net\/secache\/6a633757be7ea0e9db646207"",
    ""original"": ""https:\/\/egress.storeden.net\/gallery\/6a633757be7ea0e9db646207""
}"
/Users/anna.nardi/Library/CloudStorage/OneDrive-Raccoltecondivise-DuckyNetworkS.r.l/E-Commerce - FOTO PRODOTTO 2019_2022_2023_2024_2025/CHAIN KITS_Braking/B525XRE062G.jpg,B525XRE062G,41232051,OK,"{
    ""image_id"": ""6a633759e39ee1a34c306535"",
    ""thumbnail"": ""https:\/\/cdn.storeden.net\/secache\/6a633759e39ee1a34c306535"",
    ""original"": ""https:\/\/egress.storeden.net\/gallery\/6a633759e39ee1a34c306535""
}"
/Users/anna.nardi/Library/CloudStorage/OneDrive-Raccoltecondivise-DuckyNetworkS.r.l/E-Commerce - FOTO PRODOTTO 2019_2022_2023_2024_2025/CHAIN KITS_Braking/B525XRE065G.jpg,B525XRE065G,41232052,OK,"{
    ""image_id"": ""6a63375be39ee1bf4c306556"",
    ""thumbnail"": ""https:\/\/cdn.storeden.net\/secache\/6a63375be39ee1bf4c306556"",
    ""original"": ""https:\/\/egress.storeden.net\/gallery\/6a63375be39ee1bf4c306556""
}"
/Users/anna.nardi/Library/CloudStorage/OneDrive-Raccoltecondivise-DuckyNetworkS.r.l/E-Commerce - FOTO PRODOTTO 2019_2022_2023_2024_2025/CHAIN KITS_Braking/B525XRE066G.jpg,B525XRE066G,41232053,OK,"{
    ""image_id"": ""6a63375de39ee1e94c306520"",
    ""thumbnail"": ""https:\/\/cdn.storeden.net\/secache\/6a63375de39ee1e94c306520"",
    ""original"": ""https:\/\/egress.storeden.net\/gallery\/6a63375de39ee1e94c306520""
}"
/Users/anna.nardi/Library/CloudStorage/OneDrive-Raccoltecondivise-DuckyNetworkS.r.l/E-Commerce - FOTO PRODOTTO 2019_2022_2023_2024_2025/CHAIN KITS_Braking/B525XRE069G.jpg,B525XRE069G,41232054,OK,"{
    ""image_id"": ""6a63375fe39ee1544d30655b"",
    ""thumbnail"": ""https:\/\/cdn.storeden.net\/secache\/6a63375fe39ee1544d30655b"",
    ""original"": ""https:\/\/egress.storeden.net\/gallery\/6a63375fe39ee1544d30655b""
}"
/Users/anna.nardi/Library/CloudStorage/OneDrive-Raccoltecondivise-DuckyNetworkS.r.l/E-Commerce - FOTO PRODOTTO 2019_2022_2023_2024_2025/CHAIN KITS_Braking/B525XRE071G.jpg,B525XRE071G,41232055,OK,"{
    ""image_id"": ""6a633761e39ee1674d306568"",
    ""thumbnail"": ""https:\/\/cdn.storeden.net\/secache\/6a633761e39ee1674d306568"",
    ""original"": ""https:\/\/egress.storeden.net\/gallery\/6a633761e39ee1674d306568""
}"
/Users/anna.nardi/Library/CloudStorage/OneDrive-Raccoltecondivise-DuckyNetworkS.r.l/E-Commerce - FOTO PRODOTTO 2019_2022_2023_2024_2025/CHAIN KITS_Braking/B525XRE073G.jpg,B525XRE073G,41232056,OK,"{
    ""image_id"": ""6a633763e39ee14b4c3065be"",
    ""thumbnail"": ""https:\/\/cdn.storeden.net\/secache\/6a633763e39ee14b4c3065be"",
    ""original"": ""https:\/\/egress.storeden.net\/gallery\/6a633763e39ee14b4c3065be""
}"
/Users/anna.nardi/Library/CloudStorage/OneDrive-Raccoltecondivise-DuckyNetworkS.r.l/E-Commerce - FOTO PRODOTTO 2019_2022_2023_2024_2025/CHAIN KITS_Braking/B525XRE074G.jpg,B525XRE074G,41232057,OK,"{
    ""image_id"": ""6a633765e39ee1e94c306526"",
    ""thumbnail"": ""https:\/\/cdn.storeden.net\/secache\/6a633765e39ee1e94c306526"",
    ""original"": ""https:\/\/egress.storeden.net\/gallery\/6a633765e39ee1e94c306526""
}"
/Users/anna.nardi/Library/CloudStorage/OneDrive-Raccoltecondivise-DuckyNetworkS.r.l/E-Commerce - FOTO PRODOTTO 2019_2022_2023_2024_2025/CHAIN KITS_Braking/B525XRE075G.jpg,B525XRE075G,41232058,OK,"{
    ""image_id"": ""6a633767e39ee19f4d306514"",
    ""thumbnail"": ""https:\/\/cdn.storeden.net\/secache\/6a633767e39ee19f4d306514"",
    ""original"": ""https:\/\/egress.storeden.net\/gallery\/6a633767e39ee19f4d306514""
}"
/Users/anna.nardi/Library/CloudStorage/OneDrive-Raccoltecondivise-DuckyNetworkS.r.l/E-Commerce - FOTO PRODOTTO 2019_2022_2023_2024_2025/CHAIN KITS_Braking/B525XRE080G.jpg,B525XRE080G,41232059,OK,"{
    ""image_id"": ""6a63376ae39ee1cf4b306577"",
    ""thumbnail"": ""https:\/\/cdn.storeden.net\/secache\/6a63376ae39ee1cf4b306577"",
    ""original"": ""https:\/\/egress.storeden.net\/gallery\/6a63376ae39ee1cf4b306577""
}"
/Users/anna.nardi/Library/CloudStorage/OneDrive-Raccoltecondivise-DuckyNetworkS.r.l/E-Commerce - FOTO PRODOTTO 2019_2022_2023_2024_2025/CHAIN KITS_Braking/B525XRE081G.jpg,B525XRE081G,41159353,OK,"{
    ""image_id"": ""6a63376ce39ee1cf4b30657d"",
    ""thumbnail"": ""https:\/\/cdn.storeden.net\/secache\/6a63376ce39ee1cf4b30657d"",
    ""original"": ""https:\/\/egress.storeden.net\/gallery\/6a63376ce39ee1cf4b30657d""
}"
/Users/anna.nardi/Library/CloudStorage/OneDrive-Raccoltecondivise-DuckyNetworkS.r.l/E-Commerce - FOTO PRODOTTO 2019_2022_2023_2024_2025/CHAIN KITS_Braking/B525XRE082G.jpg,B525XRE082G,41232060,OK,"{
    ""image_id"": ""6a63376ee39ee1cf4b306583"",
    ""thumbnail"": ""https:\/\/cdn.storeden.net\/secache\/6a63376ee39ee1cf4b306583"",
    ""original"": ""https:\/\/egress.storeden.net\/gallery\/6a63376ee39ee1cf4b306583""
}"
/Users/anna.nardi/Library/CloudStorage/OneDrive-Raccoltecondivise-DuckyNetworkS.r.l/E-Commerce - FOTO PRODOTTO 2019_2022_2023_2024_2025/CHAIN KITS_Braking/B530XRE017G.jpg,B530XRE017G,41232061,OK,"{
    ""image_id"": ""6a633770e39ee1ea4c306529"",
    ""thumbnail"": ""https:\/\/cdn.storeden.net\/secache\/6a633770e39ee1ea4c306529"",
    ""original"": ""https:\/\/egress.storeden.net\/gallery\/6a633770e39ee1ea4c306529""
}"
/Users/anna.nardi/Library/CloudStorage/OneDrive-Raccoltecondivise-DuckyNetworkS.r.l/E-Commerce - FOTO PRODOTTO 2019_2022_2023_2024_2025/CHAIN KITS_Braking/B530XRE020G.jpg,B530XRE020G,41232062,OK,"{
    ""image_id"": ""6a633772e39ee1674d30656e"",
    ""thumbnail"": ""https:\/\/cdn.storeden.net\/secache\/6a633772e39ee1674d30656e"",
    ""original"": ""https:\/\/egress.storeden.net\/gallery\/6a633772e39ee1674d30656e""
}"
/Users/anna.nardi/Library/CloudStorage/OneDrive-Raccoltecondivise-DuckyNetworkS.r.l/E-Commerce - FOTO PRODOTTO 2019_2022_2023_2024_2025/CHAIN KITS_Braking/B530XRE021G.jpg,B530XRE021G,41232063,OK,"{
    ""image_id"": ""6a633774e39ee19f4d30651a"",
    ""thumbnail"": ""https:\/\/cdn.storeden.net\/secache\/6a633774e39ee19f4d30651a"",
    ""original"": ""https:\/\/egress.storeden.net\/gallery\/6a633774e39ee19f4d30651a""
}"
/Users/anna.nardi/Library/CloudStorage/OneDrive-Raccoltecondivise-DuckyNetworkS.r.l/E-Commerce - FOTO PRODOTTO 2019_2022_2023_2024_2025/CHAIN KITS_Braking/B530XRE022G.jpg,B530XRE022G,41232064,OK,"{
    ""image_id"": ""6a633776be7ea00ed7646239"",
    ""thumbnail"": ""https:\/\/cdn.storeden.net\/secache\/6a633776be7ea00ed7646239"",
    ""original"": ""https:\/\/egress.storeden.net\/gallery\/6a633776be7ea00ed7646239""
}"
/Users/anna.nardi/Library/CloudStorage/OneDrive-Raccoltecondivise-DuckyNetworkS.r.l/E-Commerce - FOTO PRODOTTO 2019_2022_2023_2024_2025/CHAIN KITS_Braking/B530XRE023G.jpg,B530XRE023G,41232065,OK,"{
    ""image_id"": ""6a633779e39ee14b4c3065e6"",
    ""thumbnail"": ""https:\/\/cdn.storeden.net\/secache\/6a633779e39ee14b4c3065e6"",
    ""original"": ""https:\/\/egress.storeden.net\/gallery\/6a633779e39ee14b4c3065e6""
}"
/Users/anna.nardi/Library/CloudStorage/OneDrive-Raccoltecondivise-DuckyNetworkS.r.l/E-Commerce - FOTO PRODOTTO 2019_2022_2023_2024_2025/CHAIN KITS_Braking/B530XRE024G.jpg,B530XRE024G,41232066,OK,"{
    ""image_id"": ""6a63377be39ee19f4d306520"",
    ""thumbnail"": ""https:\/\/cdn.storeden.net\/secache\/6a63377be39ee19f4d306520"",
    ""original"": ""https:\/\/egress.storeden.net\/gallery\/6a63377be39ee19f4d306520""
}"
/Users/anna.nardi/Library/CloudStorage/OneDrive-Raccoltecondivise-DuckyNetworkS.r.l/E-Commerce - FOTO PRODOTTO 2019_2022_2023_2024_2025/CHAIN KITS_Braking/B530XRE036G.jpg,B530XRE036G,41232067,OK,"{
    ""image_id"": ""6a63377dbe7ea074d6646242"",
    ""thumbnail"": ""https:\/\/cdn.storeden.net\/secache\/6a63377dbe7ea074d6646242"",
    ""original"": ""https:\/\/egress.storeden.net\/gallery\/6a63377dbe7ea074d6646242""
}"
/Users/anna.nardi/Library/CloudStorage/OneDrive-Raccoltecondivise-DuckyNetworkS.r.l/E-Commerce - FOTO PRODOTTO 2019_2022_2023_2024_2025/CHAIN KITS_Braking/B530XRE037G.jpg,B530XRE037G,41232068,OK,"{
    ""image_id"": ""6a63377fe39ee1a34c30653b"",
    ""thumbnail"": ""https:\/\/cdn.storeden.net\/secache\/6a63377fe39ee1a34c30653b"",
    ""original"": ""https:\/\/egress.storeden.net\/gallery\/6a63377fe39ee1a34c30653b""
}"
/Users/anna.nardi/Library/CloudStorage/OneDrive-Raccoltecondivise-DuckyNetworkS.r.l/E-Commerce - FOTO PRODOTTO 2019_2022_2023_2024_2025/CHAIN KITS_Braking/B530XRE038G.jpg,B530XRE038G,41232069,OK,"{
    ""image_id"": ""6a633781e39ee14b4c3065ec"",
    ""thumbnail"": ""https:\/\/cdn.storeden.net\/secache\/6a633781e39ee14b4c3065ec"",
    ""original"": ""https:\/\/egress.storeden.net\/gallery\/6a633781e39ee14b4c3065ec""
}"
/Users/anna.nardi/Library/CloudStorage/OneDrive-Raccoltecondivise-DuckyNetworkS.r.l/E-Commerce - FOTO PRODOTTO 2019_2022_2023_2024_2025/CHAIN KITS_Braking/B530XRE039G.jpg,B530XRE039G,41232070,OK,"{
    ""image_id"": ""6a633784e39ee14b4c3065f2"",
    ""thumbnail"": ""https:\/\/cdn.storeden.net\/secache\/6a633784e39ee14b4c3065f2"",
    ""original"": ""https:\/\/egress.storeden.net\/gallery\/6a633784e39ee14b4c3065f2""
}"
/Users/anna.nardi/Library/CloudStorage/OneDrive-Raccoltecondivise-DuckyNetworkS.r.l/E-Commerce - FOTO PRODOTTO 2019_2022_2023_2024_2025/CHAIN KITS_Braking/B530XRE041G.jpg,B530XRE041G,41232071,OK,"{
    ""image_id"": ""6a633787e39ee1cf4b306589"",
    ""thumbnail"": ""https:\/\/cdn.storeden.net\/secache\/6a633787e39ee1cf4b306589"",
    ""original"": ""https:\/\/egress.storeden.net\/gallery\/6a633787e39ee1cf4b306589""
}"
/Users/anna.nardi/Library/CloudStorage/OneDrive-Raccoltecondivise-DuckyNetworkS.r.l/E-Commerce - FOTO PRODOTTO 2019_2022_2023_2024_2025/CHAIN KITS_Braking/B530XRE042G.jpg,B530XRE042G,41232072,OK,"{
    ""image_id"": ""6a633789be7ea01dd764620b"",
    ""thumbnail"": ""https:\/\/cdn.storeden.net\/secache\/6a633789be7ea01dd764620b"",
    ""original"": ""https:\/\/egress.storeden.net\/gallery\/6a633789be7ea01dd764620b""
}"
/Users/anna.nardi/Library/CloudStorage/OneDrive-Raccoltecondivise-DuckyNetworkS.r.l/E-Commerce - FOTO PRODOTTO 2019_2022_2023_2024_2025/CHAIN KITS_Braking/B530XRE060G.jpg,B530XRE060G,41232073,OK,"{
    ""image_id"": ""6a63378ce39ee1bf4c306578"",
    ""thumbnail"": ""https:\/\/cdn.storeden.net\/secache\/6a63378ce39ee1bf4c306578"",
    ""original"": ""https:\/\/egress.storeden.net\/gallery\/6a63378ce39ee1bf4c306578""
}"
/Users/anna.nardi/Library/CloudStorage/OneDrive-Raccoltecondivise-DuckyNetworkS.r.l/E-Commerce - FOTO PRODOTTO 2019_2022_2023_2024_2025/CHAIN KITS_Braking/B530XRE061G.jpg,B530XRE061G,41232074,OK,"{
    ""image_id"": ""6a63378fe39ee1674d306579"",
    ""thumbnail"": ""https:\/\/cdn.storeden.net\/secache\/6a63378fe39ee1674d306579"",
    ""original"": ""https:\/\/egress.storeden.net\/gallery\/6a63378fe39ee1674d306579""
}"
/Users/anna.nardi/Library/CloudStorage/OneDrive-Raccoltecondivise-DuckyNetworkS.r.l/E-Commerce - FOTO PRODOTTO 2019_2022_2023_2024_2025/CHAIN KITS_Braking/B530XRE062G.jpg,B530XRE062G,41232075,OK,"{
    ""image_id"": ""6a633792e39ee1a14d30651a"",
    ""thumbnail"": ""https:\/\/cdn.storeden.net\/secache\/6a633792e39ee1a14d30651a"",
    ""original"": ""https:\/\/egress.storeden.net\/gallery\/6a633792e39ee1a14d30651a""
}"
/Users/anna.nardi/Library/CloudStorage/OneDrive-Raccoltecondivise-DuckyNetworkS.r.l/E-Commerce - FOTO PRODOTTO 2019_2022_2023_2024_2025/CHAIN KITS_Braking/B530XRE063G.jpg,B530XRE063G,41232076,OK,"{
    ""image_id"": ""6a633794e39ee1bf4c306581"",
    ""thumbnail"": ""https:\/\/cdn.storeden.net\/secache\/6a633794e39ee1bf4c306581"",
    ""original"": ""https:\/\/egress.storeden.net\/gallery\/6a633794e39ee1bf4c306581""
}"
/Users/anna.nardi/Library/CloudStorage/OneDrive-Raccoltecondivise-DuckyNetworkS.r.l/E-Commerce - FOTO PRODOTTO 2019_2022_2023_2024_2025/CHAIN KITS_Braking/B530XRE065G.jpg,B530XRE065G,41232077,OK,"{
    ""image_id"": ""6a633796e39ee1a14c30653b"",
    ""thumbnail"": ""https:\/\/cdn.storeden.net\/secache\/6a633796e39ee1a14c30653b"",
    ""original"": ""https:\/\/egress.storeden.net\/gallery\/6a633796e39ee1a14c30653b""
}"
/Users/anna.nardi/Library/CloudStorage/OneDrive-Raccoltecondivise-DuckyNetworkS.r.l/E-Commerce - FOTO PRODOTTO 2019_2022_2023_2024_2025/CHAIN KITS_Braking/B530XRE067G.jpg,B530XRE067G,41232078,OK,"{
    ""image_id"": ""6a633798e39ee1a14d306520"",
    ""thumbnail"": ""https:\/\/cdn.storeden.net\/secache\/6a633798e39ee1a14d306520"",
    ""original"": ""https:\/\/egress.storeden.net\/gallery\/6a633798e39ee1a14d306520""
}"
/Users/anna.nardi/Library/CloudStorage/OneDrive-Raccoltecondivise-DuckyNetworkS.r.l/E-Commerce - FOTO PRODOTTO 2019_2022_2023_2024_2025/CHAIN KITS_Braking/B530XRE069G.jpg,B530XRE069G,41232079,OK,"{
    ""image_id"": ""6a63379be39ee1544d306568"",
    ""thumbnail"": ""https:\/\/cdn.storeden.net\/secache\/6a63379be39ee1544d306568"",
    ""original"": ""https:\/\/egress.storeden.net\/gallery\/6a63379be39ee1544d306568""
}"
/Users/anna.nardi/Library/CloudStorage/OneDrive-Raccoltecondivise-DuckyNetworkS.r.l/E-Commerce - FOTO PRODOTTO 2019_2022_2023_2024_2025/CHAIN KITS_Braking/B530XRE072G.jpg,B530XRE072G,41232080,OK,"{
    ""image_id"": ""6a63379de39ee1544d30656e"",
    ""thumbnail"": ""https:\/\/cdn.storeden.net\/secache\/6a63379de39ee1544d30656e"",
    ""original"": ""https:\/\/egress.storeden.net\/gallery\/6a63379de39ee1544d30656e""
}"
/Users/anna.nardi/Library/CloudStorage/OneDrive-Raccoltecondivise-DuckyNetworkS.r.l/E-Commerce - FOTO PRODOTTO 2019_2022_2023_2024_2025/CHAIN KITS_Braking/B530XRE073G.jpg,B530XRE073G,41232081,OK,"{
    ""image_id"": ""6a63379fe39ee1bf4c306587"",
    ""thumbnail"": ""https:\/\/cdn.storeden.net\/secache\/6a63379fe39ee1bf4c306587"",
    ""original"": ""https:\/\/egress.storeden.net\/gallery\/6a63379fe39ee1bf4c306587""
}"
/Users/anna.nardi/Library/CloudStorage/OneDrive-Raccoltecondivise-DuckyNetworkS.r.l/E-Commerce - FOTO PRODOTTO 2019_2022_2023_2024_2025/CHAIN KITS_Braking/B530XRE074G.jpg,B530XRE074G,41232082,OK,"{
    ""image_id"": ""6a6337a1e39ee1cf4b306593"",
    ""thumbnail"": ""https:\/\/cdn.storeden.net\/secache\/6a6337a1e39ee1cf4b306593"",
    ""original"": ""https:\/\/egress.storeden.net\/gallery\/6a6337a1e39ee1cf4b306593""
}"
/Users/anna.nardi/Library/CloudStorage/OneDrive-Raccoltecondivise-DuckyNetworkS.r.l/E-Commerce - FOTO PRODOTTO 2019_2022_2023_2024_2025/CHAIN KITS_Braking/B530XRE083G.jpg,B530XRE083G,41232083,OK,"{
    ""image_id"": ""6a6337a3be7ea008df6461d2"",
    ""thumbnail"": ""https:\/\/cdn.storeden.net\/secache\/6a6337a3be7ea008df6461d2"",
    ""original"": ""https:\/\/egress.storeden.net\/gallery\/6a6337a3be7ea008df6461d2""
}"
/Users/anna.nardi/Library/CloudStorage/OneDrive-Raccoltecondivise-DuckyNetworkS.r.l/E-Commerce - FOTO PRODOTTO 2019_2022_2023_2024_2025/CHAIN KITS_Braking/B530XRE084G.jpg,B530XRE084G,41232084,OK,"{
    ""image_id"": ""6a6337a6be7ea089e66461b9"",
    ""thumbnail"": ""https:\/\/cdn.storeden.net\/secache\/6a6337a6be7ea089e66461b9"",
    ""original"": ""https:\/\/egress.storeden.net\/gallery\/6a6337a6be7ea089e66461b9""
}"
/Users/anna.nardi/Library/CloudStorage/OneDrive-Raccoltecondivise-DuckyNetworkS.r.l/E-Commerce - FOTO PRODOTTO 2019_2022_2023_2024_2025/CHAIN KITS_Braking/B530XRE093G.jpg,B530XRE093G,41232085,OK,"{
    ""image_id"": ""6a6337a8be7ea065c7646248"",
    ""thumbnail"": ""https:\/\/cdn.storeden.net\/secache\/6a6337a8be7ea065c7646248"",
    ""original"": ""https:\/\/egress.storeden.net\/gallery\/6a6337a8be7ea065c7646248""
}"
/Users/anna.nardi/Library/CloudStorage/OneDrive-Raccoltecondivise-DuckyNetworkS.r.l/E-Commerce - FOTO PRODOTTO 2019_2022_2023_2024_2025/CHAIN KITS_Braking/B530XRE100G.jpg,B530XRE100G,41232086,OK,"{
    ""image_id"": ""6a6337aabe7ea002b164626e"",
    ""thumbnail"": ""https:\/\/cdn.storeden.net\/secache\/6a6337aabe7ea002b164626e"",
    ""original"": ""https:\/\/egress.storeden.net\/gallery\/6a6337aabe7ea002b164626e""
}"
/Users/anna.nardi/Library/CloudStorage/OneDrive-Raccoltecondivise-DuckyNetworkS.r.l/E-Commerce - FOTO PRODOTTO 2019_2022_2023_2024_2025/CHAIN KITS_Braking/B530XRE101G.jpg,B530XRE101G,41232087,OK,"{
    ""image_id"": ""6a6337ace39ee1e74d306514"",
    ""thumbnail"": ""https:\/\/cdn.storeden.net\/secache\/6a6337ace39ee1e74d306514"",
    ""original"": ""https:\/\/egress.storeden.net\/gallery\/6a6337ace39ee1e74d306514""
}"
/Users/anna.nardi/Library/CloudStorage/OneDrive-Raccoltecondivise-DuckyNetworkS.r.l/E-Commerce - FOTO PRODOTTO 2019_2022_2023_2024_2025/INGRANAGGI_Braking/B56017R.jpg,B56017R,41159355,OK,"{
    ""image_id"": ""6a6337aebe7ea033e66461be"",
    ""thumbnail"": ""https:\/\/cdn.storeden.net\/secache\/6a6337aebe7ea033e66461be"",
    ""original"": ""https:\/\/egress.storeden.net\/gallery\/6a6337aebe7ea033e66461be""
}"
/Users/anna.nardi/Library/CloudStorage/OneDrive-Raccoltecondivise-DuckyNetworkS.r.l/E-Commerce - FOTO PRODOTTO 2019_2022_2023_2024_2025/INGRANAGGI_Braking/B56018.jpg,B56018,41159356,OK,"{
    ""image_id"": ""6a6337b0e39ee1e44d30651e"",
    ""thumbnail"": ""https:\/\/cdn.storeden.net\/secache\/6a6337b0e39ee1e44d30651e"",
    ""original"": ""https:\/\/egress.storeden.net\/gallery\/6a6337b0e39ee1e44d30651e""
}"
/Users/anna.nardi/Library/CloudStorage/OneDrive-Raccoltecondivise-DuckyNetworkS.r.l/E-Commerce - FOTO PRODOTTO 2019_2022_2023_2024_2025/DISCHI/W-FIX/BL01RID.jpg,BL01RID,41159358,OK,"{
    ""image_id"": ""6a6337b8be7ea046e66461ba"",
    ""thumbnail"": ""https:\/\/cdn.storeden.net\/secache\/6a6337b8be7ea046e66461ba"",
    ""original"": ""https:\/\/egress.storeden.net\/gallery\/6a6337b8be7ea046e66461ba""
}"
/Users/anna.nardi/Library/CloudStorage/OneDrive-Raccoltecondivise-DuckyNetworkS.r.l/E-Commerce - FOTO PRODOTTO 2019_2022_2023_2024_2025/DISCHI/SK2/BL02FID.jpg,BL02FID,41159359,OK,"{
    ""image_id"": ""6a6337bfe39ee1f44d306514"",
    ""thumbnail"": ""https:\/\/cdn.storeden.net\/secache\/6a6337bfe39ee1f44d306514"",
    ""original"": ""https:\/\/egress.storeden.net\/gallery\/6a6337bfe39ee1f44d306514""
}"
/Users/anna.nardi/Library/CloudStorage/OneDrive-Raccoltecondivise-DuckyNetworkS.r.l/E-Commerce - FOTO PRODOTTO 2019_2022_2023_2024_2025/DISCHI/W-FIX/BL02RID.jpg,BL02RID,41159360,OK,"{
    ""image_id"": ""6a6337c6e39ee14b4c3065fb"",
    ""thumbnail"": ""https:\/\/cdn.storeden.net\/secache\/6a6337c6e39ee14b4c3065fb"",
    ""original"": ""https:\/\/egress.storeden.net\/gallery\/6a6337c6e39ee14b4c3065fb""
}"
/Users/anna.nardi/Library/CloudStorage/OneDrive-Raccoltecondivise-DuckyNetworkS.r.l/E-Commerce - FOTO PRODOTTO 2019_2022_2023_2024_2025/DISCHI/R-FIX/BW01FI.jpg,BW01FI,41159361,OK,"{
    ""image_id"": ""6a6337cfbe7ea002b1646275"",
    ""thumbnail"": ""https:\/\/cdn.storeden.net\/secache\/6a6337cfbe7ea002b1646275"",
    ""original"": ""https:\/\/egress.storeden.net\/gallery\/6a6337cfbe7ea002b1646275""
}"
/Users/anna.nardi/Library/CloudStorage/OneDrive-Raccoltecondivise-DuckyNetworkS.r.l/E-Commerce - FOTO PRODOTTO 2019_2022_2023_2024_2025/DISCHI/R-FIX/BW02FI.jpg,BW02FI,41159362,OK,"{
    ""image_id"": ""6a6337d9e39ee1de4d306543"",
    ""thumbnail"": ""https:\/\/cdn.storeden.net\/secache\/6a6337d9e39ee1de4d306543"",
    ""original"": ""https:\/\/egress.storeden.net\/gallery\/6a6337d9e39ee1de4d306543""
}"
/Users/anna.nardi/Library/CloudStorage/OneDrive-Raccoltecondivise-DuckyNetworkS.r.l/E-Commerce - FOTO PRODOTTO 2019_2022_2023_2024_2025/DISCHI/R-FIX/BW03RI.jpg,BW03RI,41159363,OK,"{
    ""image_id"": ""6a6337e0e39ee10a4e306514"",
    ""thumbnail"": ""https:\/\/cdn.storeden.net\/secache\/6a6337e0e39ee10a4e306514"",
    ""original"": ""https:\/\/egress.storeden.net\/gallery\/6a6337e0e39ee10a4e306514""
}"
/Users/anna.nardi/Library/CloudStorage/OneDrive-Raccoltecondivise-DuckyNetworkS.r.l/E-Commerce - FOTO PRODOTTO 2019_2022_2023_2024_2025/DISCHI/W-FIX/BW03RID.jpg,BW03RID,41159364,OK,"{
    ""image_id"": ""6a6337eae39ee1e24d306516"",
    ""thumbnail"": ""https:\/\/cdn.storeden.net\/secache\/6a6337eae39ee1e24d306516"",
    ""original"": ""https:\/\/egress.storeden.net\/gallery\/6a6337eae39ee1e24d306516""
}"
/Users/anna.nardi/Library/CloudStorage/OneDrive-Raccoltecondivise-DuckyNetworkS.r.l/E-Commerce - FOTO PRODOTTO 2019_2022_2023_2024_2025/DISCHI/R-FIX/BW05RI.jpg,BW05RI,41159365,OK,"{
    ""image_id"": ""6a6337f7be7ea045e76461bb"",
    ""thumbnail"": ""https:\/\/cdn.storeden.net\/secache\/6a6337f7be7ea045e76461bb"",
    ""original"": ""https:\/\/egress.storeden.net\/gallery\/6a6337f7be7ea045e76461bb""
}"
/Users/anna.nardi/Library/CloudStorage/OneDrive-Raccoltecondivise-DuckyNetworkS.r.l/E-Commerce - FOTO PRODOTTO 2019_2022_2023_2024_2025/DISCHI/W-FIX/BW05RID.jpg,BW05RID,41159366,OK,"{
    ""image_id"": ""6a633801e39ee1e94c306567"",
    ""thumbnail"": ""https:\/\/cdn.storeden.net\/secache\/6a633801e39ee1e94c306567"",
    ""original"": ""https:\/\/egress.storeden.net\/gallery\/6a633801e39ee1e94c306567""
}"
/Users/anna.nardi/Library/CloudStorage/OneDrive-Raccoltecondivise-DuckyNetworkS.r.l/E-Commerce - FOTO PRODOTTO 2019_2022_2023_2024_2025/DISCHI/R-FIX/BW06RI.jpg,BW06RI,41159367,OK,"{
    ""image_id"": ""6a633806e39ee1544d3065b2"",
    ""thumbnail"": ""https:\/\/cdn.storeden.net\/secache\/6a633806e39ee1544d3065b2"",
    ""original"": ""https:\/\/egress.storeden.net\/gallery\/6a633806e39ee1544d3065b2""
}"
/Users/anna.nardi/Library/CloudStorage/OneDrive-Raccoltecondivise-DuckyNetworkS.r.l/E-Commerce - FOTO PRODOTTO 2019_2022_2023_2024_2025/DISCHI/W-FIX/BW06RID.jpg,BW06RID,41159368,OK,"{
    ""image_id"": ""6a63380ce39ee1144e306515"",
    ""thumbnail"": ""https:\/\/cdn.storeden.net\/secache\/6a63380ce39ee1144e306515"",
    ""original"": ""https:\/\/egress.storeden.net\/gallery\/6a63380ce39ee1144e306515""
}"
/Users/anna.nardi/Library/CloudStorage/OneDrive-Raccoltecondivise-DuckyNetworkS.r.l/E-Commerce - FOTO PRODOTTO 2019_2022_2023_2024_2025/DISCHI/BATFLY/BY102L.jpg,BY102L,41159369,OK,"{
    ""image_id"": ""6a633813e39ee1194e306514"",
    ""thumbnail"": ""https:\/\/cdn.storeden.net\/secache\/6a633813e39ee1194e306514"",
    ""original"": ""https:\/\/egress.storeden.net\/gallery\/6a633813e39ee1194e306514""
}"
/Users/anna.nardi/Library/CloudStorage/OneDrive-Raccoltecondivise-DuckyNetworkS.r.l/E-Commerce - FOTO PRODOTTO 2019_2022_2023_2024_2025/DISCHI/BATFLY/BY102R.jpg,BY102R,41159370,OK,"{
    ""image_id"": ""6a633816e39ee1194e306527"",
    ""thumbnail"": ""https:\/\/cdn.storeden.net\/secache\/6a633816e39ee1194e306527"",
    ""original"": ""https:\/\/egress.storeden.net\/gallery\/6a633816e39ee1194e306527""
}"
/Users/anna.nardi/Library/CloudStorage/OneDrive-Raccoltecondivise-DuckyNetworkS.r.l/E-Commerce - FOTO PRODOTTO 2019_2022_2023_2024_2025/BICI/Dischi bici/BY2001.jpg,BY2001,41159374,OK,"{
    ""image_id"": ""6a63381be39ee1e24d306639"",
    ""thumbnail"": ""https:\/\/cdn.storeden.net\/secache\/6a63381be39ee1e24d306639"",
    ""original"": ""https:\/\/egress.storeden.net\/gallery\/6a63381be39ee1e24d306639""
}"
/Users/anna.nardi/Library/CloudStorage/OneDrive-Raccoltecondivise-DuckyNetworkS.r.l/E-Commerce - FOTO PRODOTTO 2019_2022_2023_2024_2025/BICI/Dischi bici/BY2002.jpg,BY2002,41159375,OK,"{
    ""image_id"": ""6a633821be7ea049cd646489"",
    ""thumbnail"": ""https:\/\/cdn.storeden.net\/secache\/6a633821be7ea049cd646489"",
    ""original"": ""https:\/\/egress.storeden.net\/gallery\/6a633821be7ea049cd646489""
}"
/Users/anna.nardi/Library/CloudStorage/OneDrive-Raccoltecondivise-DuckyNetworkS.r.l/E-Commerce - FOTO PRODOTTO 2019_2022_2023_2024_2025/BICI/Dischi bici/BY2003.jpg,BY2003,41159376,OK,"{
    ""image_id"": ""6a633829e39ee10d4e30651c"",
    ""thumbnail"": ""https:\/\/cdn.storeden.net\/secache\/6a633829e39ee10d4e30651c"",
    ""original"": ""https:\/\/egress.storeden.net\/gallery\/6a633829e39ee10d4e30651c""
}"
/Users/anna.nardi/Library/CloudStorage/OneDrive-Raccoltecondivise-DuckyNetworkS.r.l/E-Commerce - FOTO PRODOTTO 2019_2022_2023_2024_2025/BICI/Dischi bici/BY2004.jpg,BY2004,41159377,OK,"{
    ""image_id"": ""6a633831e39ee1454e306514"",
    ""thumbnail"": ""https:\/\/cdn.storeden.net\/secache\/6a633831e39ee1454e306514"",
    ""original"": ""https:\/\/egress.storeden.net\/gallery\/6a633831e39ee1454e306514""
}"
/Users/anna.nardi/Library/CloudStorage/OneDrive-Raccoltecondivise-DuckyNetworkS.r.l/E-Commerce - FOTO PRODOTTO 2019_2022_2023_2024_2025/DISCHI/BATFLY/BY4122.jpg,BY4122,41159380,OK,"{
    ""image_id"": ""6a633838e39ee1144e306526"",
    ""thumbnail"": ""https:\/\/cdn.storeden.net\/secache\/6a633838e39ee1144e306526"",
    ""original"": ""https:\/\/egress.storeden.net\/gallery\/6a633838e39ee1144e306526""
}"
/Users/anna.nardi/Library/CloudStorage/OneDrive-Raccoltecondivise-DuckyNetworkS.r.l/E-Commerce - FOTO PRODOTTO 2019_2022_2023_2024_2025/DISCHI/EPTA OFF/BY4122E.jpg,BY4122E,41159381,OK,"{
    ""image_id"": ""6a633845e39ee1194e306551"",
    ""thumbnail"": ""https:\/\/cdn.storeden.net\/secache\/6a633845e39ee1194e306551"",
    ""original"": ""https:\/\/egress.storeden.net\/gallery\/6a633845e39ee1194e306551""
}"
/Users/anna.nardi/Library/CloudStorage/OneDrive-Raccoltecondivise-DuckyNetworkS.r.l/E-Commerce - FOTO PRODOTTO 2019_2022_2023_2024_2025/DISCHI/BATFLY/BY4123.jpg,BY4123,41159382,OK,"{
    ""image_id"": ""6a633851e39ee1194e306564"",
    ""thumbnail"": ""https:\/\/cdn.storeden.net\/secache\/6a633851e39ee1194e306564"",
    ""original"": ""https:\/\/egress.storeden.net\/gallery\/6a633851e39ee1194e306564""
}"
/Users/anna.nardi/Library/CloudStorage/OneDrive-Raccoltecondivise-DuckyNetworkS.r.l/E-Commerce - FOTO PRODOTTO 2019_2022_2023_2024_2025/DISCHI/EPTA OFF/BY4124E.jpg,BY4124E,41159383,OK,"{
    ""image_id"": ""6a633856be7ea0e3d2646233"",
    ""thumbnail"": ""https:\/\/cdn.storeden.net\/secache\/6a633856be7ea0e3d2646233"",
    ""original"": ""https:\/\/egress.storeden.net\/gallery\/6a633856be7ea0e3d2646233""
}"
/Users/anna.nardi/Library/CloudStorage/OneDrive-Raccoltecondivise-DuckyNetworkS.r.l/E-Commerce - FOTO PRODOTTO 2019_2022_2023_2024_2025/DISCHI/BATFLY/BY4125.jpg,BY4125,41159384,OK,"{
    ""image_id"": ""6a63385ebe7ea01dd7646215"",
    ""thumbnail"": ""https:\/\/cdn.storeden.net\/secache\/6a63385ebe7ea01dd7646215"",
    ""original"": ""https:\/\/egress.storeden.net\/gallery\/6a63385ebe7ea01dd7646215""
}"
/Users/anna.nardi/Library/CloudStorage/OneDrive-Raccoltecondivise-DuckyNetworkS.r.l/E-Commerce - FOTO PRODOTTO 2019_2022_2023_2024_2025/DISCHI/EPTA OFF/BY4125E.jpg,BY4125E,41159385,OK,"{
    ""image_id"": ""6a633866be7ea002b164628b"",
    ""thumbnail"": ""https:\/\/cdn.storeden.net\/secache\/6a633866be7ea002b164628b"",
    ""original"": ""https:\/\/egress.storeden.net\/gallery\/6a633866be7ea002b164628b""
}"
/Users/anna.nardi/Library/CloudStorage/OneDrive-Raccoltecondivise-DuckyNetworkS.r.l/E-Commerce - FOTO PRODOTTO 2019_2022_2023_2024_2025/DISCHI/EPTA OFF/BY4126E.jpg,BY4126E,41159386,OK,"{
    ""image_id"": ""6a633868e39ee1674d3065d2"",
    ""thumbnail"": ""https:\/\/cdn.storeden.net\/secache\/6a633868e39ee1674d3065d2"",
    ""original"": ""https:\/\/egress.storeden.net\/gallery\/6a633868e39ee1674d3065d2""
}"
/Users/anna.nardi/Library/CloudStorage/OneDrive-Raccoltecondivise-DuckyNetworkS.r.l/E-Commerce - FOTO PRODOTTO 2019_2022_2023_2024_2025/DISCHI/BATFLY/BY4128.jpg,BY4128,41159388,OK,"{
    ""image_id"": ""6a633871e39ee1c84e306514"",
    ""thumbnail"": ""https:\/\/cdn.storeden.net\/secache\/6a633871e39ee1c84e306514"",
    ""original"": ""https:\/\/egress.storeden.net\/gallery\/6a633871e39ee1c84e306514""
}"
/Users/anna.nardi/Library/CloudStorage/OneDrive-Raccoltecondivise-DuckyNetworkS.r.l/E-Commerce - FOTO PRODOTTO 2019_2022_2023_2024_2025/DISCHI/EPTA OFF/BY4128E.jpg,BY4128E,41159389,OK,"{
    ""image_id"": ""6a633877e39ee1184e306536"",
    ""thumbnail"": ""https:\/\/cdn.storeden.net\/secache\/6a633877e39ee1184e306536"",
    ""original"": ""https:\/\/egress.storeden.net\/gallery\/6a633877e39ee1184e306536""
}"
/Users/anna.nardi/Library/CloudStorage/OneDrive-Raccoltecondivise-DuckyNetworkS.r.l/E-Commerce - FOTO PRODOTTO 2019_2022_2023_2024_2025/DISCHI/EPTA OFF/BY4130E.jpg,BY4130E,41159390,OK,"{
    ""image_id"": ""6a633880be7ea040e66461cc"",
    ""thumbnail"": ""https:\/\/cdn.storeden.net\/secache\/6a633880be7ea040e66461cc"",
    ""original"": ""https:\/\/egress.storeden.net\/gallery\/6a633880be7ea040e66461cc""
}"
/Users/anna.nardi/Library/CloudStorage/OneDrive-Raccoltecondivise-DuckyNetworkS.r.l/E-Commerce - FOTO PRODOTTO 2019_2022_2023_2024_2025/DISCHI/BATFLY/BY4132.jpg,BY4132,41232089,OK,"{
    ""image_id"": ""6a63388de39ee1f44d306544"",
    ""thumbnail"": ""https:\/\/cdn.storeden.net\/secache\/6a63388de39ee1f44d306544"",
    ""original"": ""https:\/\/egress.storeden.net\/gallery\/6a63388de39ee1f44d306544""
}"
/Users/anna.nardi/Library/CloudStorage/OneDrive-Raccoltecondivise-DuckyNetworkS.r.l/E-Commerce - FOTO PRODOTTO 2019_2022_2023_2024_2025/DISCHI/BATFLY/BY4134.jpg,BY4134,41159392,OK,"{
    ""image_id"": ""6a633894e39ee1194e30657f"",
    ""thumbnail"": ""https:\/\/cdn.storeden.net\/secache\/6a633894e39ee1194e30657f"",
    ""original"": ""https:\/\/egress.storeden.net\/gallery\/6a633894e39ee1194e30657f""
}"
/Users/anna.nardi/Library/CloudStorage/OneDrive-Raccoltecondivise-DuckyNetworkS.r.l/E-Commerce - FOTO PRODOTTO 2019_2022_2023_2024_2025/DISCHI/EPTA OFF/BY4134E.jpg,BY4134E,41159393,OK,"{
    ""image_id"": ""6a63389bbe7ea00edc6461e7"",
    ""thumbnail"": ""https:\/\/cdn.storeden.net\/secache\/6a63389bbe7ea00edc6461e7"",
    ""original"": ""https:\/\/egress.storeden.net\/gallery\/6a63389bbe7ea00edc6461e7""
}"
/Users/anna.nardi/Library/CloudStorage/OneDrive-Raccoltecondivise-DuckyNetworkS.r.l/E-Commerce - FOTO PRODOTTO 2019_2022_2023_2024_2025/DISCHI/EPTA OFF/BY4135E.jpg,BY4135E,41159394,OK,"{
    ""image_id"": ""6a6338a7e39ee1c84e30652e"",
    ""thumbnail"": ""https:\/\/cdn.storeden.net\/secache\/6a6338a7e39ee1c84e30652e"",
    ""original"": ""https:\/\/egress.storeden.net\/gallery\/6a6338a7e39ee1c84e30652e""
}"
/Users/anna.nardi/Library/CloudStorage/OneDrive-Raccoltecondivise-DuckyNetworkS.r.l/E-Commerce - FOTO PRODOTTO 2019_2022_2023_2024_2025/DISCHI/BATFLY/BY4136.jpg,BY4136,41159395,OK,"{
    ""image_id"": ""6a6338b0be7ea0ddd6646245"",
    ""thumbnail"": ""https:\/\/cdn.storeden.net\/secache\/6a6338b0be7ea0ddd6646245"",
    ""original"": ""https:\/\/egress.storeden.net\/gallery\/6a6338b0be7ea0ddd6646245""
}"
/Users/anna.nardi/Library/CloudStorage/OneDrive-Raccoltecondivise-DuckyNetworkS.r.l/E-Commerce - FOTO PRODOTTO 2019_2022_2023_2024_2025/DISCHI/EPTA OFF/BY4137E.jpg,BY4137E,41159396,OK,"{
    ""image_id"": ""6a6338b8e39ee1c64e30654a"",
    ""thumbnail"": ""https:\/\/cdn.storeden.net\/secache\/6a6338b8e39ee1c64e30654a"",
    ""original"": ""https:\/\/egress.storeden.net\/gallery\/6a6338b8e39ee1c64e30654a""
}"
/Users/anna.nardi/Library/CloudStorage/OneDrive-Raccoltecondivise-DuckyNetworkS.r.l/E-Commerce - FOTO PRODOTTO 2019_2022_2023_2024_2025/DISCHI/BATFLY/BY4501.jpg,BY4501,41159397,OK,"{
    ""image_id"": ""6a6338bde39ee1c84e306541"",
    ""thumbnail"": ""https:\/\/cdn.storeden.net\/secache\/6a6338bde39ee1c84e306541"",
    ""original"": ""https:\/\/egress.storeden.net\/gallery\/6a6338bde39ee1c84e306541""
}"
/Users/anna.nardi/Library/CloudStorage/OneDrive-Raccoltecondivise-DuckyNetworkS.r.l/E-Commerce - FOTO PRODOTTO 2019_2022_2023_2024_2025/DISCHI/BATFLY/BY4502.jpg,BY4502,41159398,OK,"{
    ""image_id"": ""6a6338c2e39ee10d4e306579"",
    ""thumbnail"": ""https:\/\/cdn.storeden.net\/secache\/6a6338c2e39ee10d4e306579"",
    ""original"": ""https:\/\/egress.storeden.net\/gallery\/6a6338c2e39ee10d4e306579""
}"
/Users/anna.nardi/Library/CloudStorage/OneDrive-Raccoltecondivise-DuckyNetworkS.r.l/E-Commerce - FOTO PRODOTTO 2019_2022_2023_2024_2025/DISCHI/BATFLY/BY4503.jpg,BY4503,41159399,OK,"{
    ""image_id"": ""6a6338c8e39ee10d4e306589"",
    ""thumbnail"": ""https:\/\/cdn.storeden.net\/secache\/6a6338c8e39ee10d4e306589"",
    ""original"": ""https:\/\/egress.storeden.net\/gallery\/6a6338c8e39ee10d4e306589""
}"
/Users/anna.nardi/Library/CloudStorage/OneDrive-Raccoltecondivise-DuckyNetworkS.r.l/E-Commerce - FOTO PRODOTTO 2019_2022_2023_2024_2025/DISCHI/BATFLY/BY4504.jpg,BY4504,41159400,OK,"{
    ""image_id"": ""6a6338d0e39ee1c84e306551"",
    ""thumbnail"": ""https:\/\/cdn.storeden.net\/secache\/6a6338d0e39ee1c84e306551"",
    ""original"": ""https:\/\/egress.storeden.net\/gallery\/6a6338d0e39ee1c84e306551""
}"
/Users/anna.nardi/Library/CloudStorage/OneDrive-Raccoltecondivise-DuckyNetworkS.r.l/E-Commerce - FOTO PRODOTTO 2019_2022_2023_2024_2025/DISCHI/BATFLY/BY4505.jpg,BY4505,41159401,OK,"{
    ""image_id"": ""6a6338d9e39ee10a4e306579"",
    ""thumbnail"": ""https:\/\/cdn.storeden.net\/secache\/6a6338d9e39ee10a4e306579"",
    ""original"": ""https:\/\/egress.storeden.net\/gallery\/6a6338d9e39ee10a4e306579""
}"
/Users/anna.nardi/Library/CloudStorage/OneDrive-Raccoltecondivise-DuckyNetworkS.r.l/E-Commerce - FOTO PRODOTTO 2019_2022_2023_2024_2025/DISCHI/BATFLY/BY4506.jpg,BY4506,41159402,OK,"{
    ""image_id"": ""6a6338e4e39ee1e64e30655b"",
    ""thumbnail"": ""https:\/\/cdn.storeden.net\/secache\/6a6338e4e39ee1e64e30655b"",
    ""original"": ""https:\/\/egress.storeden.net\/gallery\/6a6338e4e39ee1e64e30655b""
}"
/Users/anna.nardi/Library/CloudStorage/OneDrive-Raccoltecondivise-DuckyNetworkS.r.l/E-Commerce - FOTO PRODOTTO 2019_2022_2023_2024_2025/DISCHI/BATFLY/BY4507.jpg,BY4507,41159403,OK,"{
    ""image_id"": ""6a6338ebbe7ea047e664622f"",
    ""thumbnail"": ""https:\/\/cdn.storeden.net\/secache\/6a6338ebbe7ea047e664622f"",
    ""original"": ""https:\/\/egress.storeden.net\/gallery\/6a6338ebbe7ea047e664622f""
}"
/Users/anna.nardi/Library/CloudStorage/OneDrive-Raccoltecondivise-DuckyNetworkS.r.l/E-Commerce - FOTO PRODOTTO 2019_2022_2023_2024_2025/DISCHI/BATFLY/BY4508.jpg,BY4508,41159404,OK,"{
    ""image_id"": ""6a6338f0e39ee10d4e3065a9"",
    ""thumbnail"": ""https:\/\/cdn.storeden.net\/secache\/6a6338f0e39ee10d4e3065a9"",
    ""original"": ""https:\/\/egress.storeden.net\/gallery\/6a6338f0e39ee10d4e3065a9""
}"
/Users/anna.nardi/Library/CloudStorage/OneDrive-Raccoltecondivise-DuckyNetworkS.r.l/E-Commerce - FOTO PRODOTTO 2019_2022_2023_2024_2025/DISCHI/BATFLY/BY4509.jpg,BY4509,41159405,OK,"{
    ""image_id"": ""6a6338f6e39ee14b4c306643"",
    ""thumbnail"": ""https:\/\/cdn.storeden.net\/secache\/6a6338f6e39ee14b4c306643"",
    ""original"": ""https:\/\/egress.storeden.net\/gallery\/6a6338f6e39ee14b4c306643""
}"
/Users/anna.nardi/Library/CloudStorage/OneDrive-Raccoltecondivise-DuckyNetworkS.r.l/E-Commerce - FOTO PRODOTTO 2019_2022_2023_2024_2025/DISCHI/BATFLY/BY701L.jpg,BY701L,41159406,OK,"{
    ""image_id"": ""6a6338fbe39ee1c64e306566"",
    ""thumbnail"": ""https:\/\/cdn.storeden.net\/secache\/6a6338fbe39ee1c64e306566"",
    ""original"": ""https:\/\/egress.storeden.net\/gallery\/6a6338fbe39ee1c64e306566""
}"
/Users/anna.nardi/Library/CloudStorage/OneDrive-Raccoltecondivise-DuckyNetworkS.r.l/E-Commerce - FOTO PRODOTTO 2019_2022_2023_2024_2025/DISCHI/BATFLY/BY709L.jpg,BY709L,41159407,OK,"{
    ""image_id"": ""6a633900be7ea07dd66461fd"",
    ""thumbnail"": ""https:\/\/cdn.storeden.net\/secache\/6a633900be7ea07dd66461fd"",
    ""original"": ""https:\/\/egress.storeden.net\/gallery\/6a633900be7ea07dd66461fd""
}"
/Users/anna.nardi/Library/CloudStorage/OneDrive-Raccoltecondivise-DuckyNetworkS.r.l/E-Commerce - FOTO PRODOTTO 2019_2022_2023_2024_2025/DISCHI/BATFLY/BY711L.jpg,BY711L,41159409,OK,"{
    ""image_id"": ""6a633909e39ee1c84e306562"",
    ""thumbnail"": ""https:\/\/cdn.storeden.net\/secache\/6a633909e39ee1c84e306562"",
    ""original"": ""https:\/\/egress.storeden.net\/gallery\/6a633909e39ee1c84e306562""
}"
/Users/anna.nardi/Library/CloudStorage/OneDrive-Raccoltecondivise-DuckyNetworkS.r.l/E-Commerce - FOTO PRODOTTO 2019_2022_2023_2024_2025/DISCHI/BATFLY/BY711R.jpg,BY711R,41159410,OK,"{
    ""image_id"": ""6a633910e39ee1c84e306576"",
    ""thumbnail"": ""https:\/\/cdn.storeden.net\/secache\/6a633910e39ee1c84e306576"",
    ""original"": ""https:\/\/egress.storeden.net\/gallery\/6a633910e39ee1c84e306576""
}"
/Users/anna.nardi/Library/CloudStorage/OneDrive-Raccoltecondivise-DuckyNetworkS.r.l/E-Commerce - FOTO PRODOTTO 2019_2022_2023_2024_2025/DISCHI/BATFLY/BY770L.jpg,BY770L,41159411,OK,"{
    ""image_id"": ""6a633918e39ee1e34e306573"",
    ""thumbnail"": ""https:\/\/cdn.storeden.net\/secache\/6a633918e39ee1e34e306573"",
    ""original"": ""https:\/\/egress.storeden.net\/gallery\/6a633918e39ee1e34e306573""
}"
/Users/anna.nardi/Library/CloudStorage/OneDrive-Raccoltecondivise-DuckyNetworkS.r.l/E-Commerce - FOTO PRODOTTO 2019_2022_2023_2024_2025/DISCHI/BATFLY/BY770R.jpg,BY770R,41159412,OK,"{
    ""image_id"": ""6a633927e39ee17d4f306514"",
    ""thumbnail"": ""https:\/\/cdn.storeden.net\/secache\/6a633927e39ee17d4f306514"",
    ""original"": ""https:\/\/egress.storeden.net\/gallery\/6a633927e39ee17d4f306514""
}"
/Users/anna.nardi/Library/CloudStorage/OneDrive-Raccoltecondivise-DuckyNetworkS.r.l/E-Commerce - FOTO PRODOTTO 2019_2022_2023_2024_2025/DISCHI/BATFLY/BY778L.jpg,BY778L,41159413,OK,"{
    ""image_id"": ""6a633931e39ee14b4c306654"",
    ""thumbnail"": ""https:\/\/cdn.storeden.net\/secache\/6a633931e39ee14b4c306654"",
    ""original"": ""https:\/\/egress.storeden.net\/gallery\/6a633931e39ee14b4c306654""
}"
/Users/anna.nardi/Library/CloudStorage/OneDrive-Raccoltecondivise-DuckyNetworkS.r.l/E-Commerce - FOTO PRODOTTO 2019_2022_2023_2024_2025/DISCHI/BATFLY/BY778R.jpg,BY778R,41232090,OK,"{
    ""image_id"": ""6a633938e39ee16f4f306514"",
    ""thumbnail"": ""https:\/\/cdn.storeden.net\/secache\/6a633938e39ee16f4f306514"",
    ""original"": ""https:\/\/egress.storeden.net\/gallery\/6a633938e39ee16f4f306514""
}"
/Users/anna.nardi/Library/CloudStorage/OneDrive-Raccoltecondivise-DuckyNetworkS.r.l/E-Commerce - FOTO PRODOTTO 2019_2022_2023_2024_2025/DISCHI/UTV/BY9001.jpg,BY9001,41159416,OK,"{
    ""image_id"": ""6a633944e39ee16b4f306514"",
    ""thumbnail"": ""https:\/\/cdn.storeden.net\/secache\/6a633944e39ee16b4f306514"",
    ""original"": ""https:\/\/egress.storeden.net\/gallery\/6a633944e39ee16b4f306514""
}"
/Users/anna.nardi/Library/CloudStorage/OneDrive-Raccoltecondivise-DuckyNetworkS.r.l/E-Commerce - FOTO PRODOTTO 2019_2022_2023_2024_2025/DISCHI/UTV/BY9002.jpg,BY9002,41159417,OK,"{
    ""image_id"": ""6a63394fe39ee1c84e30658c"",
    ""thumbnail"": ""https:\/\/cdn.storeden.net\/secache\/6a63394fe39ee1c84e30658c"",
    ""original"": ""https:\/\/egress.storeden.net\/gallery\/6a63394fe39ee1c84e30658c""
}"
/Users/anna.nardi/Library/CloudStorage/OneDrive-Raccoltecondivise-DuckyNetworkS.r.l/E-Commerce - FOTO PRODOTTO 2019_2022_2023_2024_2025/DISCHI/UTV/BY9003.jpg,BY9003,41159418,OK,"{
    ""image_id"": ""6a633959e39ee16a4f306514"",
    ""thumbnail"": ""https:\/\/cdn.storeden.net\/secache\/6a633959e39ee16a4f306514"",
    ""original"": ""https:\/\/egress.storeden.net\/gallery\/6a633959e39ee16a4f306514""
}"
/Users/anna.nardi/Library/CloudStorage/OneDrive-Raccoltecondivise-DuckyNetworkS.r.l/E-Commerce - FOTO PRODOTTO 2019_2022_2023_2024_2025/DISCHI/UTV/BY9004L.jpg,BY9004L,41159419,OK,"{
    ""image_id"": ""6a633966e39ee16f4f306529"",
    ""thumbnail"": ""https:\/\/cdn.storeden.net\/secache\/6a633966e39ee16f4f306529"",
    ""original"": ""https:\/\/egress.storeden.net\/gallery\/6a633966e39ee16f4f306529""
}"
/Users/anna.nardi/Library/CloudStorage/OneDrive-Raccoltecondivise-DuckyNetworkS.r.l/E-Commerce - FOTO PRODOTTO 2019_2022_2023_2024_2025/DISCHI/UTV/BY9005.jpg,BY9005,41159421,OK,"{
    ""image_id"": ""6a633974e39ee16b4f306529"",
    ""thumbnail"": ""https:\/\/cdn.storeden.net\/secache\/6a633974e39ee16b4f306529"",
    ""original"": ""https:\/\/egress.storeden.net\/gallery\/6a633974e39ee16b4f306529""
}"
/Users/anna.nardi/Library/CloudStorage/OneDrive-Raccoltecondivise-DuckyNetworkS.r.l/E-Commerce - FOTO PRODOTTO 2019_2022_2023_2024_2025/DISCHI/UTV/BY9006L.jpg,BY9006L,41159422,OK,"{
    ""image_id"": ""6a63397fbe7ea0cbeb6461c6"",
    ""thumbnail"": ""https:\/\/cdn.storeden.net\/secache\/6a63397fbe7ea0cbeb6461c6"",
    ""original"": ""https:\/\/egress.storeden.net\/gallery\/6a63397fbe7ea0cbeb6461c6""
}"
/Users/anna.nardi/Library/CloudStorage/OneDrive-Raccoltecondivise-DuckyNetworkS.r.l/E-Commerce - FOTO PRODOTTO 2019_2022_2023_2024_2025/DISCHI/UTV/BY9007.jpg,BY9007,41159424,OK,"{
    ""image_id"": ""6a63398fe39ee1994f30652a"",
    ""thumbnail"": ""https:\/\/cdn.storeden.net\/secache\/6a63398fe39ee1994f30652a"",
    ""original"": ""https:\/\/egress.storeden.net\/gallery\/6a63398fe39ee1994f30652a""
}"
/Users/anna.nardi/Library/CloudStorage/OneDrive-Raccoltecondivise-DuckyNetworkS.r.l/E-Commerce - FOTO PRODOTTO 2019_2022_2023_2024_2025/DISCHI/UTV/BY9008.jpg,BY9008,41159425,OK,"{
    ""image_id"": ""6a63399ae39ee1724f306514"",
    ""thumbnail"": ""https:\/\/cdn.storeden.net\/secache\/6a63399ae39ee1724f306514"",
    ""original"": ""https:\/\/egress.storeden.net\/gallery\/6a63399ae39ee1724f306514""
}"
/Users/anna.nardi/Library/CloudStorage/OneDrive-Raccoltecondivise-DuckyNetworkS.r.l/E-Commerce - FOTO PRODOTTO 2019_2022_2023_2024_2025/DISCHI/UTV/BY9009R.jpg,BY9009R,41159427,OK,"{
    ""image_id"": ""6a6339a2e39ee1c44e306556"",
    ""thumbnail"": ""https:\/\/cdn.storeden.net\/secache\/6a6339a2e39ee1c44e306556"",
    ""original"": ""https:\/\/egress.storeden.net\/gallery\/6a6339a2e39ee1c44e306556""
}"
/Users/anna.nardi/Library/CloudStorage/OneDrive-Raccoltecondivise-DuckyNetworkS.r.l/E-Commerce - FOTO PRODOTTO 2019_2022_2023_2024_2025/DISCHI/UTV/BY9010.jpg,BY9010,41159428,OK,"{
    ""image_id"": ""6a6339a8e39ee1c44e306568"",
    ""thumbnail"": ""https:\/\/cdn.storeden.net\/secache\/6a6339a8e39ee1c44e306568"",
    ""original"": ""https:\/\/egress.storeden.net\/gallery\/6a6339a8e39ee1c44e306568""
}"
/Users/anna.nardi/Library/CloudStorage/OneDrive-Raccoltecondivise-DuckyNetworkS.r.l/E-Commerce - FOTO PRODOTTO 2019_2022_2023_2024_2025/DISCHI/UTV/BY9011.jpg,BY9011,41159429,OK,"{
    ""image_id"": ""6a6339b2be7ea01fee6461eb"",
    ""thumbnail"": ""https:\/\/cdn.storeden.net\/secache\/6a6339b2be7ea01fee6461eb"",
    ""original"": ""https:\/\/egress.storeden.net\/gallery\/6a6339b2be7ea01fee6461eb""
}"
/Users/anna.nardi/Library/CloudStorage/OneDrive-Raccoltecondivise-DuckyNetworkS.r.l/E-Commerce - FOTO PRODOTTO 2019_2022_2023_2024_2025/DISCHI/UTV/BY9012L.jpg,BY9012L,41159430,OK,"{
    ""image_id"": ""6a6339c1e39ee1934f306538"",
    ""thumbnail"": ""https:\/\/cdn.storeden.net\/secache\/6a6339c1e39ee1934f306538"",
    ""original"": ""https:\/\/egress.storeden.net\/gallery\/6a6339c1e39ee1934f306538""
}"
/Users/anna.nardi/Library/CloudStorage/OneDrive-Raccoltecondivise-DuckyNetworkS.r.l/E-Commerce - FOTO PRODOTTO 2019_2022_2023_2024_2025/DISCHI/UTV/BY9012R.jpg,BY9012R,41159431,OK,"{
    ""image_id"": ""6a6339cce39ee1724f30653c"",
    ""thumbnail"": ""https:\/\/cdn.storeden.net\/secache\/6a6339cce39ee1724f30653c"",
    ""original"": ""https:\/\/egress.storeden.net\/gallery\/6a6339cce39ee1724f30653c""
}"
/Users/anna.nardi/Library/CloudStorage/OneDrive-Raccoltecondivise-DuckyNetworkS.r.l/E-Commerce - FOTO PRODOTTO 2019_2022_2023_2024_2025/DISCHI/UTV/BY9013L.jpg,BY9013L,41159432,OK,"{
    ""image_id"": ""6a6339d8e39ee1724f306552"",
    ""thumbnail"": ""https:\/\/cdn.storeden.net\/secache\/6a6339d8e39ee1724f306552"",
    ""original"": ""https:\/\/egress.storeden.net\/gallery\/6a6339d8e39ee1724f306552""
}"
/Users/anna.nardi/Library/CloudStorage/OneDrive-Raccoltecondivise-DuckyNetworkS.r.l/E-Commerce - FOTO PRODOTTO 2019_2022_2023_2024_2025/DISCHI/UTV/BY9013R.jpg,BY9013R,41159433,OK,"{
    ""image_id"": ""6a6339e4e39ee1a84f30652a"",
    ""thumbnail"": ""https:\/\/cdn.storeden.net\/secache\/6a6339e4e39ee1a84f30652a"",
    ""original"": ""https:\/\/egress.storeden.net\/gallery\/6a6339e4e39ee1a84f30652a""
}"
/Users/anna.nardi/Library/CloudStorage/OneDrive-Raccoltecondivise-DuckyNetworkS.r.l/E-Commerce - FOTO PRODOTTO 2019_2022_2023_2024_2025/DISCHI/UTV/BY9014.jpg,BY9014,41159434,OK,"{
    ""image_id"": ""6a6339eee39ee14b4c30666f"",
    ""thumbnail"": ""https:\/\/cdn.storeden.net\/secache\/6a6339eee39ee14b4c30666f"",
    ""original"": ""https:\/\/egress.storeden.net\/gallery\/6a6339eee39ee14b4c30666f""
}"
/Users/anna.nardi/Library/CloudStorage/OneDrive-Raccoltecondivise-DuckyNetworkS.r.l/E-Commerce - FOTO PRODOTTO 2019_2022_2023_2024_2025/DISCHI/UTV/BY9015.jpg,BY9015,41159435,OK,"{
    ""image_id"": ""6a6339f7e39ee1cd4f306526"",
    ""thumbnail"": ""https:\/\/cdn.storeden.net\/secache\/6a6339f7e39ee1cd4f306526"",
    ""original"": ""https:\/\/egress.storeden.net\/gallery\/6a6339f7e39ee1cd4f306526""
}"
/Users/anna.nardi/Library/CloudStorage/OneDrive-Raccoltecondivise-DuckyNetworkS.r.l/E-Commerce - FOTO PRODOTTO 2019_2022_2023_2024_2025/DISCHI/UTV/BY9016L.jpg,BY9016L,41159436,OK,"{
    ""image_id"": ""6a633a04e39ee1994f30658a"",
    ""thumbnail"": ""https:\/\/cdn.storeden.net\/secache\/6a633a04e39ee1994f30658a"",
    ""original"": ""https:\/\/egress.storeden.net\/gallery\/6a633a04e39ee1994f30658a""
}"
/Users/anna.nardi/Library/CloudStorage/OneDrive-Raccoltecondivise-DuckyNetworkS.r.l/E-Commerce - FOTO PRODOTTO 2019_2022_2023_2024_2025/DISCHI/UTV/BY9016R.jpg,BY9016R,41159437,OK,"{
    ""image_id"": ""6a633a12e39ee1b84f306577"",
    ""thumbnail"": ""https:\/\/cdn.storeden.net\/secache\/6a633a12e39ee1b84f306577"",
    ""original"": ""https:\/\/egress.storeden.net\/gallery\/6a633a12e39ee1b84f306577""
}"
/Users/anna.nardi/Library/CloudStorage/OneDrive-Raccoltecondivise-DuckyNetworkS.r.l/E-Commerce - FOTO PRODOTTO 2019_2022_2023_2024_2025/DISCHI/UTV/BY9017.jpg,BY9017,41159438,OK,"{
    ""image_id"": ""6a633a1fe39ee1375030655e"",
    ""thumbnail"": ""https:\/\/cdn.storeden.net\/secache\/6a633a1fe39ee1375030655e"",
    ""original"": ""https:\/\/egress.storeden.net\/gallery\/6a633a1fe39ee1375030655e""
}"
/Users/anna.nardi/Library/CloudStorage/OneDrive-Raccoltecondivise-DuckyNetworkS.r.l/E-Commerce - FOTO PRODOTTO 2019_2022_2023_2024_2025/DISCHI/UTV/BY9018.jpg,BY9018,41159439,OK,"{
    ""image_id"": ""6a633a2ce39ee17e5030653c"",
    ""thumbnail"": ""https:\/\/cdn.storeden.net\/secache\/6a633a2ce39ee17e5030653c"",
    ""original"": ""https:\/\/egress.storeden.net\/gallery\/6a633a2ce39ee17e5030653c""
}"
/Users/anna.nardi/Library/CloudStorage/OneDrive-Raccoltecondivise-DuckyNetworkS.r.l/E-Commerce - FOTO PRODOTTO 2019_2022_2023_2024_2025/DISCHI/BATFLY/BY9019.jpg,BY9019,41159440,OK,"{
    ""image_id"": ""6a633a32be7ea048e66461d6"",
    ""thumbnail"": ""https:\/\/cdn.storeden.net\/secache\/6a633a32be7ea048e66461d6"",
    ""original"": ""https:\/\/egress.storeden.net\/gallery\/6a633a32be7ea048e66461d6""
}"
/Users/anna.nardi/Library/CloudStorage/OneDrive-Raccoltecondivise-DuckyNetworkS.r.l/E-Commerce - FOTO PRODOTTO 2019_2022_2023_2024_2025/DISCHI/UTV/BY9020R.jpg,BY9020R,41159442,OK,"{
    ""image_id"": ""6a633a38e39ee1aa5030651c"",
    ""thumbnail"": ""https:\/\/cdn.storeden.net\/secache\/6a633a38e39ee1aa5030651c"",
    ""original"": ""https:\/\/egress.storeden.net\/gallery\/6a633a38e39ee1aa5030651c""
}"
/Users/anna.nardi/Library/CloudStorage/OneDrive-Raccoltecondivise-DuckyNetworkS.r.l/E-Commerce - FOTO PRODOTTO 2019_2022_2023_2024_2025/DISCHI/BATFLY/BY9022L.jpg,BY9022L,41159443,OK,"{
    ""image_id"": ""6a633a3bbe7ea0aed6646212"",
    ""thumbnail"": ""https:\/\/cdn.storeden.net\/secache\/6a633a3bbe7ea0aed6646212"",
    ""original"": ""https:\/\/egress.storeden.net\/gallery\/6a633a3bbe7ea0aed6646212""
}"
/Users/anna.nardi/Library/CloudStorage/OneDrive-Raccoltecondivise-DuckyNetworkS.r.l/E-Commerce - FOTO PRODOTTO 2019_2022_2023_2024_2025/DISCHI/BATFLY/BY9022R.jpg,BY9022R,41159444,OK,"{
    ""image_id"": ""6a633a3de39ee17e5030655e"",
    ""thumbnail"": ""https:\/\/cdn.storeden.net\/secache\/6a633a3de39ee17e5030655e"",
    ""original"": ""https:\/\/egress.storeden.net\/gallery\/6a633a3de39ee17e5030655e""
}"
/Users/anna.nardi/Library/CloudStorage/OneDrive-Raccoltecondivise-DuckyNetworkS.r.l/E-Commerce - FOTO PRODOTTO 2019_2022_2023_2024_2025/DISCHI/BATFLY/BY9023L.jpg,BY9023L,41159445,OK,"{
    ""image_id"": ""6a633a3fe39ee1e150306514"",
    ""thumbnail"": ""https:\/\/cdn.storeden.net\/secache\/6a633a3fe39ee1e150306514"",
    ""original"": ""https:\/\/egress.storeden.net\/gallery\/6a633a3fe39ee1e150306514""
}"
/Users/anna.nardi/Library/CloudStorage/OneDrive-Raccoltecondivise-DuckyNetworkS.r.l/E-Commerce - FOTO PRODOTTO 2019_2022_2023_2024_2025/DISCHI/BATFLY/BY9023R.jpg,BY9023R,41159446,OK,"{
    ""image_id"": ""6a633a41e39ee17850306566"",
    ""thumbnail"": ""https:\/\/cdn.storeden.net\/secache\/6a633a41e39ee17850306566"",
    ""original"": ""https:\/\/egress.storeden.net\/gallery\/6a633a41e39ee17850306566""
}"
/Users/anna.nardi/Library/CloudStorage/OneDrive-Raccoltecondivise-DuckyNetworkS.r.l/E-Commerce - FOTO PRODOTTO 2019_2022_2023_2024_2025/DISCHI/W-FIX/DC02RID.jpg,DC02RID,41159456,OK,"{
    ""image_id"": ""6a633a45e39ee1a84f306591"",
    ""thumbnail"": ""https:\/\/cdn.storeden.net\/secache\/6a633a45e39ee1a84f306591"",
    ""original"": ""https:\/\/egress.storeden.net\/gallery\/6a633a45e39ee1a84f306591""
}"
/Users/anna.nardi/Library/CloudStorage/OneDrive-Raccoltecondivise-DuckyNetworkS.r.l/E-Commerce - FOTO PRODOTTO 2019_2022_2023_2024_2025/DISCHI/W-FIX/DC04RID.jpg,DC04RID,41159457,OK,"{
    ""image_id"": ""6a633a4ce39ee1e150306526"",
    ""thumbnail"": ""https:\/\/cdn.storeden.net\/secache\/6a633a4ce39ee1e150306526"",
    ""original"": ""https:\/\/egress.storeden.net\/gallery\/6a633a4ce39ee1e150306526""
}"
/Users/anna.nardi/Library/CloudStorage/OneDrive-Raccoltecondivise-DuckyNetworkS.r.l/E-Commerce - FOTO PRODOTTO 2019_2022_2023_2024_2025/DISCHI/W-FIX/DC05FID.jpg,DC05FID,41159458,OK,"{
    ""image_id"": ""6a633a55e39ee1e15030653f"",
    ""thumbnail"": ""https:\/\/cdn.storeden.net\/secache\/6a633a55e39ee1e15030653f"",
    ""original"": ""https:\/\/egress.storeden.net\/gallery\/6a633a55e39ee1e15030653f""
}"
/Users/anna.nardi/Library/CloudStorage/OneDrive-Raccoltecondivise-DuckyNetworkS.r.l/E-Commerce - FOTO PRODOTTO 2019_2022_2023_2024_2025/DISCHI/W-FIX/DC05RID.jpg,DC05RID,41159459,OK,"{
    ""image_id"": ""6a633a60e39ee1a15030653e"",
    ""thumbnail"": ""https:\/\/cdn.storeden.net\/secache\/6a633a60e39ee1a15030653e"",
    ""original"": ""https:\/\/egress.storeden.net\/gallery\/6a633a60e39ee1a15030653e""
}"
/Users/anna.nardi/Library/CloudStorage/OneDrive-Raccoltecondivise-DuckyNetworkS.r.l/E-Commerce - FOTO PRODOTTO 2019_2022_2023_2024_2025/DISCHI/W-FIX/DC06RID.jpg,DC06RID,41159460,OK,"{
    ""image_id"": ""6a633a6de39ee1b84f3065e6"",
    ""thumbnail"": ""https:\/\/cdn.storeden.net\/secache\/6a633a6de39ee1b84f3065e6"",
    ""original"": ""https:\/\/egress.storeden.net\/gallery\/6a633a6de39ee1b84f3065e6""
}"
/Users/anna.nardi/Library/CloudStorage/OneDrive-Raccoltecondivise-DuckyNetworkS.r.l/E-Commerce - FOTO PRODOTTO 2019_2022_2023_2024_2025/DISCHI/EPTA/EP047L.jpg,EP047L,41159466,OK,"{
    ""image_id"": ""6a633a78e39ee1aa50306571"",
    ""thumbnail"": ""https:\/\/cdn.storeden.net\/secache\/6a633a78e39ee1aa50306571"",
    ""original"": ""https:\/\/egress.storeden.net\/gallery\/6a633a78e39ee1aa50306571""
}"
/Users/anna.nardi/Library/CloudStorage/OneDrive-Raccoltecondivise-DuckyNetworkS.r.l/E-Commerce - FOTO PRODOTTO 2019_2022_2023_2024_2025/DISCHI/EPTA/EP070L.jpg,EP070L,41159468,OK,"{
    ""image_id"": ""6a633a85e39ee1a15030657a"",
    ""thumbnail"": ""https:\/\/cdn.storeden.net\/secache\/6a633a85e39ee1a15030657a"",
    ""original"": ""https:\/\/egress.storeden.net\/gallery\/6a633a85e39ee1a15030657a""
}"
/Users/anna.nardi/Library/CloudStorage/OneDrive-Raccoltecondivise-DuckyNetworkS.r.l/E-Commerce - FOTO PRODOTTO 2019_2022_2023_2024_2025/DISCHI/EPTA/EP070R.jpg,EP070R,41159469,OK,"{
    ""image_id"": ""6a633a8fbe7ea012f26461c0"",
    ""thumbnail"": ""https:\/\/cdn.storeden.net\/secache\/6a633a8fbe7ea012f26461c0"",
    ""original"": ""https:\/\/egress.storeden.net\/gallery\/6a633a8fbe7ea012f26461c0""
}"
/Users/anna.nardi/Library/CloudStorage/OneDrive-Raccoltecondivise-DuckyNetworkS.r.l/E-Commerce - FOTO PRODOTTO 2019_2022_2023_2024_2025/DISCHI/EPTA/EP071L.jpg,EP071L,41159470,OK,"{
    ""image_id"": ""6a633a9abe7ea07dbd64632b"",
    ""thumbnail"": ""https:\/\/cdn.storeden.net\/secache\/6a633a9abe7ea07dbd64632b"",
    ""original"": ""https:\/\/egress.storeden.net\/gallery\/6a633a9abe7ea07dbd64632b""
}"
/Users/anna.nardi/Library/CloudStorage/OneDrive-Raccoltecondivise-DuckyNetworkS.r.l/E-Commerce - FOTO PRODOTTO 2019_2022_2023_2024_2025/DISCHI/EPTA/EP071R.jpg,EP071R,41159471,OK,"{
    ""image_id"": ""6a633aa4e39ee1fe50306565"",
    ""thumbnail"": ""https:\/\/cdn.storeden.net\/secache\/6a633aa4e39ee1fe50306565"",
    ""original"": ""https:\/\/egress.storeden.net\/gallery\/6a633aa4e39ee1fe50306565""
}"
/Users/anna.nardi/Library/CloudStorage/OneDrive-Raccoltecondivise-DuckyNetworkS.r.l/E-Commerce - FOTO PRODOTTO 2019_2022_2023_2024_2025/DISCHI/EPTA/EP073L.jpg,EP073L,41159472,OK,"{
    ""image_id"": ""6a633aabe39ee1a84f3065f8"",
    ""thumbnail"": ""https:\/\/cdn.storeden.net\/secache\/6a633aabe39ee1a84f3065f8"",
    ""original"": ""https:\/\/egress.storeden.net\/gallery\/6a633aabe39ee1a84f3065f8""
}"
/Users/anna.nardi/Library/CloudStorage/OneDrive-Raccoltecondivise-DuckyNetworkS.r.l/E-Commerce - FOTO PRODOTTO 2019_2022_2023_2024_2025/DISCHI/EPTA/EP073R.jpg,EP073R,41159473,OK,"{
    ""image_id"": ""6a633ab2e39ee1fb50306566"",
    ""thumbnail"": ""https:\/\/cdn.storeden.net\/secache\/6a633ab2e39ee1fb50306566"",
    ""original"": ""https:\/\/egress.storeden.net\/gallery\/6a633ab2e39ee1fb50306566""
}"
/Users/anna.nardi/Library/CloudStorage/OneDrive-Raccoltecondivise-DuckyNetworkS.r.l/E-Commerce - FOTO PRODOTTO 2019_2022_2023_2024_2025/DISCHI/EPTA/EP090L.jpg,EP090L,41159474,OK,"{
    ""image_id"": ""6a633abbe39ee1ca4f3065d3"",
    ""thumbnail"": ""https:\/\/cdn.storeden.net\/secache\/6a633abbe39ee1ca4f3065d3"",
    ""original"": ""https:\/\/egress.storeden.net\/gallery\/6a633abbe39ee1ca4f3065d3""
}"
/Users/anna.nardi/Library/CloudStorage/OneDrive-Raccoltecondivise-DuckyNetworkS.r.l/E-Commerce - FOTO PRODOTTO 2019_2022_2023_2024_2025/DISCHI/EPTA/EP090R.jpg,EP090R,41159475,OK,"{
    ""image_id"": ""6a633ac6e39ee10f5130656c"",
    ""thumbnail"": ""https:\/\/cdn.storeden.net\/secache\/6a633ac6e39ee10f5130656c"",
    ""original"": ""https:\/\/egress.storeden.net\/gallery\/6a633ac6e39ee10f5130656c""
}"
/Users/anna.nardi/Library/CloudStorage/OneDrive-Raccoltecondivise-DuckyNetworkS.r.l/E-Commerce - FOTO PRODOTTO 2019_2022_2023_2024_2025/DISCHI/EPTA/EP098L.jpg,EP098L,41159476,OK,"{
    ""image_id"": ""6a633ad0e39ee11b5130653b"",
    ""thumbnail"": ""https:\/\/cdn.storeden.net\/secache\/6a633ad0e39ee11b5130653b"",
    ""original"": ""https:\/\/egress.storeden.net\/gallery\/6a633ad0e39ee11b5130653b""
}"
/Users/anna.nardi/Library/CloudStorage/OneDrive-Raccoltecondivise-DuckyNetworkS.r.l/E-Commerce - FOTO PRODOTTO 2019_2022_2023_2024_2025/DISCHI/EPTA/EP098R.jpg,EP098R,41159477,OK,"{
    ""image_id"": ""6a633ad6be7ea033f26461c8"",
    ""thumbnail"": ""https:\/\/cdn.storeden.net\/secache\/6a633ad6be7ea033f26461c8"",
    ""original"": ""https:\/\/egress.storeden.net\/gallery\/6a633ad6be7ea033f26461c8""
}"
/Users/anna.nardi/Library/CloudStorage/OneDrive-Raccoltecondivise-DuckyNetworkS.r.l/E-Commerce - FOTO PRODOTTO 2019_2022_2023_2024_2025/DISCHI/EPTA/EP101L.jpg,EP101L,41159478,OK,"{
    ""image_id"": ""6a633adae39ee1b64f3065f7"",
    ""thumbnail"": ""https:\/\/cdn.storeden.net\/secache\/6a633adae39ee1b64f3065f7"",
    ""original"": ""https:\/\/egress.storeden.net\/gallery\/6a633adae39ee1b64f3065f7""
}"
/Users/anna.nardi/Library/CloudStorage/OneDrive-Raccoltecondivise-DuckyNetworkS.r.l/E-Commerce - FOTO PRODOTTO 2019_2022_2023_2024_2025/DISCHI/EPTA/EP101R.jpg,EP101R,41159479,OK,"{
    ""image_id"": ""6a633ae0e39ee12951306540"",
    ""thumbnail"": ""https:\/\/cdn.storeden.net\/secache\/6a633ae0e39ee12951306540"",
    ""original"": ""https:\/\/egress.storeden.net\/gallery\/6a633ae0e39ee12951306540""
}"
/Users/anna.nardi/Library/CloudStorage/OneDrive-Raccoltecondivise-DuckyNetworkS.r.l/E-Commerce - FOTO PRODOTTO 2019_2022_2023_2024_2025/DISCHI/EPTA/EP111L.jpg,EP111L,41232093,OK,"{
    ""image_id"": ""6a633ae6e39ee13750306623"",
    ""thumbnail"": ""https:\/\/cdn.storeden.net\/secache\/6a633ae6e39ee13750306623"",
    ""original"": ""https:\/\/egress.storeden.net\/gallery\/6a633ae6e39ee13750306623""
}"
/Users/anna.nardi/Library/CloudStorage/OneDrive-Raccoltecondivise-DuckyNetworkS.r.l/E-Commerce - FOTO PRODOTTO 2019_2022_2023_2024_2025/DISCHI/EPTA/EP111R.jpg,EP111R,41232094,OK,"{
    ""image_id"": ""6a633aefe39ee13750306639"",
    ""thumbnail"": ""https:\/\/cdn.storeden.net\/secache\/6a633aefe39ee13750306639"",
    ""original"": ""https:\/\/egress.storeden.net\/gallery\/6a633aefe39ee13750306639""
}"
/Users/anna.nardi/Library/CloudStorage/OneDrive-Raccoltecondivise-DuckyNetworkS.r.l/E-Commerce - FOTO PRODOTTO 2019_2022_2023_2024_2025/DISCHI/EPTA/EP117L.jpg,EP117L,41159480,OK,"{
    ""image_id"": ""6a633af3e39ee15351306547"",
    ""thumbnail"": ""https:\/\/cdn.storeden.net\/secache\/6a633af3e39ee15351306547"",
    ""original"": ""https:\/\/egress.storeden.net\/gallery\/6a633af3e39ee15351306547""
}"
/Users/anna.nardi/Library/CloudStorage/OneDrive-Raccoltecondivise-DuckyNetworkS.r.l/E-Commerce - FOTO PRODOTTO 2019_2022_2023_2024_2025/DISCHI/EPTA/EP117R.jpg,EP117R,41159481,OK,"{
    ""image_id"": ""6a633af5e39ee1295130656e"",
    ""thumbnail"": ""https:\/\/cdn.storeden.net\/secache\/6a633af5e39ee1295130656e"",
    ""original"": ""https:\/\/egress.storeden.net\/gallery\/6a633af5e39ee1295130656e""
}"
/Users/anna.nardi/Library/CloudStorage/OneDrive-Raccoltecondivise-DuckyNetworkS.r.l/E-Commerce - FOTO PRODOTTO 2019_2022_2023_2024_2025/DISCHI/EPTA/EP144L.jpg,EP144L,41159482,OK,"{
    ""image_id"": ""6a633b00be7ea04bf26461e1"",
    ""thumbnail"": ""https:\/\/cdn.storeden.net\/secache\/6a633b00be7ea04bf26461e1"",
    ""original"": ""https:\/\/egress.storeden.net\/gallery\/6a633b00be7ea04bf26461e1""
}"
/Users/anna.nardi/Library/CloudStorage/OneDrive-Raccoltecondivise-DuckyNetworkS.r.l/E-Commerce - FOTO PRODOTTO 2019_2022_2023_2024_2025/DISCHI/EPTA/EP144R.jpg,EP144R,41159483,OK,"{
    ""image_id"": ""6a633b0be39ee1fb503065c2"",
    ""thumbnail"": ""https:\/\/cdn.storeden.net\/secache\/6a633b0be39ee1fb503065c2"",
    ""original"": ""https:\/\/egress.storeden.net\/gallery\/6a633b0be39ee1fb503065c2""
}"
/Users/anna.nardi/Library/CloudStorage/OneDrive-Raccoltecondivise-DuckyNetworkS.r.l/E-Commerce - FOTO PRODOTTO 2019_2022_2023_2024_2025/DISCHI/EPTA/EP146L.jpg,EP146L,41232095,OK,"{
    ""image_id"": ""6a633b11e39ee11b5130657f"",
    ""thumbnail"": ""https:\/\/cdn.storeden.net\/secache\/6a633b11e39ee11b5130657f"",
    ""original"": ""https:\/\/egress.storeden.net\/gallery\/6a633b11e39ee11b5130657f""
}"
/Users/anna.nardi/Library/CloudStorage/OneDrive-Raccoltecondivise-DuckyNetworkS.r.l/E-Commerce - FOTO PRODOTTO 2019_2022_2023_2024_2025/DISCHI/EPTA/EP146R.jpg,EP146R,41232096,OK,"{
    ""image_id"": ""6a633b19e39ee1ec51306518"",
    ""thumbnail"": ""https:\/\/cdn.storeden.net\/secache\/6a633b19e39ee1ec51306518"",
    ""original"": ""https:\/\/egress.storeden.net\/gallery\/6a633b19e39ee1ec51306518""
}"
/Users/anna.nardi/Library/CloudStorage/OneDrive-Raccoltecondivise-DuckyNetworkS.r.l/E-Commerce - FOTO PRODOTTO 2019_2022_2023_2024_2025/DISCHI/EPTA/EP149L.jpg,EP149L,41159484,OK,"{
    ""image_id"": ""6a633b22e39ee1ec51306535"",
    ""thumbnail"": ""https:\/\/cdn.storeden.net\/secache\/6a633b22e39ee1ec51306535"",
    ""original"": ""https:\/\/egress.storeden.net\/gallery\/6a633b22e39ee1ec51306535""
}"
/Users/anna.nardi/Library/CloudStorage/OneDrive-Raccoltecondivise-DuckyNetworkS.r.l/E-Commerce - FOTO PRODOTTO 2019_2022_2023_2024_2025/DISCHI/EPTA/EP149R.jpg,EP149R,41159485,OK,"{
    ""image_id"": ""6a633b29e39ee1fb503065e3"",
    ""thumbnail"": ""https:\/\/cdn.storeden.net\/secache\/6a633b29e39ee1fb503065e3"",
    ""original"": ""https:\/\/egress.storeden.net\/gallery\/6a633b29e39ee1fb503065e3""
}"
/Users/anna.nardi/Library/CloudStorage/OneDrive-Raccoltecondivise-DuckyNetworkS.r.l/E-Commerce - FOTO PRODOTTO 2019_2022_2023_2024_2025/DISCHI/EPTA/EP153L.jpg,EP153L,41159486,OK,"{
    ""image_id"": ""6a633b2ce39ee1b64f306633"",
    ""thumbnail"": ""https:\/\/cdn.storeden.net\/secache\/6a633b2ce39ee1b64f306633"",
    ""original"": ""https:\/\/egress.storeden.net\/gallery\/6a633b2ce39ee1b64f306633""
}"
/Users/anna.nardi/Library/CloudStorage/OneDrive-Raccoltecondivise-DuckyNetworkS.r.l/E-Commerce - FOTO PRODOTTO 2019_2022_2023_2024_2025/DISCHI/EPTA/EP153R.jpg,EP153R,41159487,OK,"{
    ""image_id"": ""6a633b2ee39ee1a1503065e8"",
    ""thumbnail"": ""https:\/\/cdn.storeden.net\/secache\/6a633b2ee39ee1a1503065e8"",
    ""original"": ""https:\/\/egress.storeden.net\/gallery\/6a633b2ee39ee1a1503065e8""
}"
/Users/anna.nardi/Library/CloudStorage/OneDrive-Raccoltecondivise-DuckyNetworkS.r.l/E-Commerce - FOTO PRODOTTO 2019_2022_2023_2024_2025/DISCHI/EPTA/EP158L.jpg,EP158L,41159490,OK,"{
    ""image_id"": ""6a633b30be7ea079e1646221"",
    ""thumbnail"": ""https:\/\/cdn.storeden.net\/secache\/6a633b30be7ea079e1646221"",
    ""original"": ""https:\/\/egress.storeden.net\/gallery\/6a633b30be7ea079e1646221""
}"
/Users/anna.nardi/Library/CloudStorage/OneDrive-Raccoltecondivise-DuckyNetworkS.r.l/E-Commerce - FOTO PRODOTTO 2019_2022_2023_2024_2025/DISCHI/EPTA/EP158R.jpg,EP158R,41159491,OK,"{
    ""image_id"": ""6a633b32e39ee12951306581"",
    ""thumbnail"": ""https:\/\/cdn.storeden.net\/secache\/6a633b32e39ee12951306581"",
    ""original"": ""https:\/\/egress.storeden.net\/gallery\/6a633b32e39ee12951306581""
}"
/Users/anna.nardi/Library/CloudStorage/OneDrive-Raccoltecondivise-DuckyNetworkS.r.l/E-Commerce - FOTO PRODOTTO 2019_2022_2023_2024_2025/DISCHI/EPTA/EP159R.jpg,EP159R,41159492,OK,"{
    ""image_id"": ""6a633b35e39ee11b52306514"",
    ""thumbnail"": ""https:\/\/cdn.storeden.net\/secache\/6a633b35e39ee11b52306514"",
    ""original"": ""https:\/\/egress.storeden.net\/gallery\/6a633b35e39ee11b52306514""
}"
/Users/anna.nardi/Library/CloudStorage/OneDrive-Raccoltecondivise-DuckyNetworkS.r.l/E-Commerce - FOTO PRODOTTO 2019_2022_2023_2024_2025/DISCHI/EPTA STAGE 0/EPR101L.jpg,EPR101L,41159505,OK,"{
    ""image_id"": ""6a633b38e39ee17850306612"",
    ""thumbnail"": ""https:\/\/cdn.storeden.net\/secache\/6a633b38e39ee17850306612"",
    ""original"": ""https:\/\/egress.storeden.net\/gallery\/6a633b38e39ee17850306612""
}"
/Users/anna.nardi/Library/CloudStorage/OneDrive-Raccoltecondivise-DuckyNetworkS.r.l/E-Commerce - FOTO PRODOTTO 2019_2022_2023_2024_2025/DISCHI/EPTA STAGE 0/EPR101R/EPR101R.jpg,EPR101R,41232099,OK,"{
    ""image_id"": ""6a633b3be39ee1ec51306554"",
    ""thumbnail"": ""https:\/\/cdn.storeden.net\/secache\/6a633b3be39ee1ec51306554"",
    ""original"": ""https:\/\/egress.storeden.net\/gallery\/6a633b3be39ee1ec51306554""
}"
/Users/anna.nardi/Library/CloudStorage/OneDrive-Raccoltecondivise-DuckyNetworkS.r.l/E-Commerce - FOTO PRODOTTO 2019_2022_2023_2024_2025/DISCHI/EPTA STAGE 0/EPR117L.jpg,EPR117L,41159510,OK,"{
    ""image_id"": ""6a633b41be7ea094e6646202"",
    ""thumbnail"": ""https:\/\/cdn.storeden.net\/secache\/6a633b41be7ea094e6646202"",
    ""original"": ""https:\/\/egress.storeden.net\/gallery\/6a633b41be7ea094e6646202""
}"
/Users/anna.nardi/Library/CloudStorage/OneDrive-Raccoltecondivise-DuckyNetworkS.r.l/E-Commerce - FOTO PRODOTTO 2019_2022_2023_2024_2025/DISCHI/EPTA STAGE 0/EPR117R.jpg,EPR117R,41159511,OK,"{
    ""image_id"": ""6a633b45e39ee1b751306532"",
    ""thumbnail"": ""https:\/\/cdn.storeden.net\/secache\/6a633b45e39ee1b751306532"",
    ""original"": ""https:\/\/egress.storeden.net\/gallery\/6a633b45e39ee1b751306532""
}"
/Users/anna.nardi/Library/CloudStorage/OneDrive-Raccoltecondivise-DuckyNetworkS.r.l/E-Commerce - FOTO PRODOTTO 2019_2022_2023_2024_2025/DISCHI/EPTA STAGE 0/EPR136L.jpg,EPR136L,41232100,OK,"{
    ""image_id"": ""6a633b4ae39ee1ec51306563"",
    ""thumbnail"": ""https:\/\/cdn.storeden.net\/secache\/6a633b4ae39ee1ec51306563"",
    ""original"": ""https:\/\/egress.storeden.net\/gallery\/6a633b4ae39ee1ec51306563""
}"
/Users/anna.nardi/Library/CloudStorage/OneDrive-Raccoltecondivise-DuckyNetworkS.r.l/E-Commerce - FOTO PRODOTTO 2019_2022_2023_2024_2025/DISCHI/EPTA STAGE 0/EPR145L.jpg,EPR145L,41159512,OK,"{
    ""image_id"": ""6a633b4ebe7ea039e66463c9"",
    ""thumbnail"": ""https:\/\/cdn.storeden.net\/secache\/6a633b4ebe7ea039e66463c9"",
    ""original"": ""https:\/\/egress.storeden.net\/gallery\/6a633b4ebe7ea039e66463c9""
}"
/Users/anna.nardi/Library/CloudStorage/OneDrive-Raccoltecondivise-DuckyNetworkS.r.l/E-Commerce - FOTO PRODOTTO 2019_2022_2023_2024_2025/DISCHI/EPTA STAGE 0/EPR145R.jpg,EPR145R,41159513,OK,"{
    ""image_id"": ""6a633b58e39ee1535130656c"",
    ""thumbnail"": ""https:\/\/cdn.storeden.net\/secache\/6a633b58e39ee1535130656c"",
    ""original"": ""https:\/\/egress.storeden.net\/gallery\/6a633b58e39ee1535130656c""
}"
/Users/anna.nardi/Library/CloudStorage/OneDrive-Raccoltecondivise-DuckyNetworkS.r.l/E-Commerce - FOTO PRODOTTO 2019_2022_2023_2024_2025/DISCHI/EPTA STAGE 0/EPR146L.jpg,EPR146L,41159514,OK,"{
    ""image_id"": ""6a633b60e39ee13e52306514"",
    ""thumbnail"": ""https:\/\/cdn.storeden.net\/secache\/6a633b60e39ee13e52306514"",
    ""original"": ""https:\/\/egress.storeden.net\/gallery\/6a633b60e39ee13e52306514""
}"
/Users/anna.nardi/Library/CloudStorage/OneDrive-Raccoltecondivise-DuckyNetworkS.r.l/E-Commerce - FOTO PRODOTTO 2019_2022_2023_2024_2025/DISCHI/EPTA STAGE 0/EPR146R.jpg,EPR146R,41159515,OK,"{
    ""image_id"": ""6a633b67e39ee11b52306534"",
    ""thumbnail"": ""https:\/\/cdn.storeden.net\/secache\/6a633b67e39ee11b52306534"",
    ""original"": ""https:\/\/egress.storeden.net\/gallery\/6a633b67e39ee11b52306534""
}"
/Users/anna.nardi/Library/CloudStorage/OneDrive-Raccoltecondivise-DuckyNetworkS.r.l/E-Commerce - FOTO PRODOTTO 2019_2022_2023_2024_2025/DISCHI/EPTA STAGE 0/EPR149L.jpg,EPR149L,41159518,OK,"{
    ""image_id"": ""6a633b6be39ee10852306527"",
    ""thumbnail"": ""https:\/\/cdn.storeden.net\/secache\/6a633b6be39ee10852306527"",
    ""original"": ""https:\/\/egress.storeden.net\/gallery\/6a633b6be39ee10852306527""
}"
/Users/anna.nardi/Library/CloudStorage/OneDrive-Raccoltecondivise-DuckyNetworkS.r.l/E-Commerce - FOTO PRODOTTO 2019_2022_2023_2024_2025/DISCHI/EPTA STAGE 0/EPR149R.jpg,EPR149R,41159519,OK,"{
    ""image_id"": ""6a633b6fe39ee14652306514"",
    ""thumbnail"": ""https:\/\/cdn.storeden.net\/secache\/6a633b6fe39ee14652306514"",
    ""original"": ""https:\/\/egress.storeden.net\/gallery\/6a633b6fe39ee14652306514""
}"
/Users/anna.nardi/Library/CloudStorage/OneDrive-Raccoltecondivise-DuckyNetworkS.r.l/E-Commerce - FOTO PRODOTTO 2019_2022_2023_2024_2025/DISCHI/EPTA STAGE 0/EPR153L.jpg,EPR153L,41232102,OK,"{
    ""image_id"": ""6a633b73e39ee1fb50306604"",
    ""thumbnail"": ""https:\/\/cdn.storeden.net\/secache\/6a633b73e39ee1fb50306604"",
    ""original"": ""https:\/\/egress.storeden.net\/gallery\/6a633b73e39ee1fb50306604""
}"
/Users/anna.nardi/Library/CloudStorage/OneDrive-Raccoltecondivise-DuckyNetworkS.r.l/E-Commerce - FOTO PRODOTTO 2019_2022_2023_2024_2025/DISCHI/EPTA STAGE 0/EPR153R.jpg,EPR153R,41232103,OK,"{
    ""image_id"": ""6a633b77be7ea004ee6461ed"",
    ""thumbnail"": ""https:\/\/cdn.storeden.net\/secache\/6a633b77be7ea004ee6461ed"",
    ""original"": ""https:\/\/egress.storeden.net\/gallery\/6a633b77be7ea004ee6461ed""
}"
/Users/anna.nardi/Library/CloudStorage/OneDrive-Raccoltecondivise-DuckyNetworkS.r.l/E-Commerce - FOTO PRODOTTO 2019_2022_2023_2024_2025/DISCHI/EPTA STAGE 0/EPR155L.jpg,EPR155L,41159520,OK,"{
    ""image_id"": ""6a633b7ce39ee1c75130655c"",
    ""thumbnail"": ""https:\/\/cdn.storeden.net\/secache\/6a633b7ce39ee1c75130655c"",
    ""original"": ""https:\/\/egress.storeden.net\/gallery\/6a633b7ce39ee1c75130655c""
}"
/Users/anna.nardi/Library/CloudStorage/OneDrive-Raccoltecondivise-DuckyNetworkS.r.l/E-Commerce - FOTO PRODOTTO 2019_2022_2023_2024_2025/DISCHI/EPTA STAGE 0/EPR155R.jpg,EPR155R,41159521,OK,"{
    ""image_id"": ""6a633b81be7ea054f96461b9"",
    ""thumbnail"": ""https:\/\/cdn.storeden.net\/secache\/6a633b81be7ea054f96461b9"",
    ""original"": ""https:\/\/egress.storeden.net\/gallery\/6a633b81be7ea054f96461b9""
}"
/Users/anna.nardi/Library/CloudStorage/OneDrive-Raccoltecondivise-DuckyNetworkS.r.l/E-Commerce - FOTO PRODOTTO 2019_2022_2023_2024_2025/DISCHI/EPTA STAGE 0/EPR156L.jpg,EPR156L,41159522,OK,"{
    ""image_id"": ""6a633b88e39ee17a50306614"",
    ""thumbnail"": ""https:\/\/cdn.storeden.net\/secache\/6a633b88e39ee17a50306614"",
    ""original"": ""https:\/\/egress.storeden.net\/gallery\/6a633b88e39ee17a50306614""
}"
/Users/anna.nardi/Library/CloudStorage/OneDrive-Raccoltecondivise-DuckyNetworkS.r.l/E-Commerce - FOTO PRODOTTO 2019_2022_2023_2024_2025/DISCHI/EPTA STAGE 0/EPR156R.jpg,EPR156R,41159523,OK,"{
    ""image_id"": ""6a633b8de39ee10852306533"",
    ""thumbnail"": ""https:\/\/cdn.storeden.net\/secache\/6a633b8de39ee10852306533"",
    ""original"": ""https:\/\/egress.storeden.net\/gallery\/6a633b8de39ee10852306533""
}"
/Users/anna.nardi/Library/CloudStorage/OneDrive-Raccoltecondivise-DuckyNetworkS.r.l/E-Commerce - FOTO PRODOTTO 2019_2022_2023_2024_2025/DISCHI/EPTA STAGE 0/EPR158L.jpg,EPR158L,41159524,OK,"{
    ""image_id"": ""6a633b92e39ee14652306520"",
    ""thumbnail"": ""https:\/\/cdn.storeden.net\/secache\/6a633b92e39ee14652306520"",
    ""original"": ""https:\/\/egress.storeden.net\/gallery\/6a633b92e39ee14652306520""
}"
/Users/anna.nardi/Library/CloudStorage/OneDrive-Raccoltecondivise-DuckyNetworkS.r.l/E-Commerce - FOTO PRODOTTO 2019_2022_2023_2024_2025/DISCHI/EPTA STAGE 0/EPR158R.jpg,EPR158R,41159525,OK,"{
    ""image_id"": ""6a633b97e39ee1fb50306611"",
    ""thumbnail"": ""https:\/\/cdn.storeden.net\/secache\/6a633b97e39ee1fb50306611"",
    ""original"": ""https:\/\/egress.storeden.net\/gallery\/6a633b97e39ee1fb50306611""
}"
/Users/anna.nardi/Library/CloudStorage/OneDrive-Raccoltecondivise-DuckyNetworkS.r.l/E-Commerce - FOTO PRODOTTO 2019_2022_2023_2024_2025/DISCHI/W-FLO/GA04FLD.jpg,GA04FLD,41159536,OK,"{
    ""image_id"": ""6a633b9ce39ee1535130657f"",
    ""thumbnail"": ""https:\/\/cdn.storeden.net\/secache\/6a633b9ce39ee1535130657f"",
    ""original"": ""https:\/\/egress.storeden.net\/gallery\/6a633b9ce39ee1535130657f""
}"
/Users/anna.nardi/Library/CloudStorage/OneDrive-Raccoltecondivise-DuckyNetworkS.r.l/E-Commerce - FOTO PRODOTTO 2019_2022_2023_2024_2025/DISCHI/W-FIX/GL01RID.jpg,GL01RID,41159537,OK,"{
    ""image_id"": ""6a633ba1e39ee1b751306546"",
    ""thumbnail"": ""https:\/\/cdn.storeden.net\/secache\/6a633ba1e39ee1b751306546"",
    ""original"": ""https:\/\/egress.storeden.net\/gallery\/6a633ba1e39ee1b751306546""
}"
/Users/anna.nardi/Library/CloudStorage/OneDrive-Raccoltecondivise-DuckyNetworkS.r.l/E-Commerce - FOTO PRODOTTO 2019_2022_2023_2024_2025/DISCHI/W-FIX/GL06FID.jpg,GL06FID,41159538,OK,"{
    ""image_id"": ""6a633ba6e39ee1ec51306577"",
    ""thumbnail"": ""https:\/\/cdn.storeden.net\/secache\/6a633ba6e39ee1ec51306577"",
    ""original"": ""https:\/\/egress.storeden.net\/gallery\/6a633ba6e39ee1ec51306577""
}"
/Users/anna.nardi/Library/CloudStorage/OneDrive-Raccoltecondivise-DuckyNetworkS.r.l/E-Commerce - FOTO PRODOTTO 2019_2022_2023_2024_2025/DISCHI/W-FIX/GL06RID.jpg,GL06RID,41159539,OK,"{
    ""image_id"": ""6a633badbe7ea04ff96461b9"",
    ""thumbnail"": ""https:\/\/cdn.storeden.net\/secache\/6a633badbe7ea04ff96461b9"",
    ""original"": ""https:\/\/egress.storeden.net\/gallery\/6a633badbe7ea04ff96461b9""
}"
/Users/anna.nardi/Library/CloudStorage/OneDrive-Raccoltecondivise-DuckyNetworkS.r.l/E-Commerce - FOTO PRODOTTO 2019_2022_2023_2024_2025/DISCHI/R-FIX/HD01FI.jpg,HD01FI,41159557,OK,"{
    ""image_id"": ""6a633bb7e39ee11b5230654c"",
    ""thumbnail"": ""https:\/\/cdn.storeden.net\/secache\/6a633bb7e39ee11b5230654c"",
    ""original"": ""https:\/\/egress.storeden.net\/gallery\/6a633bb7e39ee11b5230654c""
}"
/Users/anna.nardi/Library/CloudStorage/OneDrive-Raccoltecondivise-DuckyNetworkS.r.l/E-Commerce - FOTO PRODOTTO 2019_2022_2023_2024_2025/DISCHI/R-FLO/HD01FL.jpg,HD01FL,41159558,OK,"{
    ""image_id"": ""6a633bbde39ee1ca4f306663"",
    ""thumbnail"": ""https:\/\/cdn.storeden.net\/secache\/6a633bbde39ee1ca4f306663"",
    ""original"": ""https:\/\/egress.storeden.net\/gallery\/6a633bbde39ee1ca4f306663""
}"
/Users/anna.nardi/Library/CloudStorage/OneDrive-Raccoltecondivise-DuckyNetworkS.r.l/E-Commerce - FOTO PRODOTTO 2019_2022_2023_2024_2025/DISCHI/R-FIX/HD01RI.jpg,HD01RI,41159559,OK,"{
    ""image_id"": ""6a633bc3be7ea00cf06461e0"",
    ""thumbnail"": ""https:\/\/cdn.storeden.net\/secache\/6a633bc3be7ea00cf06461e0"",
    ""original"": ""https:\/\/egress.storeden.net\/gallery\/6a633bc3be7ea00cf06461e0""
}"
/Users/anna.nardi/Library/CloudStorage/OneDrive-Raccoltecondivise-DuckyNetworkS.r.l/E-Commerce - FOTO PRODOTTO 2019_2022_2023_2024_2025/DISCHI/R-FLO/HD01RL.jpg,HD01RL,41159560,OK,"{
    ""image_id"": ""6a633bcde39ee17a50306630"",
    ""thumbnail"": ""https:\/\/cdn.storeden.net\/secache\/6a633bcde39ee17a50306630"",
    ""original"": ""https:\/\/egress.storeden.net\/gallery\/6a633bcde39ee17a50306630""
}"
/Users/anna.nardi/Library/CloudStorage/OneDrive-Raccoltecondivise-DuckyNetworkS.r.l/E-Commerce - FOTO PRODOTTO 2019_2022_2023_2024_2025/DISCHI/HUMMER/HD03FLD.jpg,HD03FLD,41159561,OK,"{
    ""image_id"": ""6a633bd4e39ee19152306517"",
    ""thumbnail"": ""https:\/\/cdn.storeden.net\/secache\/6a633bd4e39ee19152306517"",
    ""original"": ""https:\/\/egress.storeden.net\/gallery\/6a633bd4e39ee19152306517""
}"
/Users/anna.nardi/Library/CloudStorage/OneDrive-Raccoltecondivise-DuckyNetworkS.r.l/E-Commerce - FOTO PRODOTTO 2019_2022_2023_2024_2025/DISCHI/HUMMER/HD03RLD.jpg,HD03RLD,41232105,OK,"{
    ""image_id"": ""6a633bdde39ee13b52306546"",
    ""thumbnail"": ""https:\/\/cdn.storeden.net\/secache\/6a633bdde39ee13b52306546"",
    ""original"": ""https:\/\/egress.storeden.net\/gallery\/6a633bdde39ee13b52306546""
}"
/Users/anna.nardi/Library/CloudStorage/OneDrive-Raccoltecondivise-DuckyNetworkS.r.l/E-Commerce - FOTO PRODOTTO 2019_2022_2023_2024_2025/DISCHI/HUMMER/HD09FLD.jpg,HD09FLD,41159562,OK,"{
    ""image_id"": ""6a633be6e39ee1085230654f"",
    ""thumbnail"": ""https:\/\/cdn.storeden.net\/secache\/6a633be6e39ee1085230654f"",
    ""original"": ""https:\/\/egress.storeden.net\/gallery\/6a633be6e39ee1085230654f""
}"
/Users/anna.nardi/Library/CloudStorage/OneDrive-Raccoltecondivise-DuckyNetworkS.r.l/E-Commerce - FOTO PRODOTTO 2019_2022_2023_2024_2025/DISCHI/R-FIX/HD292R.jpg,HD292R,41159563,OK,"{
    ""image_id"": ""6a633bf4e39ee10852306562"",
    ""thumbnail"": ""https:\/\/cdn.storeden.net\/secache\/6a633bf4e39ee10852306562"",
    ""original"": ""https:\/\/egress.storeden.net\/gallery\/6a633bf4e39ee10852306562""
}"
/Users/anna.nardi/Library/CloudStorage/OneDrive-Raccoltecondivise-DuckyNetworkS.r.l/E-Commerce - FOTO PRODOTTO 2019_2022_2023_2024_2025/DISCHI/R-FLO/HD292RFL.jpg,HD292RFL,41159564,OK,"{
    ""image_id"": ""6a633c00e39ee10852306575"",
    ""thumbnail"": ""https:\/\/cdn.storeden.net\/secache\/6a633c00e39ee10852306575"",
    ""original"": ""https:\/\/egress.storeden.net\/gallery\/6a633c00e39ee10852306575""
}"
/Users/anna.nardi/Library/CloudStorage/OneDrive-Raccoltecondivise-DuckyNetworkS.r.l/E-Commerce - FOTO PRODOTTO 2019_2022_2023_2024_2025/DISCHI/R-FLO/HD292SFL.jpg,HD292SFL,41159565,OK,"{
    ""image_id"": ""6a633c0be39ee1fb50306621"",
    ""thumbnail"": ""https:\/\/cdn.storeden.net\/secache\/6a633c0be39ee1fb50306621"",
    ""original"": ""https:\/\/egress.storeden.net\/gallery\/6a633c0be39ee1fb50306621""
}"
/Users/anna.nardi/Library/CloudStorage/OneDrive-Raccoltecondivise-DuckyNetworkS.r.l/E-Commerce - FOTO PRODOTTO 2019_2022_2023_2024_2025/DISCHI/R-FIX/HDF.jpg,HDF,41159566,OK,"{
    ""image_id"": ""6a633c16be7ea033f26461e4"",
    ""thumbnail"": ""https:\/\/cdn.storeden.net\/secache\/6a633c16be7ea033f26461e4"",
    ""original"": ""https:\/\/egress.storeden.net\/gallery\/6a633c16be7ea033f26461e4""
}"
/Users/anna.nardi/Library/CloudStorage/OneDrive-Raccoltecondivise-DuckyNetworkS.r.l/E-Commerce - FOTO PRODOTTO 2019_2022_2023_2024_2025/DISCHI/R-FLO/HDFFL.jpg,HDFFL,41159567,OK,"{
    ""image_id"": ""6a633c22e39ee11b52306567"",
    ""thumbnail"": ""https:\/\/cdn.storeden.net\/secache\/6a633c22e39ee11b52306567"",
    ""original"": ""https:\/\/egress.storeden.net\/gallery\/6a633c22e39ee11b52306567""
}"
/Users/anna.nardi/Library/CloudStorage/OneDrive-Raccoltecondivise-DuckyNetworkS.r.l/E-Commerce - FOTO PRODOTTO 2019_2022_2023_2024_2025/DISCHI/R-FIX/HDR.jpg,HDR,41159568,OK,"{
    ""image_id"": ""6a633c2fe39ee1fb50306656"",
    ""thumbnail"": ""https:\/\/cdn.storeden.net\/secache\/6a633c2fe39ee1fb50306656"",
    ""original"": ""https:\/\/egress.storeden.net\/gallery\/6a633c2fe39ee1fb50306656""
}"
/Users/anna.nardi/Library/CloudStorage/OneDrive-Raccoltecondivise-DuckyNetworkS.r.l/E-Commerce - FOTO PRODOTTO 2019_2022_2023_2024_2025/DISCHI/R-FLO/HDRFL.jpg,HDRFL,41159569,OK,"{
    ""image_id"": ""6a633c38e39ee1085230658f"",
    ""thumbnail"": ""https:\/\/cdn.storeden.net\/secache\/6a633c38e39ee1085230658f"",
    ""original"": ""https:\/\/egress.storeden.net\/gallery\/6a633c38e39ee1085230658f""
}"
/Users/anna.nardi/Library/CloudStorage/OneDrive-Raccoltecondivise-DuckyNetworkS.r.l/E-Commerce - FOTO PRODOTTO 2019_2022_2023_2024_2025/DISCHI/R-FIX/HO02RI.jpg,HO02RI,41159570,OK,"{
    ""image_id"": ""6a633c41e39ee19152306563"",
    ""thumbnail"": ""https:\/\/cdn.storeden.net\/secache\/6a633c41e39ee19152306563"",
    ""original"": ""https:\/\/egress.storeden.net\/gallery\/6a633c41e39ee19152306563""
}"
/Users/anna.nardi/Library/CloudStorage/OneDrive-Raccoltecondivise-DuckyNetworkS.r.l/E-Commerce - FOTO PRODOTTO 2019_2022_2023_2024_2025/DISCHI/R-FIX/HO03FI.jpg,HO03FI,41159571,OK,"{
    ""image_id"": ""6a633c4ae39ee1215330652e"",
    ""thumbnail"": ""https:\/\/cdn.storeden.net\/secache\/6a633c4ae39ee1215330652e"",
    ""original"": ""https:\/\/egress.storeden.net\/gallery\/6a633c4ae39ee1215330652e""
}"
/Users/anna.nardi/Library/CloudStorage/OneDrive-Raccoltecondivise-DuckyNetworkS.r.l/E-Commerce - FOTO PRODOTTO 2019_2022_2023_2024_2025/DISCHI/R-FIX/HO03RI.jpg,HO03RI,41159572,OK,"{
    ""image_id"": ""6a633c53e39ee13b52306676"",
    ""thumbnail"": ""https:\/\/cdn.storeden.net\/secache\/6a633c53e39ee13b52306676"",
    ""original"": ""https:\/\/egress.storeden.net\/gallery\/6a633c53e39ee13b52306676""
}"
/Users/anna.nardi/Library/CloudStorage/OneDrive-Raccoltecondivise-DuckyNetworkS.r.l/E-Commerce - FOTO PRODOTTO 2019_2022_2023_2024_2025/DISCHI/R-FIX/HO04FI.jpg,HO04FI,41159573,OK,"{
    ""image_id"": ""6a633c5be39ee17853306518"",
    ""thumbnail"": ""https:\/\/cdn.storeden.net\/secache\/6a633c5be39ee17853306518"",
    ""original"": ""https:\/\/egress.storeden.net\/gallery\/6a633c5be39ee17853306518""
}"
/Users/anna.nardi/Library/CloudStorage/OneDrive-Raccoltecondivise-DuckyNetworkS.r.l/E-Commerce - FOTO PRODOTTO 2019_2022_2023_2024_2025/DISCHI/R-FIX/HO05FI.jpg,HO05FI,41159574,OK,"{
    ""image_id"": ""6a633c61be7ea01cf96461bf"",
    ""thumbnail"": ""https:\/\/cdn.storeden.net\/secache\/6a633c61be7ea01cf96461bf"",
    ""original"": ""https:\/\/egress.storeden.net\/gallery\/6a633c61be7ea01cf96461bf""
}"
/Users/anna.nardi/Library/CloudStorage/OneDrive-Raccoltecondivise-DuckyNetworkS.r.l/E-Commerce - FOTO PRODOTTO 2019_2022_2023_2024_2025/DISCHI/R-FIX/HO05RI.jpg,HO05RI,41159575,OK,"{
    ""image_id"": ""6a633c6abe7ea0aed6646251"",
    ""thumbnail"": ""https:\/\/cdn.storeden.net\/secache\/6a633c6abe7ea0aed6646251"",
    ""original"": ""https:\/\/egress.storeden.net\/gallery\/6a633c6abe7ea0aed6646251""
}"
/Users/anna.nardi/Library/CloudStorage/OneDrive-Raccoltecondivise-DuckyNetworkS.r.l/E-Commerce - FOTO PRODOTTO 2019_2022_2023_2024_2025/DISCHI/W-FIX/HO05RID.jpg,HO05RID,41159576,OK,"{
    ""image_id"": ""6a633c70e39ee17d53306516"",
    ""thumbnail"": ""https:\/\/cdn.storeden.net\/secache\/6a633c70e39ee17d53306516"",
    ""original"": ""https:\/\/egress.storeden.net\/gallery\/6a633c70e39ee17d53306516""
}"
/Users/anna.nardi/Library/CloudStorage/OneDrive-Raccoltecondivise-DuckyNetworkS.r.l/E-Commerce - FOTO PRODOTTO 2019_2022_2023_2024_2025/DISCHI/W-FIX/HO06RID.jpg,HO06RID,41159577,OK,"{
    ""image_id"": ""6a633c78e39ee17753306516"",
    ""thumbnail"": ""https:\/\/cdn.storeden.net\/secache\/6a633c78e39ee17753306516"",
    ""original"": ""https:\/\/egress.storeden.net\/gallery\/6a633c78e39ee17753306516""
}"
/Users/anna.nardi/Library/CloudStorage/OneDrive-Raccoltecondivise-DuckyNetworkS.r.l/E-Commerce - FOTO PRODOTTO 2019_2022_2023_2024_2025/DISCHI/R-FIX/HO07FI.jpg,HO07FI,41159578,OK,"{
    ""image_id"": ""6a633c80e39ee18153306514"",
    ""thumbnail"": ""https:\/\/cdn.storeden.net\/secache\/6a633c80e39ee18153306514"",
    ""original"": ""https:\/\/egress.storeden.net\/gallery\/6a633c80e39ee18153306514""
}"
/Users/anna.nardi/Library/CloudStorage/OneDrive-Raccoltecondivise-DuckyNetworkS.r.l/E-Commerce - FOTO PRODOTTO 2019_2022_2023_2024_2025/DISCHI/W-FIX/HO09FID.jpg,HO09FID,41159579,OK,"{
    ""image_id"": ""6a633c87be7ea074d664627b"",
    ""thumbnail"": ""https:\/\/cdn.storeden.net\/secache\/6a633c87be7ea074d664627b"",
    ""original"": ""https:\/\/egress.storeden.net\/gallery\/6a633c87be7ea074d664627b""
}"
/Users/anna.nardi/Library/CloudStorage/OneDrive-Raccoltecondivise-DuckyNetworkS.r.l/E-Commerce - FOTO PRODOTTO 2019_2022_2023_2024_2025/DISCHI/R-FIX/HO09RI.jpg,HO09RI,41159580,OK,"{
    ""image_id"": ""6a633c8fe39ee11b523065ae"",
    ""thumbnail"": ""https:\/\/cdn.storeden.net\/secache\/6a633c8fe39ee11b523065ae"",
    ""original"": ""https:\/\/egress.storeden.net\/gallery\/6a633c8fe39ee11b523065ae""
}"
/Users/anna.nardi/Library/CloudStorage/OneDrive-Raccoltecondivise-DuckyNetworkS.r.l/E-Commerce - FOTO PRODOTTO 2019_2022_2023_2024_2025/DISCHI/W-FIX/HO09RID.jpg,HO09RID,41159581,OK,"{
    ""image_id"": ""6a633c95be7ea072f96461c5"",
    ""thumbnail"": ""https:\/\/cdn.storeden.net\/secache\/6a633c95be7ea072f96461c5"",
    ""original"": ""https:\/\/egress.storeden.net\/gallery\/6a633c95be7ea072f96461c5""
}"
/Users/anna.nardi/Library/CloudStorage/OneDrive-Raccoltecondivise-DuckyNetworkS.r.l/E-Commerce - FOTO PRODOTTO 2019_2022_2023_2024_2025/DISCHI/R-FIX/HO13FI.jpg,HO13FI,41159582,OK,"{
    ""image_id"": ""6a633ca2e39ee1805330651a"",
    ""thumbnail"": ""https:\/\/cdn.storeden.net\/secache\/6a633ca2e39ee1805330651a"",
    ""original"": ""https:\/\/egress.storeden.net\/gallery\/6a633ca2e39ee1805330651a""
}"
/Users/anna.nardi/Library/CloudStorage/OneDrive-Raccoltecondivise-DuckyNetworkS.r.l/E-Commerce - FOTO PRODOTTO 2019_2022_2023_2024_2025/DISCHI/W-FIX/HO13RID.jpg,HO13RID,41159583,OK,"{
    ""image_id"": ""6a633cabe39ee1785330653d"",
    ""thumbnail"": ""https:\/\/cdn.storeden.net\/secache\/6a633cabe39ee1785330653d"",
    ""original"": ""https:\/\/egress.storeden.net\/gallery\/6a633cabe39ee1785330653d""
}"
/Users/anna.nardi/Library/CloudStorage/OneDrive-Raccoltecondivise-DuckyNetworkS.r.l/E-Commerce - FOTO PRODOTTO 2019_2022_2023_2024_2025/DISCHI/R-FIX/HO14FI.jpg,HO14FI,41159584,OK,"{
    ""image_id"": ""6a633cb2e39ee1ae53306515"",
    ""thumbnail"": ""https:\/\/cdn.storeden.net\/secache\/6a633cb2e39ee1ae53306515"",
    ""original"": ""https:\/\/egress.storeden.net\/gallery\/6a633cb2e39ee1ae53306515""
}"
/Users/anna.nardi/Library/CloudStorage/OneDrive-Raccoltecondivise-DuckyNetworkS.r.l/E-Commerce - FOTO PRODOTTO 2019_2022_2023_2024_2025/DISCHI/R-FIX/HO17FI.jpg,HO17FI,41159585,OK,"{
    ""image_id"": ""6a633cb8e39ee1eb5230653a"",
    ""thumbnail"": ""https:\/\/cdn.storeden.net\/secache\/6a633cb8e39ee1eb5230653a"",
    ""original"": ""https:\/\/egress.storeden.net\/gallery\/6a633cb8e39ee1eb5230653a""
}"
/Users/anna.nardi/Library/CloudStorage/OneDrive-Raccoltecondivise-DuckyNetworkS.r.l/E-Commerce - FOTO PRODOTTO 2019_2022_2023_2024_2025/DISCHI/W-FIX/HO17FID.jpg,HO17FID,41159586,OK,"{
    ""image_id"": ""6a633cc0e39ee13e52306567"",
    ""thumbnail"": ""https:\/\/cdn.storeden.net\/secache\/6a633cc0e39ee13e52306567"",
    ""original"": ""https:\/\/egress.storeden.net\/gallery\/6a633cc0e39ee13e52306567""
}"
/Users/anna.nardi/Library/CloudStorage/OneDrive-Raccoltecondivise-DuckyNetworkS.r.l/E-Commerce - FOTO PRODOTTO 2019_2022_2023_2024_2025/DISCHI/W-FIX/HO18FID.jpg,HO18FID,41159588,OK,"{
    ""image_id"": ""6a633ccae39ee1b75330651b"",
    ""thumbnail"": ""https:\/\/cdn.storeden.net\/secache\/6a633ccae39ee1b75330651b"",
    ""original"": ""https:\/\/egress.storeden.net\/gallery\/6a633ccae39ee1b75330651b""
}"
/Users/anna.nardi/Library/CloudStorage/OneDrive-Raccoltecondivise-DuckyNetworkS.r.l/E-Commerce - FOTO PRODOTTO 2019_2022_2023_2024_2025/DISCHI/R-FIX/HO18RI.jpg,HO18RI,41159589,OK,"{
    ""image_id"": ""6a633cd4e39ee17853306554"",
    ""thumbnail"": ""https:\/\/cdn.storeden.net\/secache\/6a633cd4e39ee17853306554"",
    ""original"": ""https:\/\/egress.storeden.net\/gallery\/6a633cd4e39ee17853306554""
}"
/Users/anna.nardi/Library/CloudStorage/OneDrive-Raccoltecondivise-DuckyNetworkS.r.l/E-Commerce - FOTO PRODOTTO 2019_2022_2023_2024_2025/DISCHI/R-FIX/HO20FI.jpg,HO20FI,41159590,OK,"{
    ""image_id"": ""6a633cdde39ee185523065a3"",
    ""thumbnail"": ""https:\/\/cdn.storeden.net\/secache\/6a633cdde39ee185523065a3"",
    ""original"": ""https:\/\/egress.storeden.net\/gallery\/6a633cdde39ee185523065a3""
}"
/Users/anna.nardi/Library/CloudStorage/OneDrive-Raccoltecondivise-DuckyNetworkS.r.l/E-Commerce - FOTO PRODOTTO 2019_2022_2023_2024_2025/DISCHI/W-FIX/HO20FID.jpg,HO20FID,41159591,OK,"{
    ""image_id"": ""6a633ce4e39ee1b753306537"",
    ""thumbnail"": ""https:\/\/cdn.storeden.net\/secache\/6a633ce4e39ee1b753306537"",
    ""original"": ""https:\/\/egress.storeden.net\/gallery\/6a633ce4e39ee1b753306537""
}"
/Users/anna.nardi/Library/CloudStorage/OneDrive-Raccoltecondivise-DuckyNetworkS.r.l/E-Commerce - FOTO PRODOTTO 2019_2022_2023_2024_2025/DISCHI/R-FIX/HO21FI.jpg,HO21FI,41159592,OK,"{
    ""image_id"": ""6a633ceae39ee12353306549"",
    ""thumbnail"": ""https:\/\/cdn.storeden.net\/secache\/6a633ceae39ee12353306549"",
    ""original"": ""https:\/\/egress.storeden.net\/gallery\/6a633ceae39ee12353306549""
}"
/Users/anna.nardi/Library/CloudStorage/OneDrive-Raccoltecondivise-DuckyNetworkS.r.l/E-Commerce - FOTO PRODOTTO 2019_2022_2023_2024_2025/DISCHI/W-FIX/HO21FID.jpg,HO21FID,41159593,OK,"{
    ""image_id"": ""6a633cefe39ee1eb53306528"",
    ""thumbnail"": ""https:\/\/cdn.storeden.net\/secache\/6a633cefe39ee1eb53306528"",
    ""original"": ""https:\/\/egress.storeden.net\/gallery\/6a633cefe39ee1eb53306528""
}"
/Users/anna.nardi/Library/CloudStorage/OneDrive-Raccoltecondivise-DuckyNetworkS.r.l/E-Commerce - FOTO PRODOTTO 2019_2022_2023_2024_2025/DISCHI/W-FIX/HO21RID.jpg,HO21RID,41159594,OK,"{
    ""image_id"": ""6a633cf4e39ee17d53306535"",
    ""thumbnail"": ""https:\/\/cdn.storeden.net\/secache\/6a633cf4e39ee17d53306535"",
    ""original"": ""https:\/\/egress.storeden.net\/gallery\/6a633cf4e39ee17d53306535""
}"
/Users/anna.nardi/Library/CloudStorage/OneDrive-Raccoltecondivise-DuckyNetworkS.r.l/E-Commerce - FOTO PRODOTTO 2019_2022_2023_2024_2025/DISCHI/R-FIX/HO22FI.jpg,HO22FI,41159595,OK,"{
    ""image_id"": ""6a633cfee39ee185523065bb"",
    ""thumbnail"": ""https:\/\/cdn.storeden.net\/secache\/6a633cfee39ee185523065bb"",
    ""original"": ""https:\/\/egress.storeden.net\/gallery\/6a633cfee39ee185523065bb""
}"
/Users/anna.nardi/Library/CloudStorage/OneDrive-Raccoltecondivise-DuckyNetworkS.r.l/E-Commerce - FOTO PRODOTTO 2019_2022_2023_2024_2025/DISCHI/W-FIX/HO22FID.jpg,HO22FID,41159596,OK,"{
    ""image_id"": ""6a633d07e39ee1eb5330654c"",
    ""thumbnail"": ""https:\/\/cdn.storeden.net\/secache\/6a633d07e39ee1eb5330654c"",
    ""original"": ""https:\/\/egress.storeden.net\/gallery\/6a633d07e39ee1eb5330654c""
}"
/Users/anna.nardi/Library/CloudStorage/OneDrive-Raccoltecondivise-DuckyNetworkS.r.l/E-Commerce - FOTO PRODOTTO 2019_2022_2023_2024_2025/DISCHI/R-FIX/HO22RI.jpg,HO22RI,41159597,OK,"{
    ""image_id"": ""6a633d11e39ee1b753306550"",
    ""thumbnail"": ""https:\/\/cdn.storeden.net\/secache\/6a633d11e39ee1b753306550"",
    ""original"": ""https:\/\/egress.storeden.net\/gallery\/6a633d11e39ee1b753306550""
}"
/Users/anna.nardi/Library/CloudStorage/OneDrive-Raccoltecondivise-DuckyNetworkS.r.l/E-Commerce - FOTO PRODOTTO 2019_2022_2023_2024_2025/DISCHI/W-FIX/HO22RID.jpg,HO22RID,41159598,OK,"{
    ""image_id"": ""6a633d16be7ea03de6646224"",
    ""thumbnail"": ""https:\/\/cdn.storeden.net\/secache\/6a633d16be7ea03de6646224"",
    ""original"": ""https:\/\/egress.storeden.net\/gallery\/6a633d16be7ea03de6646224""
}"
/Users/anna.nardi/Library/CloudStorage/OneDrive-Raccoltecondivise-DuckyNetworkS.r.l/E-Commerce - FOTO PRODOTTO 2019_2022_2023_2024_2025/DISCHI/R-FIX/HO23FI.jpg,HO23FI,41159599,OK,"{
    ""image_id"": ""6a633d1ce39ee1b753306560"",
    ""thumbnail"": ""https:\/\/cdn.storeden.net\/secache\/6a633d1ce39ee1b753306560"",
    ""original"": ""https:\/\/egress.storeden.net\/gallery\/6a633d1ce39ee1b753306560""
}"
/Users/anna.nardi/Library/CloudStorage/OneDrive-Raccoltecondivise-DuckyNetworkS.r.l/E-Commerce - FOTO PRODOTTO 2019_2022_2023_2024_2025/DISCHI/W-FIX/HO23FID.jpg,HO23FID,41159600,OK,"{
    ""image_id"": ""6a633d29e39ee17d53306551"",
    ""thumbnail"": ""https:\/\/cdn.storeden.net\/secache\/6a633d29e39ee17d53306551"",
    ""original"": ""https:\/\/egress.storeden.net\/gallery\/6a633d29e39ee17d53306551""
}"
/Users/anna.nardi/Library/CloudStorage/OneDrive-Raccoltecondivise-DuckyNetworkS.r.l/E-Commerce - FOTO PRODOTTO 2019_2022_2023_2024_2025/DISCHI/R-FIX/HO23RI.jpg,HO23RI,41159601,OK,"{
    ""image_id"": ""6a633d32e39ee108523065c2"",
    ""thumbnail"": ""https:\/\/cdn.storeden.net\/secache\/6a633d32e39ee108523065c2"",
    ""original"": ""https:\/\/egress.storeden.net\/gallery\/6a633d32e39ee108523065c2""
}"
/Users/anna.nardi/Library/CloudStorage/OneDrive-Raccoltecondivise-DuckyNetworkS.r.l/E-Commerce - FOTO PRODOTTO 2019_2022_2023_2024_2025/DISCHI/W-FIX/HO23RID.jpg,HO23RID,41159602,OK,"{
    ""image_id"": ""6a633d3ae39ee1e75330653c"",
    ""thumbnail"": ""https:\/\/cdn.storeden.net\/secache\/6a633d3ae39ee1e75330653c"",
    ""original"": ""https:\/\/egress.storeden.net\/gallery\/6a633d3ae39ee1e75330653c""
}"
/Users/anna.nardi/Library/CloudStorage/OneDrive-Raccoltecondivise-DuckyNetworkS.r.l/E-Commerce - FOTO PRODOTTO 2019_2022_2023_2024_2025/DISCHI/W-FIX/HO24FID.jpg,HO24FID,41159603,OK,"{
    ""image_id"": ""6a633d40e39ee1ae5330654c"",
    ""thumbnail"": ""https:\/\/cdn.storeden.net\/secache\/6a633d40e39ee1ae5330654c"",
    ""original"": ""https:\/\/egress.storeden.net\/gallery\/6a633d40e39ee1ae5330654c""
}"
/Users/anna.nardi/Library/CloudStorage/OneDrive-Raccoltecondivise-DuckyNetworkS.r.l/E-Commerce - FOTO PRODOTTO 2019_2022_2023_2024_2025/DISCHI/W-FIX/HO25FID.jpg,HO25FID,41159604,OK,"{
    ""image_id"": ""6a633d45e39ee15054306514"",
    ""thumbnail"": ""https:\/\/cdn.storeden.net\/secache\/6a633d45e39ee15054306514"",
    ""original"": ""https:\/\/egress.storeden.net\/gallery\/6a633d45e39ee15054306514""
}"
/Users/anna.nardi/Library/CloudStorage/OneDrive-Raccoltecondivise-DuckyNetworkS.r.l/E-Commerce - FOTO PRODOTTO 2019_2022_2023_2024_2025/DISCHI/W-FIX/HO25RID.jpg,HO25RID,41159605,OK,"{
    ""image_id"": ""6a633d4cbe7ea047e66462a4"",
    ""thumbnail"": ""https:\/\/cdn.storeden.net\/secache\/6a633d4cbe7ea047e66462a4"",
    ""original"": ""https:\/\/egress.storeden.net\/gallery\/6a633d4cbe7ea047e66462a4""
}"
/Users/anna.nardi/Library/CloudStorage/OneDrive-Raccoltecondivise-DuckyNetworkS.r.l/E-Commerce - FOTO PRODOTTO 2019_2022_2023_2024_2025/DISCHI/W-FLO/HO26FLD.jpg,HO26FLD,41159606,OK,"{
    ""image_id"": ""6a633d5bbe7ea05af96461d5"",
    ""thumbnail"": ""https:\/\/cdn.storeden.net\/secache\/6a633d5bbe7ea05af96461d5"",
    ""original"": ""https:\/\/egress.storeden.net\/gallery\/6a633d5bbe7ea05af96461d5""
}"
/Users/anna.nardi/Library/CloudStorage/OneDrive-Raccoltecondivise-DuckyNetworkS.r.l/E-Commerce - FOTO PRODOTTO 2019_2022_2023_2024_2025/DISCHI/R-FIX/HO31RI.jpg,HO31RI,41159607,OK,"{
    ""image_id"": ""6a633d65e39ee108523065ed"",
    ""thumbnail"": ""https:\/\/cdn.storeden.net\/secache\/6a633d65e39ee108523065ed"",
    ""original"": ""https:\/\/egress.storeden.net\/gallery\/6a633d65e39ee108523065ed""
}"
/Users/anna.nardi/Library/CloudStorage/OneDrive-Raccoltecondivise-DuckyNetworkS.r.l/E-Commerce - FOTO PRODOTTO 2019_2022_2023_2024_2025/DISCHI/R-FIX/HO32FID.jpg,HO32FID,41159608,OK,"{
    ""image_id"": ""6a633d6de39ee13e523065a7"",
    ""thumbnail"": ""https:\/\/cdn.storeden.net\/secache\/6a633d6de39ee13e523065a7"",
    ""original"": ""https:\/\/egress.storeden.net\/gallery\/6a633d6de39ee13e523065a7""
}"
/Users/anna.nardi/Library/CloudStorage/OneDrive-Raccoltecondivise-DuckyNetworkS.r.l/E-Commerce - FOTO PRODOTTO 2019_2022_2023_2024_2025/DISCHI/R-FIX/HO33FI.jpg,HO33FI,41159609,OK,"{
    ""image_id"": ""6a633d74e39ee18654306548"",
    ""thumbnail"": ""https:\/\/cdn.storeden.net\/secache\/6a633d74e39ee18654306548"",
    ""original"": ""https:\/\/egress.storeden.net\/gallery\/6a633d74e39ee18654306548""
}"
/Users/anna.nardi/Library/CloudStorage/OneDrive-Raccoltecondivise-DuckyNetworkS.r.l/E-Commerce - FOTO PRODOTTO 2019_2022_2023_2024_2025/DISCHI/R-FIX/HO33RI.jpg,HO33RI,41159610,OK,"{
    ""image_id"": ""6a633d7cbe7ea097e6646279"",
    ""thumbnail"": ""https:\/\/cdn.storeden.net\/secache\/6a633d7cbe7ea097e6646279"",
    ""original"": ""https:\/\/egress.storeden.net\/gallery\/6a633d7cbe7ea097e6646279""
}"
/Users/anna.nardi/Library/CloudStorage/OneDrive-Raccoltecondivise-DuckyNetworkS.r.l/E-Commerce - FOTO PRODOTTO 2019_2022_2023_2024_2025/DISCHI/W-FIX/HO40RID.jpg,HO40RID,41159611,OK,"{
    ""image_id"": ""6a631d1b5fb8e04a47db1a63"",
    ""thumbnail"": ""https:\/\/cdn.storeden.net\/secache\/6a631d1b5fb8e04a47db1a63"",
    ""original"": ""https:\/\/egress.storeden.net\/gallery\/6a631d1b5fb8e04a47db1a63""
}"
/Users/anna.nardi/Library/CloudStorage/OneDrive-Raccoltecondivise-DuckyNetworkS.r.l/E-Commerce - FOTO PRODOTTO 2019_2022_2023_2024_2025/DISCHI/W-FIX/HO41FID.jpg,HO41FID,41159612,OK,"{
    ""image_id"": ""6a631cfbbe7ea0f85b646210"",
    ""thumbnail"": ""https:\/\/cdn.storeden.net\/secache\/6a631cfbbe7ea0f85b646210"",
    ""original"": ""https:\/\/egress.storeden.net\/gallery\/6a631cfbbe7ea0f85b646210""
}"
/Users/anna.nardi/Library/CloudStorage/OneDrive-Raccoltecondivise-DuckyNetworkS.r.l/E-Commerce - FOTO PRODOTTO 2019_2022_2023_2024_2025/DISCHI/W-FIX/HO47RID.jpg,HO47RID,41159613,OK,"{
    ""image_id"": ""6a631ce6be7ea022626461db"",
    ""thumbnail"": ""https:\/\/cdn.storeden.net\/secache\/6a631ce6be7ea022626461db"",
    ""original"": ""https:\/\/egress.storeden.net\/gallery\/6a631ce6be7ea022626461db""
}"
/Users/anna.nardi/Library/CloudStorage/OneDrive-Raccoltecondivise-DuckyNetworkS.r.l/E-Commerce - FOTO PRODOTTO 2019_2022_2023_2024_2025/DISCHI/W-FIX/HO49FID.jpg,HO49FID,41159614,OK,"{
    ""image_id"": ""6a633d91e39ee10b55306514"",
    ""thumbnail"": ""https:\/\/cdn.storeden.net\/secache\/6a633d91e39ee10b55306514"",
    ""original"": ""https:\/\/egress.storeden.net\/gallery\/6a633d91e39ee10b55306514""
}"
/Users/anna.nardi/Library/CloudStorage/OneDrive-Raccoltecondivise-DuckyNetworkS.r.l/E-Commerce - FOTO PRODOTTO 2019_2022_2023_2024_2025/DISCHI/W-FIX/HO50FID.jpg,HO50FID,41159615,OK,"{
    ""image_id"": ""6a633d95e39ee13e523065be"",
    ""thumbnail"": ""https:\/\/cdn.storeden.net\/secache\/6a633d95e39ee13e523065be"",
    ""original"": ""https:\/\/egress.storeden.net\/gallery\/6a633d95e39ee13e523065be""
}"
/Users/anna.nardi/Library/CloudStorage/OneDrive-Raccoltecondivise-DuckyNetworkS.r.l/E-Commerce - FOTO PRODOTTO 2019_2022_2023_2024_2025/DISCHI/W-FIX/HO50RID.jpg,HO50RID,41227038,OK,"{
    ""image_id"": ""6a633d9cbe7ea071026461bc"",
    ""thumbnail"": ""https:\/\/cdn.storeden.net\/secache\/6a633d9cbe7ea071026461bc"",
    ""original"": ""https:\/\/egress.storeden.net\/gallery\/6a633d9cbe7ea071026461bc""
}"
/Users/anna.nardi/Library/CloudStorage/OneDrive-Raccoltecondivise-DuckyNetworkS.r.l/E-Commerce - FOTO PRODOTTO 2019_2022_2023_2024_2025/DISCHI/W-FIX/HO51RID.jpg,HO51RID,41159616,OK,"{
    ""image_id"": ""6a633da5e39ee10655306517"",
    ""thumbnail"": ""https:\/\/cdn.storeden.net\/secache\/6a633da5e39ee10655306517"",
    ""original"": ""https:\/\/egress.storeden.net\/gallery\/6a633da5e39ee10655306517""
}"
/Users/anna.nardi/Library/CloudStorage/OneDrive-Raccoltecondivise-DuckyNetworkS.r.l/E-Commerce - FOTO PRODOTTO 2019_2022_2023_2024_2025/DISCHI/W-FIX/HO53RID.jpg,HO53RID,41159617,OK,"{
    ""image_id"": ""6a631cc82026284b67b09cbe"",
    ""thumbnail"": ""https:\/\/cdn.storeden.net\/secache\/6a631cc82026284b67b09cbe"",
    ""original"": ""https:\/\/egress.storeden.net\/gallery\/6a631cc82026284b67b09cbe""
}"
/Users/anna.nardi/Library/CloudStorage/OneDrive-Raccoltecondivise-DuckyNetworkS.r.l/E-Commerce - FOTO PRODOTTO 2019_2022_2023_2024_2025/DISCHI/W-FIX/HO55RID.jpg,HO55RID,41159618,OK,"{
    ""image_id"": ""6a633dafe39ee10c55306514"",
    ""thumbnail"": ""https:\/\/cdn.storeden.net\/secache\/6a633dafe39ee10c55306514"",
    ""original"": ""https:\/\/egress.storeden.net\/gallery\/6a633dafe39ee10c55306514""
}"
/Users/anna.nardi/Library/CloudStorage/OneDrive-Raccoltecondivise-DuckyNetworkS.r.l/E-Commerce - FOTO PRODOTTO 2019_2022_2023_2024_2025/DISCHI/W-FIX/HO60RID.jpg,HO60RID,41159619,OK,"{
    ""image_id"": ""6a633db5e39ee10e55306514"",
    ""thumbnail"": ""https:\/\/cdn.storeden.net\/secache\/6a633db5e39ee10e55306514"",
    ""original"": ""https:\/\/egress.storeden.net\/gallery\/6a633db5e39ee10e55306514""
}"
/Users/anna.nardi/Library/CloudStorage/OneDrive-Raccoltecondivise-DuckyNetworkS.r.l/E-Commerce - FOTO PRODOTTO 2019_2022_2023_2024_2025/DISCHI/W-FIX/HU09RID.jpg,HU09RID,41159620,OK,"{
    ""image_id"": ""6a633dbce39ee10d5530652e"",
    ""thumbnail"": ""https:\/\/cdn.storeden.net\/secache\/6a633dbce39ee10d5530652e"",
    ""original"": ""https:\/\/egress.storeden.net\/gallery\/6a633dbce39ee10d5530652e""
}"
/Users/anna.nardi/Library/CloudStorage/OneDrive-Raccoltecondivise-DuckyNetworkS.r.l/E-Commerce - FOTO PRODOTTO 2019_2022_2023_2024_2025/DISCHI/R-FIX/KM01FI.jpg,KM01FI,41159634,OK,"{
    ""image_id"": ""6a633dc5e39ee17054306545"",
    ""thumbnail"": ""https:\/\/cdn.storeden.net\/secache\/6a633dc5e39ee17054306545"",
    ""original"": ""https:\/\/egress.storeden.net\/gallery\/6a633dc5e39ee17054306545""
}"
/Users/anna.nardi/Library/CloudStorage/OneDrive-Raccoltecondivise-DuckyNetworkS.r.l/E-Commerce - FOTO PRODOTTO 2019_2022_2023_2024_2025/DISCHI/W-FIX/KM01FID.jpg,KM01FID,41159635,OK,"{
    ""image_id"": ""6a633dcebe7ea08bf96461cf"",
    ""thumbnail"": ""https:\/\/cdn.storeden.net\/secache\/6a633dcebe7ea08bf96461cf"",
    ""original"": ""https:\/\/egress.storeden.net\/gallery\/6a633dcebe7ea08bf96461cf""
}"
/Users/anna.nardi/Library/CloudStorage/OneDrive-Raccoltecondivise-DuckyNetworkS.r.l/E-Commerce - FOTO PRODOTTO 2019_2022_2023_2024_2025/DISCHI/R-FIX/KM04FI.jpg,KM04FI,41159636,OK,"{
    ""image_id"": ""6a633dd7be7ea050f96461d5"",
    ""thumbnail"": ""https:\/\/cdn.storeden.net\/secache\/6a633dd7be7ea050f96461d5"",
    ""original"": ""https:\/\/egress.storeden.net\/gallery\/6a633dd7be7ea050f96461d5""
}"
/Users/anna.nardi/Library/CloudStorage/OneDrive-Raccoltecondivise-DuckyNetworkS.r.l/E-Commerce - FOTO PRODOTTO 2019_2022_2023_2024_2025/DISCHI/R-FIX/KM04RI.jpg,KM04RI,41159637,OK,"{
    ""image_id"": ""6a633ddfe39ee1065530652c"",
    ""thumbnail"": ""https:\/\/cdn.storeden.net\/secache\/6a633ddfe39ee1065530652c"",
    ""original"": ""https:\/\/egress.storeden.net\/gallery\/6a633ddfe39ee1065530652c""
}"
/Users/anna.nardi/Library/CloudStorage/OneDrive-Raccoltecondivise-DuckyNetworkS.r.l/E-Commerce - FOTO PRODOTTO 2019_2022_2023_2024_2025/DISCHI/W-FIX/KM04RID.jpg,KM04RID,41159638,OK,"{
    ""image_id"": ""6a633de4e39ee10b55306539"",
    ""thumbnail"": ""https:\/\/cdn.storeden.net\/secache\/6a633de4e39ee10b55306539"",
    ""original"": ""https:\/\/egress.storeden.net\/gallery\/6a633de4e39ee10b55306539""
}"
/Users/anna.nardi/Library/CloudStorage/OneDrive-Raccoltecondivise-DuckyNetworkS.r.l/E-Commerce - FOTO PRODOTTO 2019_2022_2023_2024_2025/DISCHI/R-FIX/KM05FI.jpg,KM05FI,41159639,OK,"{
    ""image_id"": ""6a633dede39ee1705430655c"",
    ""thumbnail"": ""https:\/\/cdn.storeden.net\/secache\/6a633dede39ee1705430655c"",
    ""original"": ""https:\/\/egress.storeden.net\/gallery\/6a633dede39ee1705430655c""
}"
/Users/anna.nardi/Library/CloudStorage/OneDrive-Raccoltecondivise-DuckyNetworkS.r.l/E-Commerce - FOTO PRODOTTO 2019_2022_2023_2024_2025/DISCHI/R-FIX/KM05RI.jpg,KM05RI,41159640,OK,"{
    ""image_id"": ""6a633df6e39ee1fb54306545"",
    ""thumbnail"": ""https:\/\/cdn.storeden.net\/secache\/6a633df6e39ee1fb54306545"",
    ""original"": ""https:\/\/egress.storeden.net\/gallery\/6a633df6e39ee1fb54306545""
}"
/Users/anna.nardi/Library/CloudStorage/OneDrive-Raccoltecondivise-DuckyNetworkS.r.l/E-Commerce - FOTO PRODOTTO 2019_2022_2023_2024_2025/DISCHI/W-FIX/KM05RID.jpg,KM05RID,41159641,OK,"{
    ""image_id"": ""6a633e00e39ee10b55306558"",
    ""thumbnail"": ""https:\/\/cdn.storeden.net\/secache\/6a633e00e39ee10b55306558"",
    ""original"": ""https:\/\/egress.storeden.net\/gallery\/6a633e00e39ee10b55306558""
}"
/Users/anna.nardi/Library/CloudStorage/OneDrive-Raccoltecondivise-DuckyNetworkS.r.l/E-Commerce - FOTO PRODOTTO 2019_2022_2023_2024_2025/KR/KR0007.jpg,KR0007,41159642,OK,"{
    ""image_id"": ""6a633e04e39ee1705430658a"",
    ""thumbnail"": ""https:\/\/cdn.storeden.net\/secache\/6a633e04e39ee1705430658a"",
    ""original"": ""https:\/\/egress.storeden.net\/gallery\/6a633e04e39ee1705430658a""
}"
/Users/anna.nardi/Library/CloudStorage/OneDrive-Raccoltecondivise-DuckyNetworkS.r.l/E-Commerce - FOTO PRODOTTO 2019_2022_2023_2024_2025/KR/KR0039.jpg,KR0039,41159646,OK,"{
    ""image_id"": ""6a633e06be7ea067026461c2"",
    ""thumbnail"": ""https:\/\/cdn.storeden.net\/secache\/6a633e06be7ea067026461c2"",
    ""original"": ""https:\/\/egress.storeden.net\/gallery\/6a633e06be7ea067026461c2""
}"
/Users/anna.nardi/Library/CloudStorage/OneDrive-Raccoltecondivise-DuckyNetworkS.r.l/E-Commerce - FOTO PRODOTTO 2019_2022_2023_2024_2025/KR/KR0049.jpg,KR0049,41159650,OK,"{
    ""image_id"": ""6a633e08e39ee10c55306561"",
    ""thumbnail"": ""https:\/\/cdn.storeden.net\/secache\/6a633e08e39ee10c55306561"",
    ""original"": ""https:\/\/egress.storeden.net\/gallery\/6a633e08e39ee10c55306561""
}"
/Users/anna.nardi/Library/CloudStorage/OneDrive-Raccoltecondivise-DuckyNetworkS.r.l/E-Commerce - FOTO PRODOTTO 2019_2022_2023_2024_2025/KR/KR0050.jpg,KR0050,41159651,OK,"{
    ""image_id"": ""6a633e09e39ee17355306524"",
    ""thumbnail"": ""https:\/\/cdn.storeden.net\/secache\/6a633e09e39ee17355306524"",
    ""original"": ""https:\/\/egress.storeden.net\/gallery\/6a633e09e39ee17355306524""
}"
/Users/anna.nardi/Library/CloudStorage/OneDrive-Raccoltecondivise-DuckyNetworkS.r.l/E-Commerce - FOTO PRODOTTO 2019_2022_2023_2024_2025/KR/KR0051.jpg,KR0051,41159652,OK,"{
    ""image_id"": ""6a633e0be39ee18155306514"",
    ""thumbnail"": ""https:\/\/cdn.storeden.net\/secache\/6a633e0be39ee18155306514"",
    ""original"": ""https:\/\/egress.storeden.net\/gallery\/6a633e0be39ee18155306514""
}"
/Users/anna.nardi/Library/CloudStorage/OneDrive-Raccoltecondivise-DuckyNetworkS.r.l/E-Commerce - FOTO PRODOTTO 2019_2022_2023_2024_2025/KR/KR0080.jpg,KR0080,41159660,OK,"{
    ""image_id"": ""6a633e0ce39ee14b55306544"",
    ""thumbnail"": ""https:\/\/cdn.storeden.net\/secache\/6a633e0ce39ee14b55306544"",
    ""original"": ""https:\/\/egress.storeden.net\/gallery\/6a633e0ce39ee14b55306544""
}"
/Users/anna.nardi/Library/CloudStorage/OneDrive-Raccoltecondivise-DuckyNetworkS.r.l/E-Commerce - FOTO PRODOTTO 2019_2022_2023_2024_2025/KR/KR0082.jpg,KR0082,41159661,OK,"{
    ""image_id"": ""6a633e0ee39ee10b5530656b"",
    ""thumbnail"": ""https:\/\/cdn.storeden.net\/secache\/6a633e0ee39ee10b5530656b"",
    ""original"": ""https:\/\/egress.storeden.net\/gallery\/6a633e0ee39ee10b5530656b""
}"
/Users/anna.nardi/Library/CloudStorage/OneDrive-Raccoltecondivise-DuckyNetworkS.r.l/E-Commerce - FOTO PRODOTTO 2019_2022_2023_2024_2025/KR/KR0084.jpg,KR0084,41159662,OK,"{
    ""image_id"": ""6a633e10e39ee17755306514"",
    ""thumbnail"": ""https:\/\/cdn.storeden.net\/secache\/6a633e10e39ee17755306514"",
    ""original"": ""https:\/\/egress.storeden.net\/gallery\/6a633e10e39ee17755306514""
}"
/Users/anna.nardi/Library/CloudStorage/OneDrive-Raccoltecondivise-DuckyNetworkS.r.l/E-Commerce - FOTO PRODOTTO 2019_2022_2023_2024_2025/KR/KR0090.jpg,KR0090,41159665,OK,"{
    ""image_id"": ""6a633e11e39ee17755306518"",
    ""thumbnail"": ""https:\/\/cdn.storeden.net\/secache\/6a633e11e39ee17755306518"",
    ""original"": ""https:\/\/egress.storeden.net\/gallery\/6a633e11e39ee17755306518""
}"
/Users/anna.nardi/Library/CloudStorage/OneDrive-Raccoltecondivise-DuckyNetworkS.r.l/E-Commerce - FOTO PRODOTTO 2019_2022_2023_2024_2025/KR/KR0091.jpg,KR0091,41159666,OK,"{
    ""image_id"": ""6a633e13be7ea0bfeb64623e"",
    ""thumbnail"": ""https:\/\/cdn.storeden.net\/secache\/6a633e13be7ea0bfeb64623e"",
    ""original"": ""https:\/\/egress.storeden.net\/gallery\/6a633e13be7ea0bfeb64623e""
}"
/Users/anna.nardi/Library/CloudStorage/OneDrive-Raccoltecondivise-DuckyNetworkS.r.l/E-Commerce - FOTO PRODOTTO 2019_2022_2023_2024_2025/KR/KR0093.jpg,KR0093,41159667,OK,"{
    ""image_id"": ""6a633e14be7ea067026461c8"",
    ""thumbnail"": ""https:\/\/cdn.storeden.net\/secache\/6a633e14be7ea067026461c8"",
    ""original"": ""https:\/\/egress.storeden.net\/gallery\/6a633e14be7ea067026461c8""
}"
/Users/anna.nardi/Library/CloudStorage/OneDrive-Raccoltecondivise-DuckyNetworkS.r.l/E-Commerce - FOTO PRODOTTO 2019_2022_2023_2024_2025/KR/KR0094.jpg,KR0094,41232109,OK,"{
    ""image_id"": ""6a633e16e39ee1745530651c"",
    ""thumbnail"": ""https:\/\/cdn.storeden.net\/secache\/6a633e16e39ee1745530651c"",
    ""original"": ""https:\/\/egress.storeden.net\/gallery\/6a633e16e39ee1745530651c""
}"
/Users/anna.nardi/Library/CloudStorage/OneDrive-Raccoltecondivise-DuckyNetworkS.r.l/E-Commerce - FOTO PRODOTTO 2019_2022_2023_2024_2025/KR/KR0097.jpg,KR0097,41159668,OK,"{
    ""image_id"": ""6a633e18e39ee18155306518"",
    ""thumbnail"": ""https:\/\/cdn.storeden.net\/secache\/6a633e18e39ee18155306518"",
    ""original"": ""https:\/\/egress.storeden.net\/gallery\/6a633e18e39ee18155306518""
}"
/Users/anna.nardi/Library/CloudStorage/OneDrive-Raccoltecondivise-DuckyNetworkS.r.l/E-Commerce - FOTO PRODOTTO 2019_2022_2023_2024_2025/KR/KR0100.jpg,KR0100,41159670,OK,"{
    ""image_id"": ""6a633e19be7ea06bf96462f2"",
    ""thumbnail"": ""https:\/\/cdn.storeden.net\/secache\/6a633e19be7ea06bf96462f2"",
    ""original"": ""https:\/\/egress.storeden.net\/gallery\/6a633e19be7ea06bf96462f2""
}"
/Users/anna.nardi/Library/CloudStorage/OneDrive-Raccoltecondivise-DuckyNetworkS.r.l/E-Commerce - FOTO PRODOTTO 2019_2022_2023_2024_2025/KR/KR0101.jpg,KR0101,41159671,OK,"{
    ""image_id"": ""6a633e1bbe7ea00bd764637b"",
    ""thumbnail"": ""https:\/\/cdn.storeden.net\/secache\/6a633e1bbe7ea00bd764637b"",
    ""original"": ""https:\/\/egress.storeden.net\/gallery\/6a633e1bbe7ea00bd764637b""
}"
/Users/anna.nardi/Library/CloudStorage/OneDrive-Raccoltecondivise-DuckyNetworkS.r.l/E-Commerce - FOTO PRODOTTO 2019_2022_2023_2024_2025/KR/KR0104.jpg,KR0104,41159672,OK,"{
    ""image_id"": ""6a633e1de39ee10e55306554"",
    ""thumbnail"": ""https:\/\/cdn.storeden.net\/secache\/6a633e1de39ee10e55306554"",
    ""original"": ""https:\/\/egress.storeden.net\/gallery\/6a633e1de39ee10e55306554""
}"
/Users/anna.nardi/Library/CloudStorage/OneDrive-Raccoltecondivise-DuckyNetworkS.r.l/E-Commerce - FOTO PRODOTTO 2019_2022_2023_2024_2025/KR/KR0106L.jpg,KR0106L,41159675,OK,"{
    ""image_id"": ""6a633e1ee39ee1fb54306577"",
    ""thumbnail"": ""https:\/\/cdn.storeden.net\/secache\/6a633e1ee39ee1fb54306577"",
    ""original"": ""https:\/\/egress.storeden.net\/gallery\/6a633e1ee39ee1fb54306577""
}"
/Users/anna.nardi/Library/CloudStorage/OneDrive-Raccoltecondivise-DuckyNetworkS.r.l/E-Commerce - FOTO PRODOTTO 2019_2022_2023_2024_2025/KR/KR0106R.jpg,KR0106R,41159676,OK,"{
    ""image_id"": ""6a633e21e39ee1b75430654f"",
    ""thumbnail"": ""https:\/\/cdn.storeden.net\/secache\/6a633e21e39ee1b75430654f"",
    ""original"": ""https:\/\/egress.storeden.net\/gallery\/6a633e21e39ee1b75430654f""
}"
/Users/anna.nardi/Library/CloudStorage/OneDrive-Raccoltecondivise-DuckyNetworkS.r.l/E-Commerce - FOTO PRODOTTO 2019_2022_2023_2024_2025/KR/KR0119.jpg,KR0119,41159677,OK,"{
    ""image_id"": ""6a633e22e39ee10b55306578"",
    ""thumbnail"": ""https:\/\/cdn.storeden.net\/secache\/6a633e22e39ee10b55306578"",
    ""original"": ""https:\/\/egress.storeden.net\/gallery\/6a633e22e39ee10b55306578""
}"
/Users/anna.nardi/Library/CloudStorage/OneDrive-Raccoltecondivise-DuckyNetworkS.r.l/E-Commerce - FOTO PRODOTTO 2019_2022_2023_2024_2025/KR/KR0120.jpg,KR0120,41159678,OK,"{
    ""image_id"": ""6a633e24e39ee14b55306548"",
    ""thumbnail"": ""https:\/\/cdn.storeden.net\/secache\/6a633e24e39ee14b55306548"",
    ""original"": ""https:\/\/egress.storeden.net\/gallery\/6a633e24e39ee14b55306548""
}"
/Users/anna.nardi/Library/CloudStorage/OneDrive-Raccoltecondivise-DuckyNetworkS.r.l/E-Commerce - FOTO PRODOTTO 2019_2022_2023_2024_2025/KR/KR0121.jpg,KR0121,41159679,OK,"{
    ""image_id"": ""6a633e26e39ee10b5530657c"",
    ""thumbnail"": ""https:\/\/cdn.storeden.net\/secache\/6a633e26e39ee10b5530657c"",
    ""original"": ""https:\/\/egress.storeden.net\/gallery\/6a633e26e39ee10b5530657c""
}"
/Users/anna.nardi/Library/CloudStorage/OneDrive-Raccoltecondivise-DuckyNetworkS.r.l/E-Commerce - FOTO PRODOTTO 2019_2022_2023_2024_2025/KR/KR0122.jpg,KR0122,41159680,OK,"{
    ""image_id"": ""6a633e27be7ea0f8f86461f7"",
    ""thumbnail"": ""https:\/\/cdn.storeden.net\/secache\/6a633e27be7ea0f8f86461f7"",
    ""original"": ""https:\/\/egress.storeden.net\/gallery\/6a633e27be7ea0f8f86461f7""
}"
/Users/anna.nardi/Library/CloudStorage/OneDrive-Raccoltecondivise-DuckyNetworkS.r.l/E-Commerce - FOTO PRODOTTO 2019_2022_2023_2024_2025/KR/KR0123.jpg,KR0123,41159681,OK,"{
    ""image_id"": ""6a633e29e39ee17d5530651c"",
    ""thumbnail"": ""https:\/\/cdn.storeden.net\/secache\/6a633e29e39ee17d5530651c"",
    ""original"": ""https:\/\/egress.storeden.net\/gallery\/6a633e29e39ee17d5530651c""
}"
/Users/anna.nardi/Library/CloudStorage/OneDrive-Raccoltecondivise-DuckyNetworkS.r.l/E-Commerce - FOTO PRODOTTO 2019_2022_2023_2024_2025/KR/KR0124.jpg,KR0124,41159682,OK,"{
    ""image_id"": ""6a633e2abe7ea086f96461e8"",
    ""thumbnail"": ""https:\/\/cdn.storeden.net\/secache\/6a633e2abe7ea086f96461e8"",
    ""original"": ""https:\/\/egress.storeden.net\/gallery\/6a633e2abe7ea086f96461e8""
}"
/Users/anna.nardi/Library/CloudStorage/OneDrive-Raccoltecondivise-DuckyNetworkS.r.l/E-Commerce - FOTO PRODOTTO 2019_2022_2023_2024_2025/KR/KR0126.jpg,KR0126,41159684,OK,"{
    ""image_id"": ""6a633e2ce39ee15a5530654b"",
    ""thumbnail"": ""https:\/\/cdn.storeden.net\/secache\/6a633e2ce39ee15a5530654b"",
    ""original"": ""https:\/\/egress.storeden.net\/gallery\/6a633e2ce39ee15a5530654b""
}"
/Users/anna.nardi/Library/CloudStorage/OneDrive-Raccoltecondivise-DuckyNetworkS.r.l/E-Commerce - FOTO PRODOTTO 2019_2022_2023_2024_2025/KR/KR0127.jpg,KR0127,41159685,OK,"{
    ""image_id"": ""6a633e2ee39ee14b5530654c"",
    ""thumbnail"": ""https:\/\/cdn.storeden.net\/secache\/6a633e2ee39ee14b5530654c"",
    ""original"": ""https:\/\/egress.storeden.net\/gallery\/6a633e2ee39ee14b5530654c""
}"
/Users/anna.nardi/Library/CloudStorage/OneDrive-Raccoltecondivise-DuckyNetworkS.r.l/E-Commerce - FOTO PRODOTTO 2019_2022_2023_2024_2025/KR/KR0142.jpg,KR0142,41159686,OK,"{
    ""image_id"": ""6a633e30e39ee14b55306550"",
    ""thumbnail"": ""https:\/\/cdn.storeden.net\/secache\/6a633e30e39ee14b55306550"",
    ""original"": ""https:\/\/egress.storeden.net\/gallery\/6a633e30e39ee14b55306550""
}"
/Users/anna.nardi/Library/CloudStorage/OneDrive-Raccoltecondivise-DuckyNetworkS.r.l/E-Commerce - FOTO PRODOTTO 2019_2022_2023_2024_2025/KR/KR0143.jpg,KR0143,41159687,OK,"{
    ""image_id"": ""6a633e32be7ea04be664621e"",
    ""thumbnail"": ""https:\/\/cdn.storeden.net\/secache\/6a633e32be7ea04be664621e"",
    ""original"": ""https:\/\/egress.storeden.net\/gallery\/6a633e32be7ea04be664621e""
}"
/Users/anna.nardi/Library/CloudStorage/OneDrive-Raccoltecondivise-DuckyNetworkS.r.l/E-Commerce - FOTO PRODOTTO 2019_2022_2023_2024_2025/KR/KR0144.jpg,KR0144,41159688,OK,"{
    ""image_id"": ""6a633e37e39ee10b55306594"",
    ""thumbnail"": ""https:\/\/cdn.storeden.net\/secache\/6a633e37e39ee10b55306594"",
    ""original"": ""https:\/\/egress.storeden.net\/gallery\/6a633e37e39ee10b55306594""
}"
/Users/anna.nardi/Library/CloudStorage/OneDrive-Raccoltecondivise-DuckyNetworkS.r.l/E-Commerce - FOTO PRODOTTO 2019_2022_2023_2024_2025/KR/KR0145.jpg,KR0145,41159689,OK,"{
    ""image_id"": ""6a633e3ae39ee10c55306571"",
    ""thumbnail"": ""https:\/\/cdn.storeden.net\/secache\/6a633e3ae39ee10c55306571"",
    ""original"": ""https:\/\/egress.storeden.net\/gallery\/6a633e3ae39ee10c55306571""
}"
/Users/anna.nardi/Library/CloudStorage/OneDrive-Raccoltecondivise-DuckyNetworkS.r.l/E-Commerce - FOTO PRODOTTO 2019_2022_2023_2024_2025/KR/KR0148.jpg,KR0148,41159692,OK,"{
    ""image_id"": ""6a633e3be39ee17455306529"",
    ""thumbnail"": ""https:\/\/cdn.storeden.net\/secache\/6a633e3be39ee17455306529"",
    ""original"": ""https:\/\/egress.storeden.net\/gallery\/6a633e3be39ee17455306529""
}"
/Users/anna.nardi/Library/CloudStorage/OneDrive-Raccoltecondivise-DuckyNetworkS.r.l/E-Commerce - FOTO PRODOTTO 2019_2022_2023_2024_2025/KR/KR0149.jpg,KR0149,41159693,OK,"{
    ""image_id"": ""6a633e3de39ee1065530658a"",
    ""thumbnail"": ""https:\/\/cdn.storeden.net\/secache\/6a633e3de39ee1065530658a"",
    ""original"": ""https:\/\/egress.storeden.net\/gallery\/6a633e3de39ee1065530658a""
}"
/Users/anna.nardi/Library/CloudStorage/OneDrive-Raccoltecondivise-DuckyNetworkS.r.l/E-Commerce - FOTO PRODOTTO 2019_2022_2023_2024_2025/KR/KR0150.jpg,KR0150,41232111,OK,"{
    ""image_id"": ""6a633e3ee39ee10e5530657a"",
    ""thumbnail"": ""https:\/\/cdn.storeden.net\/secache\/6a633e3ee39ee10e5530657a"",
    ""original"": ""https:\/\/egress.storeden.net\/gallery\/6a633e3ee39ee10e5530657a""
}"
/Users/anna.nardi/Library/CloudStorage/OneDrive-Raccoltecondivise-DuckyNetworkS.r.l/E-Commerce - FOTO PRODOTTO 2019_2022_2023_2024_2025/KR/KR0151.jpg,KR0151,41159694,OK,"{
    ""image_id"": ""6a633e40e39ee10c55306575"",
    ""thumbnail"": ""https:\/\/cdn.storeden.net\/secache\/6a633e40e39ee10c55306575"",
    ""original"": ""https:\/\/egress.storeden.net\/gallery\/6a633e40e39ee10c55306575""
}"
/Users/anna.nardi/Library/CloudStorage/OneDrive-Raccoltecondivise-DuckyNetworkS.r.l/E-Commerce - FOTO PRODOTTO 2019_2022_2023_2024_2025/KR/KR0152.jpg,KR0152,41159695,OK,"{
    ""image_id"": ""6a633e42be7ea05bfd6461d5"",
    ""thumbnail"": ""https:\/\/cdn.storeden.net\/secache\/6a633e42be7ea05bfd6461d5"",
    ""original"": ""https:\/\/egress.storeden.net\/gallery\/6a633e42be7ea05bfd6461d5""
}"
/Users/anna.nardi/Library/CloudStorage/OneDrive-Raccoltecondivise-DuckyNetworkS.r.l/E-Commerce - FOTO PRODOTTO 2019_2022_2023_2024_2025/KR/KR0153.jpg,KR0153,41159696,OK,"{
    ""image_id"": ""6a633e44e39ee11556306516"",
    ""thumbnail"": ""https:\/\/cdn.storeden.net\/secache\/6a633e44e39ee11556306516"",
    ""original"": ""https:\/\/egress.storeden.net\/gallery\/6a633e44e39ee11556306516""
}"
/Users/anna.nardi/Library/CloudStorage/OneDrive-Raccoltecondivise-DuckyNetworkS.r.l/E-Commerce - FOTO PRODOTTO 2019_2022_2023_2024_2025/KR/KR0165.jpg,KR0165,41159700,OK,"{
    ""image_id"": ""6a633e45e39ee15a5530654f"",
    ""thumbnail"": ""https:\/\/cdn.storeden.net\/secache\/6a633e45e39ee15a5530654f"",
    ""original"": ""https:\/\/egress.storeden.net\/gallery\/6a633e45e39ee15a5530654f""
}"
/Users/anna.nardi/Library/CloudStorage/OneDrive-Raccoltecondivise-DuckyNetworkS.r.l/E-Commerce - FOTO PRODOTTO 2019_2022_2023_2024_2025/KR/KR0166.jpg,KR0166,41159701,OK,"{
    ""image_id"": ""6a633e47be7ea097e6646298"",
    ""thumbnail"": ""https:\/\/cdn.storeden.net\/secache\/6a633e47be7ea097e6646298"",
    ""original"": ""https:\/\/egress.storeden.net\/gallery\/6a633e47be7ea097e6646298""
}"
/Users/anna.nardi/Library/CloudStorage/OneDrive-Raccoltecondivise-DuckyNetworkS.r.l/E-Commerce - FOTO PRODOTTO 2019_2022_2023_2024_2025/KR/KR0167.jpg,KR0167,41159702,OK,"{
    ""image_id"": ""6a633e49e39ee15a55306553"",
    ""thumbnail"": ""https:\/\/cdn.storeden.net\/secache\/6a633e49e39ee15a55306553"",
    ""original"": ""https:\/\/egress.storeden.net\/gallery\/6a633e49e39ee15a55306553""
}"
/Users/anna.nardi/Library/CloudStorage/OneDrive-Raccoltecondivise-DuckyNetworkS.r.l/E-Commerce - FOTO PRODOTTO 2019_2022_2023_2024_2025/KR/KR0168.jpg,KR0168,41159703,OK,"{
    ""image_id"": ""6a633e4ae39ee10c55306579"",
    ""thumbnail"": ""https:\/\/cdn.storeden.net\/secache\/6a633e4ae39ee10c55306579"",
    ""original"": ""https:\/\/egress.storeden.net\/gallery\/6a633e4ae39ee10c55306579""
}"
/Users/anna.nardi/Library/CloudStorage/OneDrive-Raccoltecondivise-DuckyNetworkS.r.l/E-Commerce - FOTO PRODOTTO 2019_2022_2023_2024_2025/KR/KR0169.jpg,KR0169,41232113,OK,"{
    ""image_id"": ""6a633e4ce39ee1005630651c"",
    ""thumbnail"": ""https:\/\/cdn.storeden.net\/secache\/6a633e4ce39ee1005630651c"",
    ""original"": ""https:\/\/egress.storeden.net\/gallery\/6a633e4ce39ee1005630651c""
}"
/Users/anna.nardi/Library/CloudStorage/OneDrive-Raccoltecondivise-DuckyNetworkS.r.l/E-Commerce - FOTO PRODOTTO 2019_2022_2023_2024_2025/KR/KR0171.jpg,KR0171,41159705,OK,"{
    ""image_id"": ""6a633e4ee39ee17d55306539"",
    ""thumbnail"": ""https:\/\/cdn.storeden.net\/secache\/6a633e4ee39ee17d55306539"",
    ""original"": ""https:\/\/egress.storeden.net\/gallery\/6a633e4ee39ee17d55306539""
}"
/Users/anna.nardi/Library/CloudStorage/OneDrive-Raccoltecondivise-DuckyNetworkS.r.l/E-Commerce - FOTO PRODOTTO 2019_2022_2023_2024_2025/KR/KR0180.jpg,KR0180,41159707,OK,"{
    ""image_id"": ""6a633e50be7ea0b8fe6461d7"",
    ""thumbnail"": ""https:\/\/cdn.storeden.net\/secache\/6a633e50be7ea0b8fe6461d7"",
    ""original"": ""https:\/\/egress.storeden.net\/gallery\/6a633e50be7ea0b8fe6461d7""
}"
/Users/anna.nardi/Library/CloudStorage/OneDrive-Raccoltecondivise-DuckyNetworkS.r.l/E-Commerce - FOTO PRODOTTO 2019_2022_2023_2024_2025/KR/KR0181.jpg,KR0181,41159708,OK,"{
    ""image_id"": ""6a633e51e39ee17455306547"",
    ""thumbnail"": ""https:\/\/cdn.storeden.net\/secache\/6a633e51e39ee17455306547"",
    ""original"": ""https:\/\/egress.storeden.net\/gallery\/6a633e51e39ee17455306547""
}"
/Users/anna.nardi/Library/CloudStorage/OneDrive-Raccoltecondivise-DuckyNetworkS.r.l/E-Commerce - FOTO PRODOTTO 2019_2022_2023_2024_2025/KR/KR0184.jpg,KR0184,41159711,OK,"{
    ""image_id"": ""6a633e53e39ee1265630652e"",
    ""thumbnail"": ""https:\/\/cdn.storeden.net\/secache\/6a633e53e39ee1265630652e"",
    ""original"": ""https:\/\/egress.storeden.net\/gallery\/6a633e53e39ee1265630652e""
}"
/Users/anna.nardi/Library/CloudStorage/OneDrive-Raccoltecondivise-DuckyNetworkS.r.l/E-Commerce - FOTO PRODOTTO 2019_2022_2023_2024_2025/KR/KR0194.jpg,KR0194,41159713,OK,"{
    ""image_id"": ""6a633e55e39ee1fb5430658f"",
    ""thumbnail"": ""https:\/\/cdn.storeden.net\/secache\/6a633e55e39ee1fb5430658f"",
    ""original"": ""https:\/\/egress.storeden.net\/gallery\/6a633e55e39ee1fb5430658f""
}"
/Users/anna.nardi/Library/CloudStorage/OneDrive-Raccoltecondivise-DuckyNetworkS.r.l/E-Commerce - FOTO PRODOTTO 2019_2022_2023_2024_2025/KR/KR0195L.jpg,KR0195L,41159714,OK,"{
    ""image_id"": ""6a633e56e39ee106553065a8"",
    ""thumbnail"": ""https:\/\/cdn.storeden.net\/secache\/6a633e56e39ee106553065a8"",
    ""original"": ""https:\/\/egress.storeden.net\/gallery\/6a633e56e39ee106553065a8""
}"
/Users/anna.nardi/Library/CloudStorage/OneDrive-Raccoltecondivise-DuckyNetworkS.r.l/E-Commerce - FOTO PRODOTTO 2019_2022_2023_2024_2025/KR/KR0196.jpg,KR0196,41159716,OK,"{
    ""image_id"": ""6a633e58e39ee10c5530657d"",
    ""thumbnail"": ""https:\/\/cdn.storeden.net\/secache\/6a633e58e39ee10c5530657d"",
    ""original"": ""https:\/\/egress.storeden.net\/gallery\/6a633e58e39ee10c5530657d""
}"
/Users/anna.nardi/Library/CloudStorage/OneDrive-Raccoltecondivise-DuckyNetworkS.r.l/E-Commerce - FOTO PRODOTTO 2019_2022_2023_2024_2025/KR/KR0198.jpg,KR0198,41159718,OK,"{
    ""image_id"": ""6a633e59e39ee1fb54306593"",
    ""thumbnail"": ""https:\/\/cdn.storeden.net\/secache\/6a633e59e39ee1fb54306593"",
    ""original"": ""https:\/\/egress.storeden.net\/gallery\/6a633e59e39ee1fb54306593""
}"
/Users/anna.nardi/Library/CloudStorage/OneDrive-Raccoltecondivise-DuckyNetworkS.r.l/E-Commerce - FOTO PRODOTTO 2019_2022_2023_2024_2025/KR/KR0199.jpg,KR0199,41159719,OK,"{
    ""image_id"": ""6a633e5be39ee17455306553"",
    ""thumbnail"": ""https:\/\/cdn.storeden.net\/secache\/6a633e5be39ee17455306553"",
    ""original"": ""https:\/\/egress.storeden.net\/gallery\/6a633e5be39ee17455306553""
}"
/Users/anna.nardi/Library/CloudStorage/OneDrive-Raccoltecondivise-DuckyNetworkS.r.l/E-Commerce - FOTO PRODOTTO 2019_2022_2023_2024_2025/KR/KR0200.jpg,KR0200,41159720,OK,"{
    ""image_id"": ""6a633e5de39ee10e5530657e"",
    ""thumbnail"": ""https:\/\/cdn.storeden.net\/secache\/6a633e5de39ee10e5530657e"",
    ""original"": ""https:\/\/egress.storeden.net\/gallery\/6a633e5de39ee10e5530657e""
}"
/Users/anna.nardi/Library/CloudStorage/OneDrive-Raccoltecondivise-DuckyNetworkS.r.l/E-Commerce - FOTO PRODOTTO 2019_2022_2023_2024_2025/KR/KR0207.jpg,KR0207,41159725,OK,"{
    ""image_id"": ""6a633e5ee39ee10c55306581"",
    ""thumbnail"": ""https:\/\/cdn.storeden.net\/secache\/6a633e5ee39ee10c55306581"",
    ""original"": ""https:\/\/egress.storeden.net\/gallery\/6a633e5ee39ee10c55306581""
}"
/Users/anna.nardi/Library/CloudStorage/OneDrive-Raccoltecondivise-DuckyNetworkS.r.l/E-Commerce - FOTO PRODOTTO 2019_2022_2023_2024_2025/KR/KR0208.jpg,KR0208,41159726,OK,"{
    ""image_id"": ""6a633e60e39ee10b553065cc"",
    ""thumbnail"": ""https:\/\/cdn.storeden.net\/secache\/6a633e60e39ee10b553065cc"",
    ""original"": ""https:\/\/egress.storeden.net\/gallery\/6a633e60e39ee10b553065cc""
}"
/Users/anna.nardi/Library/CloudStorage/OneDrive-Raccoltecondivise-DuckyNetworkS.r.l/E-Commerce - FOTO PRODOTTO 2019_2022_2023_2024_2025/KR/KR0214.jpg,KR0214,41159728,OK,"{
    ""image_id"": ""6a633e62e39ee17455306558"",
    ""thumbnail"": ""https:\/\/cdn.storeden.net\/secache\/6a633e62e39ee17455306558"",
    ""original"": ""https:\/\/egress.storeden.net\/gallery\/6a633e62e39ee17455306558""
}"
/Users/anna.nardi/Library/CloudStorage/OneDrive-Raccoltecondivise-DuckyNetworkS.r.l/E-Commerce - FOTO PRODOTTO 2019_2022_2023_2024_2025/DISCHI/R-FLO/KT02FID.jpg,KT02FID,41159788,OK,"{
    ""image_id"": ""6a633e6ae39ee1745530655c"",
    ""thumbnail"": ""https:\/\/cdn.storeden.net\/secache\/6a633e6ae39ee1745530655c"",
    ""original"": ""https:\/\/egress.storeden.net\/gallery\/6a633e6ae39ee1745530655c""
}"
/Users/anna.nardi/Library/CloudStorage/OneDrive-Raccoltecondivise-DuckyNetworkS.r.l/E-Commerce - FOTO PRODOTTO 2019_2022_2023_2024_2025/DISCHI/R-FLO/KT03FL.jpg,KT03FL,41227064,OK,"{
    ""image_id"": ""6a633e75e39ee106553065b4"",
    ""thumbnail"": ""https:\/\/cdn.storeden.net\/secache\/6a633e75e39ee106553065b4"",
    ""original"": ""https:\/\/egress.storeden.net\/gallery\/6a633e75e39ee106553065b4""
}"
/Users/anna.nardi/Library/CloudStorage/OneDrive-Raccoltecondivise-DuckyNetworkS.r.l/E-Commerce - FOTO PRODOTTO 2019_2022_2023_2024_2025/DISCHI/R-FLO/KT03FLD.jpg,KT03FLD,41159789,OK,"{
    ""image_id"": ""6a633e82e39ee18756306514"",
    ""thumbnail"": ""https:\/\/cdn.storeden.net\/secache\/6a633e82e39ee18756306514"",
    ""original"": ""https:\/\/egress.storeden.net\/gallery\/6a633e82e39ee18756306514""
}"
/Users/anna.nardi/Library/CloudStorage/OneDrive-Raccoltecondivise-DuckyNetworkS.r.l/E-Commerce - FOTO PRODOTTO 2019_2022_2023_2024_2025/DISCHI/R-FLO/KT06FID.jpg,KT06FID,41159790,OK,"{
    ""image_id"": ""6a633e8ae39ee10c55306592"",
    ""thumbnail"": ""https:\/\/cdn.storeden.net\/secache\/6a633e8ae39ee10c55306592"",
    ""original"": ""https:\/\/egress.storeden.net\/gallery\/6a633e8ae39ee10c55306592""
}"
/Users/anna.nardi/Library/CloudStorage/OneDrive-Raccoltecondivise-DuckyNetworkS.r.l/E-Commerce - FOTO PRODOTTO 2019_2022_2023_2024_2025/DISCHI/R-FLO/KT06RID.jpg,KT06RID,41159791,OK,"{
    ""image_id"": ""6a633e92be7ea01dee646202"",
    ""thumbnail"": ""https:\/\/cdn.storeden.net\/secache\/6a633e92be7ea01dee646202"",
    ""original"": ""https:\/\/egress.storeden.net\/gallery\/6a633e92be7ea01dee646202""
}"
/Users/anna.nardi/Library/CloudStorage/OneDrive-Raccoltecondivise-DuckyNetworkS.r.l/E-Commerce - FOTO PRODOTTO 2019_2022_2023_2024_2025/DISCHI/R-FLO/KT07FID.jpg,KT07FID,41159792,OK,"{
    ""image_id"": ""6a633e9de39ee15a55306573"",
    ""thumbnail"": ""https:\/\/cdn.storeden.net\/secache\/6a633e9de39ee15a55306573"",
    ""original"": ""https:\/\/egress.storeden.net\/gallery\/6a633e9de39ee15a55306573""
}"
/Users/anna.nardi/Library/CloudStorage/OneDrive-Raccoltecondivise-DuckyNetworkS.r.l/E-Commerce - FOTO PRODOTTO 2019_2022_2023_2024_2025/DISCHI/R-FLO/KT07RID.jpg,KT07RID,41159793,OK,"{
    ""image_id"": ""6a633eaae39ee18756306526"",
    ""thumbnail"": ""https:\/\/cdn.storeden.net\/secache\/6a633eaae39ee18756306526"",
    ""original"": ""https:\/\/egress.storeden.net\/gallery\/6a633eaae39ee18756306526""
}"
/Users/anna.nardi/Library/CloudStorage/OneDrive-Raccoltecondivise-DuckyNetworkS.r.l/E-Commerce - FOTO PRODOTTO 2019_2022_2023_2024_2025/DISCHI/R-FLO/KT08FLD.jpg,KT08FLD,41159794,OK,"{
    ""image_id"": ""6a633eb6be7ea082066461be"",
    ""thumbnail"": ""https:\/\/cdn.storeden.net\/secache\/6a633eb6be7ea082066461be"",
    ""original"": ""https:\/\/egress.storeden.net\/gallery\/6a633eb6be7ea082066461be""
}"
/Users/anna.nardi/Library/CloudStorage/OneDrive-Raccoltecondivise-DuckyNetworkS.r.l/E-Commerce - FOTO PRODOTTO 2019_2022_2023_2024_2025/DISCHI/R-FLO/KT09RID.jpg,KT09RID,41159795,OK,"{
    ""image_id"": ""6a633ec0e39ee1745530659d"",
    ""thumbnail"": ""https:\/\/cdn.storeden.net\/secache\/6a633ec0e39ee1745530659d"",
    ""original"": ""https:\/\/egress.storeden.net\/gallery\/6a633ec0e39ee1745530659d""
}"
/Users/anna.nardi/Library/CloudStorage/OneDrive-Raccoltecondivise-DuckyNetworkS.r.l/E-Commerce - FOTO PRODOTTO 2019_2022_2023_2024_2025/DISCHI/R-FLO/KT10RID.jpg,KT10RID,41159796,OK,"{
    ""image_id"": ""6a633ec6e39ee1ab56306520"",
    ""thumbnail"": ""https:\/\/cdn.storeden.net\/secache\/6a633ec6e39ee1ab56306520"",
    ""original"": ""https:\/\/egress.storeden.net\/gallery\/6a633ec6e39ee1ab56306520""
}"
/Users/anna.nardi/Library/CloudStorage/OneDrive-Raccoltecondivise-DuckyNetworkS.r.l/E-Commerce - FOTO PRODOTTO 2019_2022_2023_2024_2025/DISCHI/R-FLO/KT11RI.JPG,KT11RI,41159797,OK,"{
    ""image_id"": ""6a633ecae39ee1b356306514"",
    ""thumbnail"": ""https:\/\/cdn.storeden.net\/secache\/6a633ecae39ee1b356306514"",
    ""original"": ""https:\/\/egress.storeden.net\/gallery\/6a633ecae39ee1b356306514""
}"
/Users/anna.nardi/Library/CloudStorage/OneDrive-Raccoltecondivise-DuckyNetworkS.r.l/E-Commerce - FOTO PRODOTTO 2019_2022_2023_2024_2025/DISCHI/R-FLO/KT11RID.jpg,KT11RID,41159798,OK,"{
    ""image_id"": ""6a633ecfe39ee1ab56306531"",
    ""thumbnail"": ""https:\/\/cdn.storeden.net\/secache\/6a633ecfe39ee1ab56306531"",
    ""original"": ""https:\/\/egress.storeden.net\/gallery\/6a633ecfe39ee1ab56306531""
}"
/Users/anna.nardi/Library/CloudStorage/OneDrive-Raccoltecondivise-DuckyNetworkS.r.l/E-Commerce - FOTO PRODOTTO 2019_2022_2023_2024_2025/DISCHI/W-FIX/KW01FID.jpg,KW01FID,41159799,OK,"{
    ""image_id"": ""6a633ed6be7ea0a8076461bc"",
    ""thumbnail"": ""https:\/\/cdn.storeden.net\/secache\/6a633ed6be7ea0a8076461bc"",
    ""original"": ""https:\/\/egress.storeden.net\/gallery\/6a633ed6be7ea0a8076461bc""
}"
/Users/anna.nardi/Library/CloudStorage/OneDrive-Raccoltecondivise-DuckyNetworkS.r.l/E-Commerce - FOTO PRODOTTO 2019_2022_2023_2024_2025/DISCHI/W-FIX/KW01RID.jpg,KW01RID,41159800,OK,"{
    ""image_id"": ""6a633ee0be7ea027f96461f2"",
    ""thumbnail"": ""https:\/\/cdn.storeden.net\/secache\/6a633ee0be7ea027f96461f2"",
    ""original"": ""https:\/\/egress.storeden.net\/gallery\/6a633ee0be7ea027f96461f2""
}"
/Users/anna.nardi/Library/CloudStorage/OneDrive-Raccoltecondivise-DuckyNetworkS.r.l/E-Commerce - FOTO PRODOTTO 2019_2022_2023_2024_2025/DISCHI/R-FIX/KW02FI.jpg,KW02FI,41159801,OK,"{
    ""image_id"": ""6a633eede39ee106553065d3"",
    ""thumbnail"": ""https:\/\/cdn.storeden.net\/secache\/6a633eede39ee106553065d3"",
    ""original"": ""https:\/\/egress.storeden.net\/gallery\/6a633eede39ee106553065d3""
}"
/Users/anna.nardi/Library/CloudStorage/OneDrive-Raccoltecondivise-DuckyNetworkS.r.l/E-Commerce - FOTO PRODOTTO 2019_2022_2023_2024_2025/DISCHI/W-FIX/KW04RID.jpg,KW04RID,41159802,OK,"{
    ""image_id"": ""6a633ef6e39ee1af56306520"",
    ""thumbnail"": ""https:\/\/cdn.storeden.net\/secache\/6a633ef6e39ee1af56306520"",
    ""original"": ""https:\/\/egress.storeden.net\/gallery\/6a633ef6e39ee1af56306520""
}"
/Users/anna.nardi/Library/CloudStorage/OneDrive-Raccoltecondivise-DuckyNetworkS.r.l/E-Commerce - FOTO PRODOTTO 2019_2022_2023_2024_2025/DISCHI/R-FIX/KW07FI.jpg,KW07FI,41159803,OK,"{
    ""image_id"": ""6a633effbe7ea057fd64622d"",
    ""thumbnail"": ""https:\/\/cdn.storeden.net\/secache\/6a633effbe7ea057fd64622d"",
    ""original"": ""https:\/\/egress.storeden.net\/gallery\/6a633effbe7ea057fd64622d""
}"
/Users/anna.nardi/Library/CloudStorage/OneDrive-Raccoltecondivise-DuckyNetworkS.r.l/E-Commerce - FOTO PRODOTTO 2019_2022_2023_2024_2025/DISCHI/W-FIX/KW13FID.jpg,KW13FID,41159804,OK,"{
    ""image_id"": ""6a633f06e39ee1a65630651b"",
    ""thumbnail"": ""https:\/\/cdn.storeden.net\/secache\/6a633f06e39ee1a65630651b"",
    ""original"": ""https:\/\/egress.storeden.net\/gallery\/6a633f06e39ee1a65630651b""
}"
/Users/anna.nardi/Library/CloudStorage/OneDrive-Raccoltecondivise-DuckyNetworkS.r.l/E-Commerce - FOTO PRODOTTO 2019_2022_2023_2024_2025/DISCHI/W-FIX/KW15RID.jpg,KW15RID,41159805,OK,"{
    ""image_id"": ""6a633f0ce39ee15a55306588"",
    ""thumbnail"": ""https:\/\/cdn.storeden.net\/secache\/6a633f0ce39ee15a55306588"",
    ""original"": ""https:\/\/egress.storeden.net\/gallery\/6a633f0ce39ee15a55306588""
}"
/Users/anna.nardi/Library/CloudStorage/OneDrive-Raccoltecondivise-DuckyNetworkS.r.l/E-Commerce - FOTO PRODOTTO 2019_2022_2023_2024_2025/DISCHI/R-FIX/KW16RI.jpg,KW16RI,41159806,OK,"{
    ""image_id"": ""6a633f12e39ee1a65630652d"",
    ""thumbnail"": ""https:\/\/cdn.storeden.net\/secache\/6a633f12e39ee1a65630652d"",
    ""original"": ""https:\/\/egress.storeden.net\/gallery\/6a633f12e39ee1a65630652d""
}"
/Users/anna.nardi/Library/CloudStorage/OneDrive-Raccoltecondivise-DuckyNetworkS.r.l/E-Commerce - FOTO PRODOTTO 2019_2022_2023_2024_2025/DISCHI/W-FIX/KW18FID.JPG,KW18FID,41159807,OK,"{
    ""image_id"": ""6a633f16e39ee1865630651f"",
    ""thumbnail"": ""https:\/\/cdn.storeden.net\/secache\/6a633f16e39ee1865630651f"",
    ""original"": ""https:\/\/egress.storeden.net\/gallery\/6a633f16e39ee1865630651f""
}"
/Users/anna.nardi/Library/CloudStorage/OneDrive-Raccoltecondivise-DuckyNetworkS.r.l/E-Commerce - FOTO PRODOTTO 2019_2022_2023_2024_2025/DISCHI/W-FIX/KW18RID.jpg,KW18RID,41159808,OK,"{
    ""image_id"": ""6a633f1be39ee1b356306520"",
    ""thumbnail"": ""https:\/\/cdn.storeden.net\/secache\/6a633f1be39ee1b356306520"",
    ""original"": ""https:\/\/egress.storeden.net\/gallery\/6a633f1be39ee1b356306520""
}"
/Users/anna.nardi/Library/CloudStorage/OneDrive-Raccoltecondivise-DuckyNetworkS.r.l/E-Commerce - FOTO PRODOTTO 2019_2022_2023_2024_2025/DISCHI/R-FIX/KW30RI.jpg,KW30RI,41159809,OK,"{
    ""image_id"": ""6a633f22e39ee1c956306514"",
    ""thumbnail"": ""https:\/\/cdn.storeden.net\/secache\/6a633f22e39ee1c956306514"",
    ""original"": ""https:\/\/egress.storeden.net\/gallery\/6a633f22e39ee1c956306514""
}"
/Users/anna.nardi/Library/CloudStorage/OneDrive-Raccoltecondivise-DuckyNetworkS.r.l/E-Commerce - FOTO PRODOTTO 2019_2022_2023_2024_2025/DISCHI/W-FIX/KW30RID.jpg,KW30RID,41159810,OK,"{
    ""image_id"": ""6a633f28e39ee174553065af"",
    ""thumbnail"": ""https:\/\/cdn.storeden.net\/secache\/6a633f28e39ee174553065af"",
    ""original"": ""https:\/\/egress.storeden.net\/gallery\/6a633f28e39ee174553065af""
}"
/Users/anna.nardi/Library/CloudStorage/OneDrive-Raccoltecondivise-DuckyNetworkS.r.l/E-Commerce - FOTO PRODOTTO 2019_2022_2023_2024_2025/DISCHI/W-FIX/KW32RID.jpg,KW32RID,41159811,OK,"{
    ""image_id"": ""6a633f2ee39ee1bd56306514"",
    ""thumbnail"": ""https:\/\/cdn.storeden.net\/secache\/6a633f2ee39ee1bd56306514"",
    ""original"": ""https:\/\/egress.storeden.net\/gallery\/6a633f2ee39ee1bd56306514""
}"
/Users/anna.nardi/Library/CloudStorage/OneDrive-Raccoltecondivise-DuckyNetworkS.r.l/E-Commerce - FOTO PRODOTTO 2019_2022_2023_2024_2025/DISCHI/W-FIX/KW34RID.jpg,KW34RID,41159812,OK,"{
    ""image_id"": ""6a633f35e39ee10c553065b7"",
    ""thumbnail"": ""https:\/\/cdn.storeden.net\/secache\/6a633f35e39ee10c553065b7"",
    ""original"": ""https:\/\/egress.storeden.net\/gallery\/6a633f35e39ee10c553065b7""
}"
/Users/anna.nardi/Library/CloudStorage/OneDrive-Raccoltecondivise-DuckyNetworkS.r.l/E-Commerce - FOTO PRODOTTO 2019_2022_2023_2024_2025/DISCHI/W-FIX/KW35FID.jpg,KW35FID,41159813,OK,"{
    ""image_id"": ""6a633f3de39ee1885630653b"",
    ""thumbnail"": ""https:\/\/cdn.storeden.net\/secache\/6a633f3de39ee1885630653b"",
    ""original"": ""https:\/\/egress.storeden.net\/gallery\/6a633f3de39ee1885630653b""
}"
/Users/anna.nardi/Library/CloudStorage/OneDrive-Raccoltecondivise-DuckyNetworkS.r.l/E-Commerce - FOTO PRODOTTO 2019_2022_2023_2024_2025/DISCHI/W-FIX/KW36RID.jpg,KW36RID,41159814,OK,"{
    ""image_id"": ""6a633f44e39ee1b35630652f"",
    ""thumbnail"": ""https:\/\/cdn.storeden.net\/secache\/6a633f44e39ee1b35630652f"",
    ""original"": ""https:\/\/egress.storeden.net\/gallery\/6a633f44e39ee1b35630652f""
}"
/Users/anna.nardi/Library/CloudStorage/OneDrive-Raccoltecondivise-DuckyNetworkS.r.l/E-Commerce - FOTO PRODOTTO 2019_2022_2023_2024_2025/DISCHI/W-FIX/KW38RID.jpg,KW38RID,41159815,OK,"{
    ""image_id"": ""6a633f48be7ea04af2646225"",
    ""thumbnail"": ""https:\/\/cdn.storeden.net\/secache\/6a633f48be7ea04af2646225"",
    ""original"": ""https:\/\/egress.storeden.net\/gallery\/6a633f48be7ea04af2646225""
}"
/Users/anna.nardi/Library/CloudStorage/OneDrive-Raccoltecondivise-DuckyNetworkS.r.l/E-Commerce - FOTO PRODOTTO 2019_2022_2023_2024_2025/DISCHI/W-FIX/KW39FID.jpg,KW39FID,41159816,OK,"{
    ""image_id"": ""6a633f4fbe7ea09e076461be"",
    ""thumbnail"": ""https:\/\/cdn.storeden.net\/secache\/6a633f4fbe7ea09e076461be"",
    ""original"": ""https:\/\/egress.storeden.net\/gallery\/6a633f4fbe7ea09e076461be""
}"
/Users/anna.nardi/Library/CloudStorage/OneDrive-Raccoltecondivise-DuckyNetworkS.r.l/E-Commerce - FOTO PRODOTTO 2019_2022_2023_2024_2025/DISCHI/W-FIX/KW40RID.jpg,KW40RID,41159817,OK,"{
    ""image_id"": ""6a633f55e39ee1c956306524"",
    ""thumbnail"": ""https:\/\/cdn.storeden.net\/secache\/6a633f55e39ee1c956306524"",
    ""original"": ""https:\/\/egress.storeden.net\/gallery\/6a633f55e39ee1c956306524""
}"
/Users/anna.nardi/Library/CloudStorage/OneDrive-Raccoltecondivise-DuckyNetworkS.r.l/E-Commerce - FOTO PRODOTTO 2019_2022_2023_2024_2025/DISCHI/W-FIX/KW41RID.jpg,KW41RID,41159818,OK,"{
    ""image_id"": ""6a633f5be39ee1a95630656a"",
    ""thumbnail"": ""https:\/\/cdn.storeden.net\/secache\/6a633f5be39ee1a95630656a"",
    ""original"": ""https:\/\/egress.storeden.net\/gallery\/6a633f5be39ee1a95630656a""
}"
/Users/anna.nardi/Library/CloudStorage/OneDrive-Raccoltecondivise-DuckyNetworkS.r.l/E-Commerce - FOTO PRODOTTO 2019_2022_2023_2024_2025/DISCHI/R-FIX/MA03FI.jpg,MA03FI,41159821,OK,"{
    ""image_id"": ""6a633f61e39ee1a65630653e"",
    ""thumbnail"": ""https:\/\/cdn.storeden.net\/secache\/6a633f61e39ee1a65630653e"",
    ""original"": ""https:\/\/egress.storeden.net\/gallery\/6a633f61e39ee1a65630653e""
}"
/Users/anna.nardi/Library/CloudStorage/OneDrive-Raccoltecondivise-DuckyNetworkS.r.l/E-Commerce - FOTO PRODOTTO 2019_2022_2023_2024_2025/DISCHI/R-FIX/MA04FI.jpg,MA04FI,41159822,OK,"{
    ""image_id"": ""6a633f66e39ee10257306514"",
    ""thumbnail"": ""https:\/\/cdn.storeden.net\/secache\/6a633f66e39ee10257306514"",
    ""original"": ""https:\/\/egress.storeden.net\/gallery\/6a633f66e39ee10257306514""
}"
/Users/anna.nardi/Library/CloudStorage/OneDrive-Raccoltecondivise-DuckyNetworkS.r.l/E-Commerce - FOTO PRODOTTO 2019_2022_2023_2024_2025/DISCHI/W-FIX/MA04FID.jpg,MA04FID,41159823,OK,"{
    ""image_id"": ""6a633f6be39ee1d456306514"",
    ""thumbnail"": ""https:\/\/cdn.storeden.net\/secache\/6a633f6be39ee1d456306514"",
    ""original"": ""https:\/\/egress.storeden.net\/gallery\/6a633f6be39ee1d456306514""
}"
/Users/anna.nardi/Library/CloudStorage/OneDrive-Raccoltecondivise-DuckyNetworkS.r.l/E-Commerce - FOTO PRODOTTO 2019_2022_2023_2024_2025/DISCHI/R-FIX/MB02FI.jpg,MB02FI,41159824,OK,"{
    ""image_id"": ""6a633f70e39ee10557306514"",
    ""thumbnail"": ""https:\/\/cdn.storeden.net\/secache\/6a633f70e39ee10557306514"",
    ""original"": ""https:\/\/egress.storeden.net\/gallery\/6a633f70e39ee10557306514""
}"
/Users/anna.nardi/Library/CloudStorage/OneDrive-Raccoltecondivise-DuckyNetworkS.r.l/E-Commerce - FOTO PRODOTTO 2019_2022_2023_2024_2025/DISCHI/W-FIX/MB02FID.jpg,MB02FID,41159825,OK,"{
    ""image_id"": ""6a633f75be7ea08bfd6461f7"",
    ""thumbnail"": ""https:\/\/cdn.storeden.net\/secache\/6a633f75be7ea08bfd6461f7"",
    ""original"": ""https:\/\/egress.storeden.net\/gallery\/6a633f75be7ea08bfd6461f7""
}"
/Users/anna.nardi/Library/CloudStorage/OneDrive-Raccoltecondivise-DuckyNetworkS.r.l/E-Commerce - FOTO PRODOTTO 2019_2022_2023_2024_2025/DISCHI/R-FIX/MB03FI.jpg,MB03FI,41159826,OK,"{
    ""image_id"": ""6a633f7ce39ee1d456306524"",
    ""thumbnail"": ""https:\/\/cdn.storeden.net\/secache\/6a633f7ce39ee1d456306524"",
    ""original"": ""https:\/\/egress.storeden.net\/gallery\/6a633f7ce39ee1d456306524""
}"
/Users/anna.nardi/Library/CloudStorage/OneDrive-Raccoltecondivise-DuckyNetworkS.r.l/E-Commerce - FOTO PRODOTTO 2019_2022_2023_2024_2025/DISCHI/W-FIX/MB03FID.jpg,MB03FID,41159827,OK,"{
    ""image_id"": ""6a633f81e39ee1a65630654f"",
    ""thumbnail"": ""https:\/\/cdn.storeden.net\/secache\/6a633f81e39ee1a65630654f"",
    ""original"": ""https:\/\/egress.storeden.net\/gallery\/6a633f81e39ee1a65630654f""
}"
/Users/anna.nardi/Library/CloudStorage/OneDrive-Raccoltecondivise-DuckyNetworkS.r.l/E-Commerce - FOTO PRODOTTO 2019_2022_2023_2024_2025/DISCHI/W-FIX/MB04FID.jpg,MB04FID,41159828,OK,"{
    ""image_id"": ""6a633f87e39ee18656306534"",
    ""thumbnail"": ""https:\/\/cdn.storeden.net\/secache\/6a633f87e39ee18656306534"",
    ""original"": ""https:\/\/egress.storeden.net\/gallery\/6a633f87e39ee18656306534""
}"
/Users/anna.nardi/Library/CloudStorage/OneDrive-Raccoltecondivise-DuckyNetworkS.r.l/E-Commerce - FOTO PRODOTTO 2019_2022_2023_2024_2025/DISCHI/W-FIX/MB04RID.jpg,MB04RID,41159829,OK,"{
    ""image_id"": ""6a633f8bbe7ea0eff86461eb"",
    ""thumbnail"": ""https:\/\/cdn.storeden.net\/secache\/6a633f8bbe7ea0eff86461eb"",
    ""original"": ""https:\/\/egress.storeden.net\/gallery\/6a633f8bbe7ea0eff86461eb""
}"
/Users/anna.nardi/Library/CloudStorage/OneDrive-Raccoltecondivise-DuckyNetworkS.r.l/E-Commerce - FOTO PRODOTTO 2019_2022_2023_2024_2025/POMPE/Master Cilynder/MC3601.jpg,MC3601,41159837,OK,"{
    ""image_id"": ""6a633f90e39ee1d756306514"",
    ""thumbnail"": ""https:\/\/cdn.storeden.net\/secache\/6a633f90e39ee1d756306514"",
    ""original"": ""https:\/\/egress.storeden.net\/gallery\/6a633f90e39ee1d756306514""
}"
/Users/anna.nardi/Library/CloudStorage/OneDrive-Raccoltecondivise-DuckyNetworkS.r.l/E-Commerce - FOTO PRODOTTO 2019_2022_2023_2024_2025/POMPE/Master Cilynder/MC6601.jpg,MC6601,41159838,OK,"{
    ""image_id"": ""6a633f93e39ee1a656306560"",
    ""thumbnail"": ""https:\/\/cdn.storeden.net\/secache\/6a633f93e39ee1a656306560"",
    ""original"": ""https:\/\/egress.storeden.net\/gallery\/6a633f93e39ee1a656306560""
}"
/Users/anna.nardi/Library/CloudStorage/OneDrive-Raccoltecondivise-DuckyNetworkS.r.l/E-Commerce - FOTO PRODOTTO 2019_2022_2023_2024_2025/POMPE/Master Cilynder/MC6603.jpg,MC6603,41159839,OK,"{
    ""image_id"": ""6a633f97e39ee18856306554"",
    ""thumbnail"": ""https:\/\/cdn.storeden.net\/secache\/6a633f97e39ee18856306554"",
    ""original"": ""https:\/\/egress.storeden.net\/gallery\/6a633f97e39ee18856306554""
}"
/Users/anna.nardi/Library/CloudStorage/OneDrive-Raccoltecondivise-DuckyNetworkS.r.l/E-Commerce - FOTO PRODOTTO 2019_2022_2023_2024_2025/POMPE/Master Cilynder/MC9601.jpg,MC9601,41159840,OK,"{
    ""image_id"": ""6a633f9ae39ee1d756306521"",
    ""thumbnail"": ""https:\/\/cdn.storeden.net\/secache\/6a633f9ae39ee1d756306521"",
    ""original"": ""https:\/\/egress.storeden.net\/gallery\/6a633f9ae39ee1d756306521""
}"
/Users/anna.nardi/Library/CloudStorage/OneDrive-Raccoltecondivise-DuckyNetworkS.r.l/E-Commerce - FOTO PRODOTTO 2019_2022_2023_2024_2025/POMPE/Master Cilynder/MC9603.jpg,MC9603,41159841,OK,"{
    ""image_id"": ""6a633f9de39ee15a55306598"",
    ""thumbnail"": ""https:\/\/cdn.storeden.net\/secache\/6a633f9de39ee15a55306598"",
    ""original"": ""https:\/\/egress.storeden.net\/gallery\/6a633f9de39ee15a55306598""
}"
/Users/anna.nardi/Library/CloudStorage/OneDrive-Raccoltecondivise-DuckyNetworkS.r.l/E-Commerce - FOTO PRODOTTO 2019_2022_2023_2024_2025/DISCHI/R-FIX/MV01RID.jpg,MV01RID,41159846,OK,"{
    ""image_id"": ""6a633fa3e39ee18856306569"",
    ""thumbnail"": ""https:\/\/cdn.storeden.net\/secache\/6a633fa3e39ee18856306569"",
    ""original"": ""https:\/\/egress.storeden.net\/gallery\/6a633fa3e39ee18856306569""
}"
/Users/anna.nardi/Library/CloudStorage/OneDrive-Raccoltecondivise-DuckyNetworkS.r.l/E-Commerce - FOTO PRODOTTO 2019_2022_2023_2024_2025/KIT/Kit/OKBY18E.jpg,OKBY18E,41159849,OK,"{
    ""image_id"": ""6a633fa7e39ee10c553065c7"",
    ""thumbnail"": ""https:\/\/cdn.storeden.net\/secache\/6a633fa7e39ee10c553065c7"",
    ""original"": ""https:\/\/egress.storeden.net\/gallery\/6a633fa7e39ee10c553065c7""
}"
/Users/anna.nardi/Library/CloudStorage/OneDrive-Raccoltecondivise-DuckyNetworkS.r.l/E-Commerce - FOTO PRODOTTO 2019_2022_2023_2024_2025/KIT/Kit/OKBY19E.jpg,OKBY19E,41159850,OK,"{
    ""image_id"": ""6a633fabe39ee1a65630656d"",
    ""thumbnail"": ""https:\/\/cdn.storeden.net\/secache\/6a633fabe39ee1a65630656d"",
    ""original"": ""https:\/\/egress.storeden.net\/gallery\/6a633fabe39ee1a65630656d""
}"
/Users/anna.nardi/Library/CloudStorage/OneDrive-Raccoltecondivise-DuckyNetworkS.r.l/E-Commerce - FOTO PRODOTTO 2019_2022_2023_2024_2025/KIT/Kit/OKBY20E.jpg,OKBY20E,41159851,OK,"{
    ""image_id"": ""6a633faee39ee12357306514"",
    ""thumbnail"": ""https:\/\/cdn.storeden.net\/secache\/6a633faee39ee12357306514"",
    ""original"": ""https:\/\/egress.storeden.net\/gallery\/6a633faee39ee12357306514""
}"
/Users/anna.nardi/Library/CloudStorage/OneDrive-Raccoltecondivise-DuckyNetworkS.r.l/E-Commerce - FOTO PRODOTTO 2019_2022_2023_2024_2025/KIT/Kit/OKBY21.jpg,OKBY21,41159852,OK,"{
    ""image_id"": ""6a633fb2e39ee1c956306534"",
    ""thumbnail"": ""https:\/\/cdn.storeden.net\/secache\/6a633fb2e39ee1c956306534"",
    ""original"": ""https:\/\/egress.storeden.net\/gallery\/6a633fb2e39ee1c956306534""
}"
/Users/anna.nardi/Library/CloudStorage/OneDrive-Raccoltecondivise-DuckyNetworkS.r.l/E-Commerce - FOTO PRODOTTO 2019_2022_2023_2024_2025/KIT/Kit/OKBY21E.jpg,OKBY21E,41232128,OK,"{
    ""image_id"": ""6a633fb5be7ea0b5076461c8"",
    ""thumbnail"": ""https:\/\/cdn.storeden.net\/secache\/6a633fb5be7ea0b5076461c8"",
    ""original"": ""https:\/\/egress.storeden.net\/gallery\/6a633fb5be7ea0b5076461c8""
}"
/Users/anna.nardi/Library/CloudStorage/OneDrive-Raccoltecondivise-DuckyNetworkS.r.l/E-Commerce - FOTO PRODOTTO 2019_2022_2023_2024_2025/KIT/Kit/OKBY22E.jpg,OKBY22E,41159853,OK,"{
    ""image_id"": ""6a633fbae39ee10c553065d4"",
    ""thumbnail"": ""https:\/\/cdn.storeden.net\/secache\/6a633fbae39ee10c553065d4"",
    ""original"": ""https:\/\/egress.storeden.net\/gallery\/6a633fbae39ee10c553065d4""
}"
/Users/anna.nardi/Library/CloudStorage/OneDrive-Raccoltecondivise-DuckyNetworkS.r.l/E-Commerce - FOTO PRODOTTO 2019_2022_2023_2024_2025/KIT/Kit/OKBY23E.jpg,OKBY23E,41159854,OK,"{
    ""image_id"": ""6a633fbde39ee18656306546"",
    ""thumbnail"": ""https:\/\/cdn.storeden.net\/secache\/6a633fbde39ee18656306546"",
    ""original"": ""https:\/\/egress.storeden.net\/gallery\/6a633fbde39ee18656306546""
}"
/Users/anna.nardi/Library/CloudStorage/OneDrive-Raccoltecondivise-DuckyNetworkS.r.l/E-Commerce - FOTO PRODOTTO 2019_2022_2023_2024_2025/KIT/Kit/OKBY24E.jpg,OKBY24E,41232129,OK,"{
    ""image_id"": ""6a633fc1e39ee10b553065f6"",
    ""thumbnail"": ""https:\/\/cdn.storeden.net\/secache\/6a633fc1e39ee10b553065f6"",
    ""original"": ""https:\/\/egress.storeden.net\/gallery\/6a633fc1e39ee10b553065f6""
}"
/Users/anna.nardi/Library/CloudStorage/OneDrive-Raccoltecondivise-DuckyNetworkS.r.l/E-Commerce - FOTO PRODOTTO 2019_2022_2023_2024_2025/KIT/Kit/OKBY25E.jpg,OKBY25E,41159855,OK,"{
    ""image_id"": ""6a633fc5e39ee18656306553"",
    ""thumbnail"": ""https:\/\/cdn.storeden.net\/secache\/6a633fc5e39ee18656306553"",
    ""original"": ""https:\/\/egress.storeden.net\/gallery\/6a633fc5e39ee18656306553""
}"
/Users/anna.nardi/Library/CloudStorage/OneDrive-Raccoltecondivise-DuckyNetworkS.r.l/E-Commerce - FOTO PRODOTTO 2019_2022_2023_2024_2025/KIT/Kit/OKBY26E.jpg,OKBY26E,41232130,OK,"{
    ""image_id"": ""6a633fc8e39ee1a956306585"",
    ""thumbnail"": ""https:\/\/cdn.storeden.net\/secache\/6a633fc8e39ee1a956306585"",
    ""original"": ""https:\/\/egress.storeden.net\/gallery\/6a633fc8e39ee1a956306585""
}"
/Users/anna.nardi/Library/CloudStorage/OneDrive-Raccoltecondivise-DuckyNetworkS.r.l/E-Commerce - FOTO PRODOTTO 2019_2022_2023_2024_2025/KIT/Kit/OKBY27E.jpg,OKBY27E,41232131,OK,"{
    ""image_id"": ""6a633fcce39ee10857306515"",
    ""thumbnail"": ""https:\/\/cdn.storeden.net\/secache\/6a633fcce39ee10857306515"",
    ""original"": ""https:\/\/egress.storeden.net\/gallery\/6a633fcce39ee10857306515""
}"
/Users/anna.nardi/Library/CloudStorage/OneDrive-Raccoltecondivise-DuckyNetworkS.r.l/E-Commerce - FOTO PRODOTTO 2019_2022_2023_2024_2025/KIT/Kit/OKBY28E.jpg,OKBY28E,41159856,OK,"{
    ""image_id"": ""6a633fd0e39ee1235730653b"",
    ""thumbnail"": ""https:\/\/cdn.storeden.net\/secache\/6a633fd0e39ee1235730653b"",
    ""original"": ""https:\/\/egress.storeden.net\/gallery\/6a633fd0e39ee1235730653b""
}"
/Users/anna.nardi/Library/CloudStorage/OneDrive-Raccoltecondivise-DuckyNetworkS.r.l/E-Commerce - FOTO PRODOTTO 2019_2022_2023_2024_2025/KIT/Kit/OKBY29E.jpg,OKBY29E,41159857,OK,"{
    ""image_id"": ""6a633fd3e39ee11e57306514"",
    ""thumbnail"": ""https:\/\/cdn.storeden.net\/secache\/6a633fd3e39ee11e57306514"",
    ""original"": ""https:\/\/egress.storeden.net\/gallery\/6a633fd3e39ee11e57306514""
}"
/Users/anna.nardi/Library/CloudStorage/OneDrive-Raccoltecondivise-DuckyNetworkS.r.l/E-Commerce - FOTO PRODOTTO 2019_2022_2023_2024_2025/KIT/Kit/OKBY30E.jpg,OKBY30E,41159858,OK,"{
    ""image_id"": ""6a633fd7e39ee1155730652e"",
    ""thumbnail"": ""https:\/\/cdn.storeden.net\/secache\/6a633fd7e39ee1155730652e"",
    ""original"": ""https:\/\/egress.storeden.net\/gallery\/6a633fd7e39ee1155730652e""
}"
/Users/anna.nardi/Library/CloudStorage/OneDrive-Raccoltecondivise-DuckyNetworkS.r.l/E-Commerce - FOTO PRODOTTO 2019_2022_2023_2024_2025/KIT/Kit/OKBY31E.jpg,OKBY31E,41159859,OK,"{
    ""image_id"": ""6a633fdae39ee1d75630654b"",
    ""thumbnail"": ""https:\/\/cdn.storeden.net\/secache\/6a633fdae39ee1d75630654b"",
    ""original"": ""https:\/\/egress.storeden.net\/gallery\/6a633fdae39ee1d75630654b""
}"
/Users/anna.nardi/Library/CloudStorage/OneDrive-Raccoltecondivise-DuckyNetworkS.r.l/E-Commerce - FOTO PRODOTTO 2019_2022_2023_2024_2025/KIT/Kit/OKBY32E.jpg,OKBY32E,41159860,OK,"{
    ""image_id"": ""6a633fdee39ee11257306548"",
    ""thumbnail"": ""https:\/\/cdn.storeden.net\/secache\/6a633fdee39ee11257306548"",
    ""original"": ""https:\/\/egress.storeden.net\/gallery\/6a633fdee39ee11257306548""
}"
/Users/anna.nardi/Library/CloudStorage/OneDrive-Raccoltecondivise-DuckyNetworkS.r.l/E-Commerce - FOTO PRODOTTO 2019_2022_2023_2024_2025/KIT/Kit/OKBY33E.jpg,OKBY33E,41159861,OK,"{
    ""image_id"": ""6a633fe1be7ea0aa076461c8"",
    ""thumbnail"": ""https:\/\/cdn.storeden.net\/secache\/6a633fe1be7ea0aa076461c8"",
    ""original"": ""https:\/\/egress.storeden.net\/gallery\/6a633fe1be7ea0aa076461c8""
}"
/Users/anna.nardi/Library/CloudStorage/OneDrive-Raccoltecondivise-DuckyNetworkS.r.l/E-Commerce - FOTO PRODOTTO 2019_2022_2023_2024_2025/KIT/Kit/OKBY34E.jpg,OKBY34E,41159862,OK,"{
    ""image_id"": ""6a633fe6e39ee1c956306540"",
    ""thumbnail"": ""https:\/\/cdn.storeden.net\/secache\/6a633fe6e39ee1c956306540"",
    ""original"": ""https:\/\/egress.storeden.net\/gallery\/6a633fe6e39ee1c956306540""
}"
/Users/anna.nardi/Library/CloudStorage/OneDrive-Raccoltecondivise-DuckyNetworkS.r.l/E-Commerce - FOTO PRODOTTO 2019_2022_2023_2024_2025/KIT/Kit/OKBY35E.jpg,OKBY35E,41159863,OK,"{
    ""image_id"": ""6a633feae39ee10857306523"",
    ""thumbnail"": ""https:\/\/cdn.storeden.net\/secache\/6a633feae39ee10857306523"",
    ""original"": ""https:\/\/egress.storeden.net\/gallery\/6a633feae39ee10857306523""
}"
/Users/anna.nardi/Library/CloudStorage/OneDrive-Raccoltecondivise-DuckyNetworkS.r.l/E-Commerce - FOTO PRODOTTO 2019_2022_2023_2024_2025/KIT/Kit/OKBY36E.jpg,OKBY36E,41159864,OK,"{
    ""image_id"": ""6a633fede39ee1025730654f"",
    ""thumbnail"": ""https:\/\/cdn.storeden.net\/secache\/6a633fede39ee1025730654f"",
    ""original"": ""https:\/\/egress.storeden.net\/gallery\/6a633fede39ee1025730654f""
}"
/Users/anna.nardi/Library/CloudStorage/OneDrive-Raccoltecondivise-DuckyNetworkS.r.l/E-Commerce - FOTO PRODOTTO 2019_2022_2023_2024_2025/KIT/Kit/OKI64.jpg,OKI64,41159865,OK,"{
    ""image_id"": ""6a633ff7e39ee18f57306514"",
    ""thumbnail"": ""https:\/\/cdn.storeden.net\/secache\/6a633ff7e39ee18f57306514"",
    ""original"": ""https:\/\/egress.storeden.net\/gallery\/6a633ff7e39ee18f57306514""
}"
/Users/anna.nardi/Library/CloudStorage/OneDrive-Raccoltecondivise-DuckyNetworkS.r.l/E-Commerce - FOTO PRODOTTO 2019_2022_2023_2024_2025/KIT/Kit/OKI80.jpg,OKI80,41159866,OK,"{
    ""image_id"": ""6a634008e39ee1125730658c"",
    ""thumbnail"": ""https:\/\/cdn.storeden.net\/secache\/6a634008e39ee1125730658c"",
    ""original"": ""https:\/\/egress.storeden.net\/gallery\/6a634008e39ee1125730658c""
}"
/Users/anna.nardi/Library/CloudStorage/OneDrive-Raccoltecondivise-DuckyNetworkS.r.l/E-Commerce - FOTO PRODOTTO 2019_2022_2023_2024_2025/KIT/Kit/OKI87.jpg,OKI87,41159867,OK,"{
    ""image_id"": ""6a634017e39ee1ad57306514"",
    ""thumbnail"": ""https:\/\/cdn.storeden.net\/secache\/6a634017e39ee1ad57306514"",
    ""original"": ""https:\/\/egress.storeden.net\/gallery\/6a634017e39ee1ad57306514""
}"
/Users/anna.nardi/Library/CloudStorage/OneDrive-Raccoltecondivise-DuckyNetworkS.r.l/E-Commerce - FOTO PRODOTTO 2019_2022_2023_2024_2025/KIT/Kit/OKI89.jpg,OKI89,41159868,OK,"{
    ""image_id"": ""6a634026e39ee11e57306540"",
    ""thumbnail"": ""https:\/\/cdn.storeden.net\/secache\/6a634026e39ee11e57306540"",
    ""original"": ""https:\/\/egress.storeden.net\/gallery\/6a634026e39ee11e57306540""
}"
/Users/anna.nardi/Library/CloudStorage/OneDrive-Raccoltecondivise-DuckyNetworkS.r.l/E-Commerce - FOTO PRODOTTO 2019_2022_2023_2024_2025/KIT/Kit/OKRH01.jpg,OKRH01,41159871,OK,"{
    ""image_id"": ""6a634038be7ea0be076461cc"",
    ""thumbnail"": ""https:\/\/cdn.storeden.net\/secache\/6a634038be7ea0be076461cc"",
    ""original"": ""https:\/\/egress.storeden.net\/gallery\/6a634038be7ea0be076461cc""
}"
/Users/anna.nardi/Library/CloudStorage/OneDrive-Raccoltecondivise-DuckyNetworkS.r.l/E-Commerce - FOTO PRODOTTO 2019_2022_2023_2024_2025/KIT/Kit/OKS301.jpg,OKS301,41159874,OK,"{
    ""image_id"": ""6a63404ee39ee1b75730651e"",
    ""thumbnail"": ""https:\/\/cdn.storeden.net\/secache\/6a63404ee39ee1b75730651e"",
    ""original"": ""https:\/\/egress.storeden.net\/gallery\/6a63404ee39ee1b75730651e""
}"
/Users/anna.nardi/Library/CloudStorage/OneDrive-Raccoltecondivise-DuckyNetworkS.r.l/E-Commerce - FOTO PRODOTTO 2019_2022_2023_2024_2025/KIT/Kit/OKS305.jpg,OKS305,41159875,OK,"{
    ""image_id"": ""6a634061be7ea048e6646285"",
    ""thumbnail"": ""https:\/\/cdn.storeden.net\/secache\/6a634061be7ea048e6646285"",
    ""original"": ""https:\/\/egress.storeden.net\/gallery\/6a634061be7ea048e6646285""
}"
/Users/anna.nardi/Library/CloudStorage/OneDrive-Raccoltecondivise-DuckyNetworkS.r.l/E-Commerce - FOTO PRODOTTO 2019_2022_2023_2024_2025/KIT/Kit/OKS307.jpg,OKS307,41159876,OK,"{
    ""image_id"": ""6a63407be39ee1fc5730651b"",
    ""thumbnail"": ""https:\/\/cdn.storeden.net\/secache\/6a63407be39ee1fc5730651b"",
    ""original"": ""https:\/\/egress.storeden.net\/gallery\/6a63407be39ee1fc5730651b""
}"
/Users/anna.nardi/Library/CloudStorage/OneDrive-Raccoltecondivise-DuckyNetworkS.r.l/E-Commerce - FOTO PRODOTTO 2019_2022_2023_2024_2025/KIT/Kit/OKS308.jpg,OKS308,41159877,OK,"{
    ""image_id"": ""6a634091e39ee108573065b3"",
    ""thumbnail"": ""https:\/\/cdn.storeden.net\/secache\/6a634091e39ee108573065b3"",
    ""original"": ""https:\/\/egress.storeden.net\/gallery\/6a634091e39ee108573065b3""
}"
/Users/anna.nardi/Library/CloudStorage/OneDrive-Raccoltecondivise-DuckyNetworkS.r.l/E-Commerce - FOTO PRODOTTO 2019_2022_2023_2024_2025/KIT/Kit/OKS309.jpg,OKS309,41159878,OK,"{
    ""image_id"": ""6a6340a6be7ea0550b6461c3"",
    ""thumbnail"": ""https:\/\/cdn.storeden.net\/secache\/6a6340a6be7ea0550b6461c3"",
    ""original"": ""https:\/\/egress.storeden.net\/gallery\/6a6340a6be7ea0550b6461c3""
}"
/Users/anna.nardi/Library/CloudStorage/OneDrive-Raccoltecondivise-DuckyNetworkS.r.l/E-Commerce - FOTO PRODOTTO 2019_2022_2023_2024_2025/KIT/Kit/OKS311.jpg,OKS311,41159879,OK,"{
    ""image_id"": ""6a6340bbe39ee102573065ab"",
    ""thumbnail"": ""https:\/\/cdn.storeden.net\/secache\/6a6340bbe39ee102573065ab"",
    ""original"": ""https:\/\/egress.storeden.net\/gallery\/6a6340bbe39ee102573065ab""
}"
/Users/anna.nardi/Library/CloudStorage/OneDrive-Raccoltecondivise-DuckyNetworkS.r.l/E-Commerce - FOTO PRODOTTO 2019_2022_2023_2024_2025/KIT/Kit/OKWH01.jpg,OKWH01,41232132,OK,"{
    ""image_id"": ""6a6340cbe39ee11e573065ba"",
    ""thumbnail"": ""https:\/\/cdn.storeden.net\/secache\/6a6340cbe39ee11e573065ba"",
    ""original"": ""https:\/\/egress.storeden.net\/gallery\/6a6340cbe39ee11e573065ba""
}"
/Users/anna.nardi/Library/CloudStorage/OneDrive-Raccoltecondivise-DuckyNetworkS.r.l/E-Commerce - FOTO PRODOTTO 2019_2022_2023_2024_2025/KIT/Kit/OKWK01.jpg,OKWK01,41159881,OK,"{
    ""image_id"": ""6a6340d1e39ee19e58306516"",
    ""thumbnail"": ""https:\/\/cdn.storeden.net\/secache\/6a6340d1e39ee19e58306516"",
    ""original"": ""https:\/\/egress.storeden.net\/gallery\/6a6340d1e39ee19e58306516""
}"
/Users/anna.nardi/Library/CloudStorage/OneDrive-Raccoltecondivise-DuckyNetworkS.r.l/E-Commerce - FOTO PRODOTTO 2019_2022_2023_2024_2025/KIT/Kit/OKWK02.jpg,OKWK02,41159882,OK,"{
    ""image_id"": ""6a6340d3e39ee102573065d8"",
    ""thumbnail"": ""https:\/\/cdn.storeden.net\/secache\/6a6340d3e39ee102573065d8"",
    ""original"": ""https:\/\/egress.storeden.net\/gallery\/6a6340d3e39ee102573065d8""
}"
/Users/anna.nardi/Library/CloudStorage/OneDrive-Raccoltecondivise-DuckyNetworkS.r.l/E-Commerce - FOTO PRODOTTO 2019_2022_2023_2024_2025/KIT/Kit/OKWK04.jpg,OKWK04,41159884,OK,"{
    ""image_id"": ""6a6340d5be7ea07a076461fe"",
    ""thumbnail"": ""https:\/\/cdn.storeden.net\/secache\/6a6340d5be7ea07a076461fe"",
    ""original"": ""https:\/\/egress.storeden.net\/gallery\/6a6340d5be7ea07a076461fe""
}"
/Users/anna.nardi/Library/CloudStorage/OneDrive-Raccoltecondivise-DuckyNetworkS.r.l/E-Commerce - FOTO PRODOTTO 2019_2022_2023_2024_2025/KIT/Kit/OKWK05.jpg,OKWK05,41159885,OK,"{
    ""image_id"": ""6a6340d7e39ee1f05730653a"",
    ""thumbnail"": ""https:\/\/cdn.storeden.net\/secache\/6a6340d7e39ee1f05730653a"",
    ""original"": ""https:\/\/egress.storeden.net\/gallery\/6a6340d7e39ee1f05730653a""
}"
/Users/anna.nardi/Library/CloudStorage/OneDrive-Raccoltecondivise-DuckyNetworkS.r.l/E-Commerce - FOTO PRODOTTO 2019_2022_2023_2024_2025/KIT/Kit/OKWK06.jpg,OKWK06,41159886,OK,"{
    ""image_id"": ""6a6340dee39ee1ae57306582"",
    ""thumbnail"": ""https:\/\/cdn.storeden.net\/secache\/6a6340dee39ee1ae57306582"",
    ""original"": ""https:\/\/egress.storeden.net\/gallery\/6a6340dee39ee1ae57306582""
}"
/Users/anna.nardi/Library/CloudStorage/OneDrive-Raccoltecondivise-DuckyNetworkS.r.l/E-Commerce - FOTO PRODOTTO 2019_2022_2023_2024_2025/KIT/Kit/OKWK07.jpg,OKWK07,41159887,OK,"{
    ""image_id"": ""6a6340e4e39ee10c55306614"",
    ""thumbnail"": ""https:\/\/cdn.storeden.net\/secache\/6a6340e4e39ee10c55306614"",
    ""original"": ""https:\/\/egress.storeden.net\/gallery\/6a6340e4e39ee10c55306614""
}"
/Users/anna.nardi/Library/CloudStorage/OneDrive-Raccoltecondivise-DuckyNetworkS.r.l/E-Commerce - FOTO PRODOTTO 2019_2022_2023_2024_2025/KIT/Kit/OKWK08.jpg,OKWK08,41159888,OK,"{
    ""image_id"": ""6a6340e6e39ee1f057306546"",
    ""thumbnail"": ""https:\/\/cdn.storeden.net\/secache\/6a6340e6e39ee1f057306546"",
    ""original"": ""https:\/\/egress.storeden.net\/gallery\/6a6340e6e39ee1f057306546""
}"
/Users/anna.nardi/Library/CloudStorage/OneDrive-Raccoltecondivise-DuckyNetworkS.r.l/E-Commerce - FOTO PRODOTTO 2019_2022_2023_2024_2025/KIT/Kit/OKWK09.jpg,OKWK09,41159889,OK,"{
    ""image_id"": ""6a6340f3be7ea0bfeb646267"",
    ""thumbnail"": ""https:\/\/cdn.storeden.net\/secache\/6a6340f3be7ea0bfeb646267"",
    ""original"": ""https:\/\/egress.storeden.net\/gallery\/6a6340f3be7ea0bfeb646267""
}"
/Users/anna.nardi/Library/CloudStorage/OneDrive-Raccoltecondivise-DuckyNetworkS.r.l/E-Commerce - FOTO PRODOTTO 2019_2022_2023_2024_2025/KIT/Kit/OKWK10.jpg,OKWK10,41159890,OK,"{
    ""image_id"": ""6a634101e39ee13e58306523"",
    ""thumbnail"": ""https:\/\/cdn.storeden.net\/secache\/6a634101e39ee13e58306523"",
    ""original"": ""https:\/\/egress.storeden.net\/gallery\/6a634101e39ee13e58306523""
}"
/Users/anna.nardi/Library/CloudStorage/OneDrive-Raccoltecondivise-DuckyNetworkS.r.l/E-Commerce - FOTO PRODOTTO 2019_2022_2023_2024_2025/KIT/Kit/OKWK11.jpg,OKWK11,41159891,OK,"{
    ""image_id"": ""6a63410de39ee1d258306515"",
    ""thumbnail"": ""https:\/\/cdn.storeden.net\/secache\/6a63410de39ee1d258306515"",
    ""original"": ""https:\/\/egress.storeden.net\/gallery\/6a63410de39ee1d258306515""
}"
/Users/anna.nardi/Library/CloudStorage/OneDrive-Raccoltecondivise-DuckyNetworkS.r.l/E-Commerce - FOTO PRODOTTO 2019_2022_2023_2024_2025/KIT/Kit/OKWK12.jpg,OKWK12,41159892,OK,"{
    ""image_id"": ""6a63411dbe7ea067076461d9"",
    ""thumbnail"": ""https:\/\/cdn.storeden.net\/secache\/6a63411dbe7ea067076461d9"",
    ""original"": ""https:\/\/egress.storeden.net\/gallery\/6a63411dbe7ea067076461d9""
}"
/Users/anna.nardi/Library/CloudStorage/OneDrive-Raccoltecondivise-DuckyNetworkS.r.l/E-Commerce - FOTO PRODOTTO 2019_2022_2023_2024_2025/KIT/Kit/OKWL01.jpg,OKWL01,41159894,OK,"{
    ""image_id"": ""6a634133e39ee1d35830655d"",
    ""thumbnail"": ""https:\/\/cdn.storeden.net\/secache\/6a634133e39ee1d35830655d"",
    ""original"": ""https:\/\/egress.storeden.net\/gallery\/6a634133e39ee1d35830655d""
}"
/Users/anna.nardi/Library/CloudStorage/OneDrive-Raccoltecondivise-DuckyNetworkS.r.l/E-Commerce - FOTO PRODOTTO 2019_2022_2023_2024_2025/KIT/Kit/OKWL03.jpg,OKWL03,41232133,OK,"{
    ""image_id"": ""6a634142e39ee1ff5830651c"",
    ""thumbnail"": ""https:\/\/cdn.storeden.net\/secache\/6a634142e39ee1ff5830651c"",
    ""original"": ""https:\/\/egress.storeden.net\/gallery\/6a634142e39ee1ff5830651c""
}"
/Users/anna.nardi/Library/CloudStorage/OneDrive-Raccoltecondivise-DuckyNetworkS.r.l/E-Commerce - FOTO PRODOTTO 2019_2022_2023_2024_2025/KIT/Kit/OKWL04.jpg,OKWL04,41227088,OK,"{
    ""image_id"": ""6a634150e39ee11e57306614"",
    ""thumbnail"": ""https:\/\/cdn.storeden.net\/secache\/6a634150e39ee11e57306614"",
    ""original"": ""https:\/\/egress.storeden.net\/gallery\/6a634150e39ee11e57306614""
}"
/Users/anna.nardi/Library/CloudStorage/OneDrive-Raccoltecondivise-DuckyNetworkS.r.l/E-Commerce - FOTO PRODOTTO 2019_2022_2023_2024_2025/KIT/Kit/OKWL06.jpg,OKWL06,41159895,OK,"{
    ""image_id"": ""6a63415fe39ee11f59306517"",
    ""thumbnail"": ""https:\/\/cdn.storeden.net\/secache\/6a63415fe39ee11f59306517"",
    ""original"": ""https:\/\/egress.storeden.net\/gallery\/6a63415fe39ee11f59306517""
}"
/Users/anna.nardi/Library/CloudStorage/OneDrive-Raccoltecondivise-DuckyNetworkS.r.l/E-Commerce - FOTO PRODOTTO 2019_2022_2023_2024_2025/KIT/Kit/OKWL07.jpg,OKWL07,41159896,OK,"{
    ""image_id"": ""6a63416be39ee12159306523"",
    ""thumbnail"": ""https:\/\/cdn.storeden.net\/secache\/6a63416be39ee12159306523"",
    ""original"": ""https:\/\/egress.storeden.net\/gallery\/6a63416be39ee12159306523""
}"
/Users/anna.nardi/Library/CloudStorage/OneDrive-Raccoltecondivise-DuckyNetworkS.r.l/E-Commerce - FOTO PRODOTTO 2019_2022_2023_2024_2025/KIT/Kit/OKWL08.jpg,OKWL08,41159897,OK,"{
    ""image_id"": ""6a63417bbe7ea0e1f8646223"",
    ""thumbnail"": ""https:\/\/cdn.storeden.net\/secache\/6a63417bbe7ea0e1f8646223"",
    ""original"": ""https:\/\/egress.storeden.net\/gallery\/6a63417bbe7ea0e1f8646223""
}"
/Users/anna.nardi/Library/CloudStorage/OneDrive-Raccoltecondivise-DuckyNetworkS.r.l/E-Commerce - FOTO PRODOTTO 2019_2022_2023_2024_2025/KIT/Kit/OKWL12.jpg,OKWL12,41159898,OK,"{
    ""image_id"": ""6a634191e39ee121593065be"",
    ""thumbnail"": ""https:\/\/cdn.storeden.net\/secache\/6a634191e39ee121593065be"",
    ""original"": ""https:\/\/egress.storeden.net\/gallery\/6a634191e39ee121593065be""
}"
/Users/anna.nardi/Library/CloudStorage/OneDrive-Raccoltecondivise-DuckyNetworkS.r.l/E-Commerce - FOTO PRODOTTO 2019_2022_2023_2024_2025/KIT/Kit/OKWL14.jpg,OKWL14,41159899,OK,"{
    ""image_id"": ""6a6341a0e39ee10257306724"",
    ""thumbnail"": ""https:\/\/cdn.storeden.net\/secache\/6a6341a0e39ee10257306724"",
    ""original"": ""https:\/\/egress.storeden.net\/gallery\/6a6341a0e39ee10257306724""
}"
/Users/anna.nardi/Library/CloudStorage/OneDrive-Raccoltecondivise-DuckyNetworkS.r.l/E-Commerce - FOTO PRODOTTO 2019_2022_2023_2024_2025/KIT/Kit/OKWL15.jpg,OKWL15,41159900,OK,"{
    ""image_id"": ""6a6341afe39ee19e5830656e"",
    ""thumbnail"": ""https:\/\/cdn.storeden.net\/secache\/6a6341afe39ee19e5830656e"",
    ""original"": ""https:\/\/egress.storeden.net\/gallery\/6a6341afe39ee19e5830656e""
}"
/Users/anna.nardi/Library/CloudStorage/OneDrive-Raccoltecondivise-DuckyNetworkS.r.l/E-Commerce - FOTO PRODOTTO 2019_2022_2023_2024_2025/PASTIGLIE/P1R/P1R786.jpg,P1R786,41159901,OK,"{
    ""image_id"": ""6a6341bce39ee14059306536"",
    ""thumbnail"": ""https:\/\/cdn.storeden.net\/secache\/6a6341bce39ee14059306536"",
    ""original"": ""https:\/\/egress.storeden.net\/gallery\/6a6341bce39ee14059306536""
}"
/Users/anna.nardi/Library/CloudStorage/OneDrive-Raccoltecondivise-DuckyNetworkS.r.l/E-Commerce - FOTO PRODOTTO 2019_2022_2023_2024_2025/PASTIGLIE/P1R/P1R898.jpg,P1R898,41159902,OK,"{
    ""image_id"": ""6a6341c8e39ee1b75730663a"",
    ""thumbnail"": ""https:\/\/cdn.storeden.net\/secache\/6a6341c8e39ee1b75730663a"",
    ""original"": ""https:\/\/egress.storeden.net\/gallery\/6a6341c8e39ee1b75730663a""
}"
/Users/anna.nardi/Library/CloudStorage/OneDrive-Raccoltecondivise-DuckyNetworkS.r.l/E-Commerce - FOTO PRODOTTO 2019_2022_2023_2024_2025/PASTIGLIE/P1R/P1R899.jpg,P1R899,41159903,OK,"{
    ""image_id"": ""6a6341d5e39ee15859306518"",
    ""thumbnail"": ""https:\/\/cdn.storeden.net\/secache\/6a6341d5e39ee15859306518"",
    ""original"": ""https:\/\/egress.storeden.net\/gallery\/6a6341d5e39ee15859306518""
}"
/Users/anna.nardi/Library/CloudStorage/OneDrive-Raccoltecondivise-DuckyNetworkS.r.l/E-Commerce - FOTO PRODOTTO 2019_2022_2023_2024_2025/PASTIGLIE/P1R/P1R927.jpg,P1R927,41159904,OK,"{
    ""image_id"": ""6a6341e4e39ee1b559306517"",
    ""thumbnail"": ""https:\/\/cdn.storeden.net\/secache\/6a6341e4e39ee1b559306517"",
    ""original"": ""https:\/\/egress.storeden.net\/gallery\/6a6341e4e39ee1b559306517""
}"
/Users/anna.nardi/Library/CloudStorage/OneDrive-Raccoltecondivise-DuckyNetworkS.r.l/E-Commerce - FOTO PRODOTTO 2019_2022_2023_2024_2025/PASTIGLIE/P1R/P1R928.jpg,P1R928,41159905,OK,"{
    ""image_id"": ""6a6341eee39ee14259306543"",
    ""thumbnail"": ""https:\/\/cdn.storeden.net\/secache\/6a6341eee39ee14259306543"",
    ""original"": ""https:\/\/egress.storeden.net\/gallery\/6a6341eee39ee14259306543""
}"
/Users/anna.nardi/Library/CloudStorage/OneDrive-Raccoltecondivise-DuckyNetworkS.r.l/E-Commerce - FOTO PRODOTTO 2019_2022_2023_2024_2025/PASTIGLIE/P1R/P1R930.jpg,P1R930,41159906,OK,"{
    ""image_id"": ""6a6341fae39ee19e58306601"",
    ""thumbnail"": ""https:\/\/cdn.storeden.net\/secache\/6a6341fae39ee19e58306601"",
    ""original"": ""https:\/\/egress.storeden.net\/gallery\/6a6341fae39ee19e58306601""
}"
/Users/anna.nardi/Library/CloudStorage/OneDrive-Raccoltecondivise-DuckyNetworkS.r.l/E-Commerce - FOTO PRODOTTO 2019_2022_2023_2024_2025/PASTIGLIE/P1R/P1R947.jpg,P1R947,41159907,OK,"{
    ""image_id"": ""6a634207be7ea067026461f0"",
    ""thumbnail"": ""https:\/\/cdn.storeden.net\/secache\/6a634207be7ea067026461f0"",
    ""original"": ""https:\/\/egress.storeden.net\/gallery\/6a634207be7ea067026461f0""
}"
/Users/anna.nardi/Library/CloudStorage/OneDrive-Raccoltecondivise-DuckyNetworkS.r.l/E-Commerce - FOTO PRODOTTO 2019_2022_2023_2024_2025/PASTIGLIE/P2R/P2R223.jpg,P2R223,41159999,OK,"{
    ""image_id"": ""6a63420ee39ee1d258306584"",
    ""thumbnail"": ""https:\/\/cdn.storeden.net\/secache\/6a63420ee39ee1d258306584"",
    ""original"": ""https:\/\/egress.storeden.net\/gallery\/6a63420ee39ee1d258306584""
}"
/Users/anna.nardi/Library/CloudStorage/OneDrive-Raccoltecondivise-DuckyNetworkS.r.l/E-Commerce - FOTO PRODOTTO 2019_2022_2023_2024_2025/PASTIGLIE/P2R/P2R224.jpg,P2R224,41160000,OK,"{
    ""image_id"": ""6a634210e39ee12559306564"",
    ""thumbnail"": ""https:\/\/cdn.storeden.net\/secache\/6a634210e39ee12559306564"",
    ""original"": ""https:\/\/egress.storeden.net\/gallery\/6a634210e39ee12559306564""
}"
/Users/anna.nardi/Library/CloudStorage/OneDrive-Raccoltecondivise-DuckyNetworkS.r.l/E-Commerce - FOTO PRODOTTO 2019_2022_2023_2024_2025/PASTIGLIE/P2R/P2R776.jpg,P2R776,41160001,OK,"{
    ""image_id"": ""6a634212e39ee1d3583065cb"",
    ""thumbnail"": ""https:\/\/cdn.storeden.net\/secache\/6a634212e39ee1d3583065cb"",
    ""original"": ""https:\/\/egress.storeden.net\/gallery\/6a634212e39ee1d3583065cb""
}"
/Users/anna.nardi/Library/CloudStorage/OneDrive-Raccoltecondivise-DuckyNetworkS.r.l/E-Commerce - FOTO PRODOTTO 2019_2022_2023_2024_2025/PASTIGLIE/P2R/P2R960.jpg,P2R960,41160002,OK,"{
    ""image_id"": ""6a634214e39ee1ce58306577"",
    ""thumbnail"": ""https:\/\/cdn.storeden.net\/secache\/6a634214e39ee1ce58306577"",
    ""original"": ""https:\/\/egress.storeden.net\/gallery\/6a634214e39ee1ce58306577""
}"
/Users/anna.nardi/Library/CloudStorage/OneDrive-Raccoltecondivise-DuckyNetworkS.r.l/E-Commerce - FOTO PRODOTTO 2019_2022_2023_2024_2025/PASTIGLIE/P2R/P2R978.jpg,P2R978,41160003,OK,"{
    ""image_id"": ""6a634215e39ee1cf59306516"",
    ""thumbnail"": ""https:\/\/cdn.storeden.net\/secache\/6a634215e39ee1cf59306516"",
    ""original"": ""https:\/\/egress.storeden.net\/gallery\/6a634215e39ee1cf59306516""
}"
/Users/anna.nardi/Library/CloudStorage/OneDrive-Raccoltecondivise-DuckyNetworkS.r.l/E-Commerce - FOTO PRODOTTO 2019_2022_2023_2024_2025/PASTIGLIE/P2R/P2R994.jpg,P2R994,41160004,OK,"{
    ""image_id"": ""6a634217e39ee1b75730665b"",
    ""thumbnail"": ""https:\/\/cdn.storeden.net\/secache\/6a634217e39ee1b75730665b"",
    ""original"": ""https:\/\/egress.storeden.net\/gallery\/6a634217e39ee1b75730665b""
}"
/Users/anna.nardi/Library/CloudStorage/OneDrive-Raccoltecondivise-DuckyNetworkS.r.l/E-Commerce - FOTO PRODOTTO 2019_2022_2023_2024_2025/PASTIGLIE/P30/P30653.jpg,P30653,41160007,OK,"{
    ""image_id"": ""6a634223be7ea03e126461ca"",
    ""thumbnail"": ""https:\/\/cdn.storeden.net\/secache\/6a634223be7ea03e126461ca"",
    ""original"": ""https:\/\/egress.storeden.net\/gallery\/6a634223be7ea03e126461ca""
}"
/Users/anna.nardi/Library/CloudStorage/OneDrive-Raccoltecondivise-DuckyNetworkS.r.l/E-Commerce - FOTO PRODOTTO 2019_2022_2023_2024_2025/PASTIGLIE/P30/P30667.jpg,P30667,41160008,OK,"{
    ""image_id"": ""6a634232e39ee1dd59306514"",
    ""thumbnail"": ""https:\/\/cdn.storeden.net\/secache\/6a634232e39ee1dd59306514"",
    ""original"": ""https:\/\/egress.storeden.net\/gallery\/6a634232e39ee1dd59306514""
}"
/Users/anna.nardi/Library/CloudStorage/OneDrive-Raccoltecondivise-DuckyNetworkS.r.l/E-Commerce - FOTO PRODOTTO 2019_2022_2023_2024_2025/PASTIGLIE/P30/P30696.jpg,P30696,41160009,OK,"{
    ""image_id"": ""6a63423ae39ee1c459306537"",
    ""thumbnail"": ""https:\/\/cdn.storeden.net\/secache\/6a63423ae39ee1c459306537"",
    ""original"": ""https:\/\/egress.storeden.net\/gallery\/6a63423ae39ee1c459306537""
}"
/Users/anna.nardi/Library/CloudStorage/OneDrive-Raccoltecondivise-DuckyNetworkS.r.l/E-Commerce - FOTO PRODOTTO 2019_2022_2023_2024_2025/PASTIGLIE/P30/P30716.jpg,P30716,41160010,OK,"{
    ""image_id"": ""6a634244e39ee1c95830658e"",
    ""thumbnail"": ""https:\/\/cdn.storeden.net\/secache\/6a634244e39ee1c95830658e"",
    ""original"": ""https:\/\/egress.storeden.net\/gallery\/6a634244e39ee1c95830658e""
}"
/Users/anna.nardi/Library/CloudStorage/OneDrive-Raccoltecondivise-DuckyNetworkS.r.l/E-Commerce - FOTO PRODOTTO 2019_2022_2023_2024_2025/PASTIGLIE/P30/P30725.jpg,P30725,41160011,OK,"{
    ""image_id"": ""6a634251e39ee1255930657b"",
    ""thumbnail"": ""https:\/\/cdn.storeden.net\/secache\/6a634251e39ee1255930657b"",
    ""original"": ""https:\/\/egress.storeden.net\/gallery\/6a634251e39ee1255930657b""
}"
/Users/anna.nardi/Library/CloudStorage/OneDrive-Raccoltecondivise-DuckyNetworkS.r.l/E-Commerce - FOTO PRODOTTO 2019_2022_2023_2024_2025/PASTIGLIE/P30/P30748.jpg,P30748,41160012,OK,"{
    ""image_id"": ""6a63425fe39ee1dc5930651e"",
    ""thumbnail"": ""https:\/\/cdn.storeden.net\/secache\/6a63425fe39ee1dc5930651e"",
    ""original"": ""https:\/\/egress.storeden.net\/gallery\/6a63425fe39ee1dc5930651e""
}"
/Users/anna.nardi/Library/CloudStorage/OneDrive-Raccoltecondivise-DuckyNetworkS.r.l/E-Commerce - FOTO PRODOTTO 2019_2022_2023_2024_2025/PASTIGLIE/P30/P30750.jpg,P30750,41160013,OK,"{
    ""image_id"": ""6a63426be39ee14059306577"",
    ""thumbnail"": ""https:\/\/cdn.storeden.net\/secache\/6a63426be39ee14059306577"",
    ""original"": ""https:\/\/egress.storeden.net\/gallery\/6a63426be39ee14059306577""
}"
/Users/anna.nardi/Library/CloudStorage/OneDrive-Raccoltecondivise-DuckyNetworkS.r.l/E-Commerce - FOTO PRODOTTO 2019_2022_2023_2024_2025/PASTIGLIE/P30/P30777.jpg,P30777,41160014,OK,"{
    ""image_id"": ""6a63427ce39ee1aa59306539"",
    ""thumbnail"": ""https:\/\/cdn.storeden.net\/secache\/6a63427ce39ee1aa59306539"",
    ""original"": ""https:\/\/egress.storeden.net\/gallery\/6a63427ce39ee1aa59306539""
}"
/Users/anna.nardi/Library/CloudStorage/OneDrive-Raccoltecondivise-DuckyNetworkS.r.l/E-Commerce - FOTO PRODOTTO 2019_2022_2023_2024_2025/PASTIGLIE/P30/P30786.jpg,P30786,41160015,OK,"{
    ""image_id"": ""6a63428abe7ea0f2156461c6"",
    ""thumbnail"": ""https:\/\/cdn.storeden.net\/secache\/6a63428abe7ea0f2156461c6"",
    ""original"": ""https:\/\/egress.storeden.net\/gallery\/6a63428abe7ea0f2156461c6""
}"
/Users/anna.nardi/Library/CloudStorage/OneDrive-Raccoltecondivise-DuckyNetworkS.r.l/E-Commerce - FOTO PRODOTTO 2019_2022_2023_2024_2025/PASTIGLIE/P30/P30808.jpg,P30808,41160016,OK,"{
    ""image_id"": ""6a634299e39ee1ce583065af"",
    ""thumbnail"": ""https:\/\/cdn.storeden.net\/secache\/6a634299e39ee1ce583065af"",
    ""original"": ""https:\/\/egress.storeden.net\/gallery\/6a634299e39ee1ce583065af""
}"
/Users/anna.nardi/Library/CloudStorage/OneDrive-Raccoltecondivise-DuckyNetworkS.r.l/E-Commerce - FOTO PRODOTTO 2019_2022_2023_2024_2025/PASTIGLIE/P30/P30813.jpg,P30813,41160017,OK,"{
    ""image_id"": ""6a6342a9e39ee1aa5930655f"",
    ""thumbnail"": ""https:\/\/cdn.storeden.net\/secache\/6a6342a9e39ee1aa5930655f"",
    ""original"": ""https:\/\/egress.storeden.net\/gallery\/6a6342a9e39ee1aa5930655f""
}"
/Users/anna.nardi/Library/CloudStorage/OneDrive-Raccoltecondivise-DuckyNetworkS.r.l/E-Commerce - FOTO PRODOTTO 2019_2022_2023_2024_2025/PASTIGLIE/P30/P30822.jpg,P30822,41160018,OK,"{
    ""image_id"": ""6a6342b7e39ee1aa5930657a"",
    ""thumbnail"": ""https:\/\/cdn.storeden.net\/secache\/6a6342b7e39ee1aa5930657a"",
    ""original"": ""https:\/\/egress.storeden.net\/gallery\/6a6342b7e39ee1aa5930657a""
}"
/Users/anna.nardi/Library/CloudStorage/OneDrive-Raccoltecondivise-DuckyNetworkS.r.l/E-Commerce - FOTO PRODOTTO 2019_2022_2023_2024_2025/PASTIGLIE/P30/P30828.jpg,P30828,41160019,OK,"{
    ""image_id"": ""6a6342c2e39ee1685a306514"",
    ""thumbnail"": ""https:\/\/cdn.storeden.net\/secache\/6a6342c2e39ee1685a306514"",
    ""original"": ""https:\/\/egress.storeden.net\/gallery\/6a6342c2e39ee1685a306514""
}"
/Users/anna.nardi/Library/CloudStorage/OneDrive-Raccoltecondivise-DuckyNetworkS.r.l/E-Commerce - FOTO PRODOTTO 2019_2022_2023_2024_2025/PASTIGLIE/P30/P30830.jpg,P30830,41160020,OK,"{
    ""image_id"": ""6a6342d4e39ee1d35830662f"",
    ""thumbnail"": ""https:\/\/cdn.storeden.net\/secache\/6a6342d4e39ee1d35830662f"",
    ""original"": ""https:\/\/egress.storeden.net\/gallery\/6a6342d4e39ee1d35830662f""
}"
/Users/anna.nardi/Library/CloudStorage/OneDrive-Raccoltecondivise-DuckyNetworkS.r.l/E-Commerce - FOTO PRODOTTO 2019_2022_2023_2024_2025/PASTIGLIE/P30/P30853.jpg,P30853,41160021,OK,"{
    ""image_id"": ""6a6342e6be7ea046126461f6"",
    ""thumbnail"": ""https:\/\/cdn.storeden.net\/secache\/6a6342e6be7ea046126461f6"",
    ""original"": ""https:\/\/egress.storeden.net\/gallery\/6a6342e6be7ea046126461f6""
}"
/Users/anna.nardi/Library/CloudStorage/OneDrive-Raccoltecondivise-DuckyNetworkS.r.l/E-Commerce - FOTO PRODOTTO 2019_2022_2023_2024_2025/PASTIGLIE/P30/P30868.jpg,P30868,41160022,OK,"{
    ""image_id"": ""6a6342f7be7ea09e156461c7"",
    ""thumbnail"": ""https:\/\/cdn.storeden.net\/secache\/6a6342f7be7ea09e156461c7"",
    ""original"": ""https:\/\/egress.storeden.net\/gallery\/6a6342f7be7ea09e156461c7""
}"
/Users/anna.nardi/Library/CloudStorage/OneDrive-Raccoltecondivise-DuckyNetworkS.r.l/E-Commerce - FOTO PRODOTTO 2019_2022_2023_2024_2025/PASTIGLIE/P30/P30888.jpg,P30888,41160023,OK,"{
    ""image_id"": ""6a634308e39ee1aa5930659c"",
    ""thumbnail"": ""https:\/\/cdn.storeden.net\/secache\/6a634308e39ee1aa5930659c"",
    ""original"": ""https:\/\/egress.storeden.net\/gallery\/6a634308e39ee1aa5930659c""
}"
/Users/anna.nardi/Library/CloudStorage/OneDrive-Raccoltecondivise-DuckyNetworkS.r.l/E-Commerce - FOTO PRODOTTO 2019_2022_2023_2024_2025/PASTIGLIE/P30/P30896.jpg,P30896,41160024,OK,"{
    ""image_id"": ""6a634316e39ee1d2583065e8"",
    ""thumbnail"": ""https:\/\/cdn.storeden.net\/secache\/6a634316e39ee1d2583065e8"",
    ""original"": ""https:\/\/egress.storeden.net\/gallery\/6a634316e39ee1d2583065e8""
}"
/Users/anna.nardi/Library/CloudStorage/OneDrive-Raccoltecondivise-DuckyNetworkS.r.l/E-Commerce - FOTO PRODOTTO 2019_2022_2023_2024_2025/PASTIGLIE/P30/P30904.jpg,P30904,41160025,OK,"{
    ""image_id"": ""6a634322be7ea0d815646219"",
    ""thumbnail"": ""https:\/\/cdn.storeden.net\/secache\/6a634322be7ea0d815646219"",
    ""original"": ""https:\/\/egress.storeden.net\/gallery\/6a634322be7ea0d815646219""
}"
/Users/anna.nardi/Library/CloudStorage/OneDrive-Raccoltecondivise-DuckyNetworkS.r.l/E-Commerce - FOTO PRODOTTO 2019_2022_2023_2024_2025/PASTIGLIE/P30/P30908.jpg,P30908,41160026,OK,"{
    ""image_id"": ""6a63432fe39ee1d35830665f"",
    ""thumbnail"": ""https:\/\/cdn.storeden.net\/secache\/6a63432fe39ee1d35830665f"",
    ""original"": ""https:\/\/egress.storeden.net\/gallery\/6a63432fe39ee1d35830665f""
}"
/Users/anna.nardi/Library/CloudStorage/OneDrive-Raccoltecondivise-DuckyNetworkS.r.l/E-Commerce - FOTO PRODOTTO 2019_2022_2023_2024_2025/PASTIGLIE/P30/P30910.jpg,P30910,41160027,OK,"{
    ""image_id"": ""6a63433be39ee1595a30654b"",
    ""thumbnail"": ""https:\/\/cdn.storeden.net\/secache\/6a63433be39ee1595a30654b"",
    ""original"": ""https:\/\/egress.storeden.net\/gallery\/6a63433be39ee1595a30654b""
}"
/Users/anna.nardi/Library/CloudStorage/OneDrive-Raccoltecondivise-DuckyNetworkS.r.l/E-Commerce - FOTO PRODOTTO 2019_2022_2023_2024_2025/PASTIGLIE/P30/P30940.jpg,P30940,41160028,OK,"{
    ""image_id"": ""6a634347e39ee1a65a30655b"",
    ""thumbnail"": ""https:\/\/cdn.storeden.net\/secache\/6a634347e39ee1a65a30655b"",
    ""original"": ""https:\/\/egress.storeden.net\/gallery\/6a634347e39ee1a65a30655b""
}"
/Users/anna.nardi/Library/CloudStorage/OneDrive-Raccoltecondivise-DuckyNetworkS.r.l/E-Commerce - FOTO PRODOTTO 2019_2022_2023_2024_2025/PASTIGLIE/P30/P30945.jpg,P30945,41160029,OK,"{
    ""image_id"": ""6a634354e39ee1615a306529"",
    ""thumbnail"": ""https:\/\/cdn.storeden.net\/secache\/6a634354e39ee1615a306529"",
    ""original"": ""https:\/\/egress.storeden.net\/gallery\/6a634354e39ee1615a306529""
}"
/Users/anna.nardi/Library/CloudStorage/OneDrive-Raccoltecondivise-DuckyNetworkS.r.l/E-Commerce - FOTO PRODOTTO 2019_2022_2023_2024_2025/PASTIGLIE/P30/P30980.jpg,P30980,41160030,OK,"{
    ""image_id"": ""6a634360be7ea0ef156461e3"",
    ""thumbnail"": ""https:\/\/cdn.storeden.net\/secache\/6a634360be7ea0ef156461e3"",
    ""original"": ""https:\/\/egress.storeden.net\/gallery\/6a634360be7ea0ef156461e3""
}"
/Users/anna.nardi/Library/CloudStorage/OneDrive-Raccoltecondivise-DuckyNetworkS.r.l/E-Commerce - FOTO PRODOTTO 2019_2022_2023_2024_2025/PASTIGLIE/P50/P50707.jpg,P50707,41160031,OK,"{
    ""image_id"": ""6a63436fe39ee1f65a30651c"",
    ""thumbnail"": ""https:\/\/cdn.storeden.net\/secache\/6a63436fe39ee1f65a30651c"",
    ""original"": ""https:\/\/egress.storeden.net\/gallery\/6a63436fe39ee1f65a30651c""
}"
/Users/anna.nardi/Library/CloudStorage/OneDrive-Raccoltecondivise-DuckyNetworkS.r.l/E-Commerce - FOTO PRODOTTO 2019_2022_2023_2024_2025/PASTIGLIE/P50/P50782.jpg,P50782,41160032,OK,"{
    ""image_id"": ""6a63437de39ee1e25a30651f"",
    ""thumbnail"": ""https:\/\/cdn.storeden.net\/secache\/6a63437de39ee1e25a30651f"",
    ""original"": ""https:\/\/egress.storeden.net\/gallery\/6a63437de39ee1e25a30651f""
}"
/Users/anna.nardi/Library/CloudStorage/OneDrive-Raccoltecondivise-DuckyNetworkS.r.l/E-Commerce - FOTO PRODOTTO 2019_2022_2023_2024_2025/PASTIGLIE/P50/P50893.jpg,P50893,41160034,OK,"{
    ""image_id"": ""6a634386be7ea0c7156461e6"",
    ""thumbnail"": ""https:\/\/cdn.storeden.net\/secache\/6a634386be7ea0c7156461e6"",
    ""original"": ""https:\/\/egress.storeden.net\/gallery\/6a634386be7ea0c7156461e6""
}"
/Users/anna.nardi/Library/CloudStorage/OneDrive-Raccoltecondivise-DuckyNetworkS.r.l/E-Commerce - FOTO PRODOTTO 2019_2022_2023_2024_2025/PASTIGLIE/P50/P50898.jpg,P50898,41464566,OK,"{
    ""image_id"": ""6a634393e39ee1365b306514"",
    ""thumbnail"": ""https:\/\/cdn.storeden.net\/secache\/6a634393e39ee1365b306514"",
    ""original"": ""https:\/\/egress.storeden.net\/gallery\/6a634393e39ee1365b306514""
}"
/Users/anna.nardi/Library/CloudStorage/OneDrive-Raccoltecondivise-DuckyNetworkS.r.l/E-Commerce - FOTO PRODOTTO 2019_2022_2023_2024_2025/PASTIGLIE/P50/P50928.jpg,P50928,41160035,OK,"{
    ""image_id"": ""6a63439ce39ee12f5b30653e"",
    ""thumbnail"": ""https:\/\/cdn.storeden.net\/secache\/6a63439ce39ee12f5b30653e"",
    ""original"": ""https:\/\/egress.storeden.net\/gallery\/6a63439ce39ee12f5b30653e""
}"
/Users/anna.nardi/Library/CloudStorage/OneDrive-Raccoltecondivise-DuckyNetworkS.r.l/E-Commerce - FOTO PRODOTTO 2019_2022_2023_2024_2025/PASTIGLIE/P50/P50941.jpg,P50941,41160036,OK,"{
    ""image_id"": ""6a6343a6e39ee1fe5a306591"",
    ""thumbnail"": ""https:\/\/cdn.storeden.net\/secache\/6a6343a6e39ee1fe5a306591"",
    ""original"": ""https:\/\/egress.storeden.net\/gallery\/6a6343a6e39ee1fe5a306591""
}"
/Users/anna.nardi/Library/CloudStorage/OneDrive-Raccoltecondivise-DuckyNetworkS.r.l/E-Commerce - FOTO PRODOTTO 2019_2022_2023_2024_2025/PASTIGLIE/P50/P50947.jpg,P50947,41160037,OK,"{
    ""image_id"": ""6a6343b1e39ee1a65a3065ea"",
    ""thumbnail"": ""https:\/\/cdn.storeden.net\/secache\/6a6343b1e39ee1a65a3065ea"",
    ""original"": ""https:\/\/egress.storeden.net\/gallery\/6a6343b1e39ee1a65a3065ea""
}"
/Users/anna.nardi/Library/CloudStorage/OneDrive-Raccoltecondivise-DuckyNetworkS.r.l/E-Commerce - FOTO PRODOTTO 2019_2022_2023_2024_2025/PASTIGLIE/P50/P50950.jpg,P50950,41160038,OK,"{
    ""image_id"": ""6a6343bfe39ee1ce5830663f"",
    ""thumbnail"": ""https:\/\/cdn.storeden.net\/secache\/6a6343bfe39ee1ce5830663f"",
    ""original"": ""https:\/\/egress.storeden.net\/gallery\/6a6343bfe39ee1ce5830663f""
}"
/Users/anna.nardi/Library/CloudStorage/OneDrive-Raccoltecondivise-DuckyNetworkS.r.l/E-Commerce - FOTO PRODOTTO 2019_2022_2023_2024_2025/PASTIGLIE/P90/editate laterale pastiglie/P90201.jpg,P90201,41160042,OK,"{
    ""image_id"": ""6a6343c6e39ee1365b30652f"",
    ""thumbnail"": ""https:\/\/cdn.storeden.net\/secache\/6a6343c6e39ee1365b30652f"",
    ""original"": ""https:\/\/egress.storeden.net\/gallery\/6a6343c6e39ee1365b30652f""
}"
/Users/anna.nardi/Library/CloudStorage/OneDrive-Raccoltecondivise-DuckyNetworkS.r.l/E-Commerce - FOTO PRODOTTO 2019_2022_2023_2024_2025/PASTIGLIE/P90/P90202.jpg,P90202,41160043,OK,"{
    ""image_id"": ""6a6343c9be7ea06b1664621e"",
    ""thumbnail"": ""https:\/\/cdn.storeden.net\/secache\/6a6343c9be7ea06b1664621e"",
    ""original"": ""https:\/\/egress.storeden.net\/gallery\/6a6343c9be7ea06b1664621e""
}"
/Users/anna.nardi/Library/CloudStorage/OneDrive-Raccoltecondivise-DuckyNetworkS.r.l/E-Commerce - FOTO PRODOTTO 2019_2022_2023_2024_2025/PASTIGLIE/P90/editate laterale pastiglie/P90203.jpg,P90203,41160044,OK,"{
    ""image_id"": ""6a6343cfe39ee14c5b3065bd"",
    ""thumbnail"": ""https:\/\/cdn.storeden.net\/secache\/6a6343cfe39ee14c5b3065bd"",
    ""original"": ""https:\/\/egress.storeden.net\/gallery\/6a6343cfe39ee14c5b3065bd""
}"
/Users/anna.nardi/Library/CloudStorage/OneDrive-Raccoltecondivise-DuckyNetworkS.r.l/E-Commerce - FOTO PRODOTTO 2019_2022_2023_2024_2025/PASTIGLIE/P90/editate laterale pastiglie/P90204.jpg,P90204,41160045,OK,"{
    ""image_id"": ""6a6343d4e39ee1265b306594"",
    ""thumbnail"": ""https:\/\/cdn.storeden.net\/secache\/6a6343d4e39ee1265b306594"",
    ""original"": ""https:\/\/egress.storeden.net\/gallery\/6a6343d4e39ee1265b306594""
}"
/Users/anna.nardi/Library/CloudStorage/OneDrive-Raccoltecondivise-DuckyNetworkS.r.l/E-Commerce - FOTO PRODOTTO 2019_2022_2023_2024_2025/PASTIGLIE/P90/P90205.jpg,P90205,41160046,OK,"{
    ""image_id"": ""6a6343d7e39ee1aa59306617"",
    ""thumbnail"": ""https:\/\/cdn.storeden.net\/secache\/6a6343d7e39ee1aa59306617"",
    ""original"": ""https:\/\/egress.storeden.net\/gallery\/6a6343d7e39ee1aa59306617""
}"
/Users/anna.nardi/Library/CloudStorage/OneDrive-Raccoltecondivise-DuckyNetworkS.r.l/E-Commerce - FOTO PRODOTTO 2019_2022_2023_2024_2025/PASTIGLIE/P90/editate laterale pastiglie/P90206.jpg,P90206,41160047,OK,"{
    ""image_id"": ""6a6343dbbe7ea0e1f8646287"",
    ""thumbnail"": ""https:\/\/cdn.storeden.net\/secache\/6a6343dbbe7ea0e1f8646287"",
    ""original"": ""https:\/\/egress.storeden.net\/gallery\/6a6343dbbe7ea0e1f8646287""
}"
/Users/anna.nardi/Library/CloudStorage/OneDrive-Raccoltecondivise-DuckyNetworkS.r.l/E-Commerce - FOTO PRODOTTO 2019_2022_2023_2024_2025/PASTIGLIE/P90/editate laterale pastiglie/P90207.jpg,P90207,41160048,OK,"{
    ""image_id"": ""6a6343e3e39ee14c5b3065cb"",
    ""thumbnail"": ""https:\/\/cdn.storeden.net\/secache\/6a6343e3e39ee14c5b3065cb"",
    ""original"": ""https:\/\/egress.storeden.net\/gallery\/6a6343e3e39ee14c5b3065cb""
}"
/Users/anna.nardi/Library/CloudStorage/OneDrive-Raccoltecondivise-DuckyNetworkS.r.l/E-Commerce - FOTO PRODOTTO 2019_2022_2023_2024_2025/PASTIGLIE/P90/editate laterale pastiglie/P90208.jpg,P90208,41160049,OK,"{
    ""image_id"": ""6a6343e7e39ee1fe5a30660e"",
    ""thumbnail"": ""https:\/\/cdn.storeden.net\/secache\/6a6343e7e39ee1fe5a30660e"",
    ""original"": ""https:\/\/egress.storeden.net\/gallery\/6a6343e7e39ee1fe5a30660e""
}"
/Users/anna.nardi/Library/CloudStorage/OneDrive-Raccoltecondivise-DuckyNetworkS.r.l/E-Commerce - FOTO PRODOTTO 2019_2022_2023_2024_2025/PASTIGLIE/P90/editate laterale pastiglie/P90209.jpg,P90209,41160050,OK,"{
    ""image_id"": ""6a6343ebbe7ea09911646234"",
    ""thumbnail"": ""https:\/\/cdn.storeden.net\/secache\/6a6343ebbe7ea09911646234"",
    ""original"": ""https:\/\/egress.storeden.net\/gallery\/6a6343ebbe7ea09911646234""
}"
/Users/anna.nardi/Library/CloudStorage/OneDrive-Raccoltecondivise-DuckyNetworkS.r.l/E-Commerce - FOTO PRODOTTO 2019_2022_2023_2024_2025/PASTIGLIE/P90/editate laterale pastiglie/P90210.jpg,P90210,41160051,OK,"{
    ""image_id"": ""6a6343f1e39ee1885b306514"",
    ""thumbnail"": ""https:\/\/cdn.storeden.net\/secache\/6a6343f1e39ee1885b306514"",
    ""original"": ""https:\/\/egress.storeden.net\/gallery\/6a6343f1e39ee1885b306514""
}"
/Users/anna.nardi/Library/CloudStorage/OneDrive-Raccoltecondivise-DuckyNetworkS.r.l/E-Commerce - FOTO PRODOTTO 2019_2022_2023_2024_2025/PASTIGLIE/P90/editate laterale pastiglie/P90211.jpg,P90211,41160052,OK,"{
    ""image_id"": ""6a6343f7e39ee1885b306521"",
    ""thumbnail"": ""https:\/\/cdn.storeden.net\/secache\/6a6343f7e39ee1885b306521"",
    ""original"": ""https:\/\/egress.storeden.net\/gallery\/6a6343f7e39ee1885b306521""
}"
/Users/anna.nardi/Library/CloudStorage/OneDrive-Raccoltecondivise-DuckyNetworkS.r.l/E-Commerce - FOTO PRODOTTO 2019_2022_2023_2024_2025/PASTIGLIE/P90/editate laterale pastiglie/P90212.jpg,P90212,41160053,OK,"{
    ""image_id"": ""6a6343fbe39ee1265b3065cd"",
    ""thumbnail"": ""https:\/\/cdn.storeden.net\/secache\/6a6343fbe39ee1265b3065cd"",
    ""original"": ""https:\/\/egress.storeden.net\/gallery\/6a6343fbe39ee1265b3065cd""
}"
/Users/anna.nardi/Library/CloudStorage/OneDrive-Raccoltecondivise-DuckyNetworkS.r.l/E-Commerce - FOTO PRODOTTO 2019_2022_2023_2024_2025/PASTIGLIE/P90/editate laterale pastiglie/P90213.jpg,P90213,41160054,OK,"{
    ""image_id"": ""6a634400e39ee1cf593065ce"",
    ""thumbnail"": ""https:\/\/cdn.storeden.net\/secache\/6a634400e39ee1cf593065ce"",
    ""original"": ""https:\/\/egress.storeden.net\/gallery\/6a634400e39ee1cf593065ce""
}"
/Users/anna.nardi/Library/CloudStorage/OneDrive-Raccoltecondivise-DuckyNetworkS.r.l/E-Commerce - FOTO PRODOTTO 2019_2022_2023_2024_2025/PASTIGLIE/P90/editate laterale pastiglie/P90214.jpg,P90214,41160055,OK,"{
    ""image_id"": ""6a634406e39ee1365b30653e"",
    ""thumbnail"": ""https:\/\/cdn.storeden.net\/secache\/6a634406e39ee1365b30653e"",
    ""original"": ""https:\/\/egress.storeden.net\/gallery\/6a634406e39ee1365b30653e""
}"
/Users/anna.nardi/Library/CloudStorage/OneDrive-Raccoltecondivise-DuckyNetworkS.r.l/E-Commerce - FOTO PRODOTTO 2019_2022_2023_2024_2025/PASTIGLIE/P90/editate laterale pastiglie/P90215.jpg,P90215,41160056,OK,"{
    ""image_id"": ""6a63440cbe7ea0a715646220"",
    ""thumbnail"": ""https:\/\/cdn.storeden.net\/secache\/6a63440cbe7ea0a715646220"",
    ""original"": ""https:\/\/egress.storeden.net\/gallery\/6a63440cbe7ea0a715646220""
}"
/Users/anna.nardi/Library/CloudStorage/OneDrive-Raccoltecondivise-DuckyNetworkS.r.l/E-Commerce - FOTO PRODOTTO 2019_2022_2023_2024_2025/PASTIGLIE/P90/editate laterale pastiglie/P90216.jpg,P90216,41160057,OK,"{
    ""image_id"": ""6a634412e39ee1255b30656c"",
    ""thumbnail"": ""https:\/\/cdn.storeden.net\/secache\/6a634412e39ee1255b30656c"",
    ""original"": ""https:\/\/egress.storeden.net\/gallery\/6a634412e39ee1255b30656c""
}"
/Users/anna.nardi/Library/CloudStorage/OneDrive-Raccoltecondivise-DuckyNetworkS.r.l/E-Commerce - FOTO PRODOTTO 2019_2022_2023_2024_2025/PASTIGLIE/P90/editate laterale pastiglie/P90217.jpg,P90217,41160058,OK,"{
    ""image_id"": ""6a634416e39ee1cd5b306514"",
    ""thumbnail"": ""https:\/\/cdn.storeden.net\/secache\/6a634416e39ee1cd5b306514"",
    ""original"": ""https:\/\/egress.storeden.net\/gallery\/6a634416e39ee1cd5b306514""
}"
/Users/anna.nardi/Library/CloudStorage/OneDrive-Raccoltecondivise-DuckyNetworkS.r.l/E-Commerce - FOTO PRODOTTO 2019_2022_2023_2024_2025/DISCHI/R-FIX/PE01FI.jpg,PE01FI,41160059,OK,"{
    ""image_id"": ""6a63441ce39ee1ce5b306514"",
    ""thumbnail"": ""https:\/\/cdn.storeden.net\/secache\/6a63441ce39ee1ce5b306514"",
    ""original"": ""https:\/\/egress.storeden.net\/gallery\/6a63441ce39ee1ce5b306514""
}"
/Users/anna.nardi/Library/CloudStorage/OneDrive-Raccoltecondivise-DuckyNetworkS.r.l/E-Commerce - FOTO PRODOTTO 2019_2022_2023_2024_2025/DISCHI/W-FIX/PE01FID.jpg,PE01FID,41160060,OK,"{
    ""image_id"": ""6a634422be7ea0901564623c"",
    ""thumbnail"": ""https:\/\/cdn.storeden.net\/secache\/6a634422be7ea0901564623c"",
    ""original"": ""https:\/\/egress.storeden.net\/gallery\/6a634422be7ea0901564623c""
}"
/Users/anna.nardi/Library/CloudStorage/OneDrive-Raccoltecondivise-DuckyNetworkS.r.l/E-Commerce - FOTO PRODOTTO 2019_2022_2023_2024_2025/DISCHI/R-FIX/PE02FI.jpg,PE02FI,41160061,OK,"{
    ""image_id"": ""6a634429e39ee1cc5b306514"",
    ""thumbnail"": ""https:\/\/cdn.storeden.net\/secache\/6a634429e39ee1cc5b306514"",
    ""original"": ""https:\/\/egress.storeden.net\/gallery\/6a634429e39ee1cc5b306514""
}"
/Users/anna.nardi/Library/CloudStorage/OneDrive-Raccoltecondivise-DuckyNetworkS.r.l/E-Commerce - FOTO PRODOTTO 2019_2022_2023_2024_2025/DISCHI/W-FIX/PE02FID.JPG,PE02FID,41160062,OK,"{
    ""image_id"": ""6a63442ce39ee1ee5b306514"",
    ""thumbnail"": ""https:\/\/cdn.storeden.net\/secache\/6a63442ce39ee1ee5b306514"",
    ""original"": ""https:\/\/egress.storeden.net\/gallery\/6a63442ce39ee1ee5b306514""
}"
/Users/anna.nardi/Library/CloudStorage/OneDrive-Raccoltecondivise-DuckyNetworkS.r.l/E-Commerce - FOTO PRODOTTO 2019_2022_2023_2024_2025/DISCHI/R-FIX/PI01FI.jpg,PI01FI,41160063,OK,"{
    ""image_id"": ""6a634434e39ee14c5b3065e7"",
    ""thumbnail"": ""https:\/\/cdn.storeden.net\/secache\/6a634434e39ee14c5b3065e7"",
    ""original"": ""https:\/\/egress.storeden.net\/gallery\/6a634434e39ee14c5b3065e7""
}"
/Users/anna.nardi/Library/CloudStorage/OneDrive-Raccoltecondivise-DuckyNetworkS.r.l/E-Commerce - FOTO PRODOTTO 2019_2022_2023_2024_2025/DISCHI/W-FIX/PI01FID.jpg,PI01FID,41160064,OK,"{
    ""image_id"": ""6a63443be39ee1ee5b30651f"",
    ""thumbnail"": ""https:\/\/cdn.storeden.net\/secache\/6a63443be39ee1ee5b30651f"",
    ""original"": ""https:\/\/egress.storeden.net\/gallery\/6a63443be39ee1ee5b30651f""
}"
/Users/anna.nardi/Library/CloudStorage/OneDrive-Raccoltecondivise-DuckyNetworkS.r.l/E-Commerce - FOTO PRODOTTO 2019_2022_2023_2024_2025/DISCHI/R-FIX/PI03FI.jpg,PI03FI,41160065,OK,"{
    ""image_id"": ""6a634440e39ee14c5b3065fa"",
    ""thumbnail"": ""https:\/\/cdn.storeden.net\/secache\/6a634440e39ee14c5b3065fa"",
    ""original"": ""https:\/\/egress.storeden.net\/gallery\/6a634440e39ee14c5b3065fa""
}"
/Users/anna.nardi/Library/CloudStorage/OneDrive-Raccoltecondivise-DuckyNetworkS.r.l/E-Commerce - FOTO PRODOTTO 2019_2022_2023_2024_2025/DISCHI/W-FIX/PI03FID.jpg,PI03FID,41160066,OK,"{
    ""image_id"": ""6a634446e39ee1ee5b30652e"",
    ""thumbnail"": ""https:\/\/cdn.storeden.net\/secache\/6a634446e39ee1ee5b30652e"",
    ""original"": ""https:\/\/egress.storeden.net\/gallery\/6a634446e39ee1ee5b30652e""
}"
/Users/anna.nardi/Library/CloudStorage/OneDrive-Raccoltecondivise-DuckyNetworkS.r.l/E-Commerce - FOTO PRODOTTO 2019_2022_2023_2024_2025/DISCHI/R-FIX/PI04FI.jpg,PI04FI,41160067,OK,"{
    ""image_id"": ""6a63444ce39ee1ce583066bd"",
    ""thumbnail"": ""https:\/\/cdn.storeden.net\/secache\/6a63444ce39ee1ce583066bd"",
    ""original"": ""https:\/\/egress.storeden.net\/gallery\/6a63444ce39ee1ce583066bd""
}"
/Users/anna.nardi/Library/CloudStorage/OneDrive-Raccoltecondivise-DuckyNetworkS.r.l/E-Commerce - FOTO PRODOTTO 2019_2022_2023_2024_2025/DISCHI/W-FIX/PI04FID.jpg,PI04FID,41160068,OK,"{
    ""image_id"": ""6a634452e39ee1055c306514"",
    ""thumbnail"": ""https:\/\/cdn.storeden.net\/secache\/6a634452e39ee1055c306514"",
    ""original"": ""https:\/\/egress.storeden.net\/gallery\/6a634452e39ee1055c306514""
}"
/Users/anna.nardi/Library/CloudStorage/OneDrive-Raccoltecondivise-DuckyNetworkS.r.l/E-Commerce - FOTO PRODOTTO 2019_2022_2023_2024_2025/SUPPORTI/Bracket/POW02.jpg,POW02,41160071,OK,"{
    ""image_id"": ""6a634458e39ee1dc5b30652a"",
    ""thumbnail"": ""https:\/\/cdn.storeden.net\/secache\/6a634458e39ee1dc5b30652a"",
    ""original"": ""https:\/\/egress.storeden.net\/gallery\/6a634458e39ee1dc5b30652a""
}"
/Users/anna.nardi/Library/CloudStorage/OneDrive-Raccoltecondivise-DuckyNetworkS.r.l/E-Commerce - FOTO PRODOTTO 2019_2022_2023_2024_2025/SUPPORTI/Bracket/POW04.jpg,POW04,41160072,OK,"{
    ""image_id"": ""6a63445ee39ee1d15b306530"",
    ""thumbnail"": ""https:\/\/cdn.storeden.net\/secache\/6a63445ee39ee1d15b306530"",
    ""original"": ""https:\/\/egress.storeden.net\/gallery\/6a63445ee39ee1d15b306530""
}"
/Users/anna.nardi/Library/CloudStorage/OneDrive-Raccoltecondivise-DuckyNetworkS.r.l/E-Commerce - FOTO PRODOTTO 2019_2022_2023_2024_2025/SUPPORTI/Bracket/POW106.jpg,POW106,41160073,OK,"{
    ""image_id"": ""6a634464e39ee1265b3065f3"",
    ""thumbnail"": ""https:\/\/cdn.storeden.net\/secache\/6a634464e39ee1265b3065f3"",
    ""original"": ""https:\/\/egress.storeden.net\/gallery\/6a634464e39ee1265b3065f3""
}"
/Users/anna.nardi/Library/CloudStorage/OneDrive-Raccoltecondivise-DuckyNetworkS.r.l/E-Commerce - FOTO PRODOTTO 2019_2022_2023_2024_2025/SUPPORTI/Bracket/POW113.jpg,POW113,41160076,OK,"{
    ""image_id"": ""6a63446dbe7ea05f1e6461c6"",
    ""thumbnail"": ""https:\/\/cdn.storeden.net\/secache\/6a63446dbe7ea05f1e6461c6"",
    ""original"": ""https:\/\/egress.storeden.net\/gallery\/6a63446dbe7ea05f1e6461c6""
}"
/Users/anna.nardi/Library/CloudStorage/OneDrive-Raccoltecondivise-DuckyNetworkS.r.l/E-Commerce - FOTO PRODOTTO 2019_2022_2023_2024_2025/SUPPORTI/Bracket/POW13.jpg,POW13,41160077,OK,"{
    ""image_id"": ""6a634475e39ee1265b306605"",
    ""thumbnail"": ""https:\/\/cdn.storeden.net\/secache\/6a634475e39ee1265b306605"",
    ""original"": ""https:\/\/egress.storeden.net\/gallery\/6a634475e39ee1265b306605""
}"
/Users/anna.nardi/Library/CloudStorage/OneDrive-Raccoltecondivise-DuckyNetworkS.r.l/E-Commerce - FOTO PRODOTTO 2019_2022_2023_2024_2025/SUPPORTI/Bracket/POW17.jpg,POW17,41160078,OK,"{
    ""image_id"": ""6a63447de39ee1dc5b306571"",
    ""thumbnail"": ""https:\/\/cdn.storeden.net\/secache\/6a63447de39ee1dc5b306571"",
    ""original"": ""https:\/\/egress.storeden.net\/gallery\/6a63447de39ee1dc5b306571""
}"
/Users/anna.nardi/Library/CloudStorage/OneDrive-Raccoltecondivise-DuckyNetworkS.r.l/E-Commerce - FOTO PRODOTTO 2019_2022_2023_2024_2025/SUPPORTI/Bracket/POW21.jpg,POW21,41160081,OK,"{
    ""image_id"": ""6a634484e39ee14c5b306626"",
    ""thumbnail"": ""https:\/\/cdn.storeden.net\/secache\/6a634484e39ee14c5b306626"",
    ""original"": ""https:\/\/egress.storeden.net\/gallery\/6a634484e39ee14c5b306626""
}"
/Users/anna.nardi/Library/CloudStorage/OneDrive-Raccoltecondivise-DuckyNetworkS.r.l/E-Commerce - FOTO PRODOTTO 2019_2022_2023_2024_2025/SUPPORTI/Bracket/POW44.jpg,POW44,41160084,OK,"{
    ""image_id"": ""6a63448ae39ee1875b30651c"",
    ""thumbnail"": ""https:\/\/cdn.storeden.net\/secache\/6a63448ae39ee1875b30651c"",
    ""original"": ""https:\/\/egress.storeden.net\/gallery\/6a63448ae39ee1875b30651c""
}"
/Users/anna.nardi/Library/CloudStorage/OneDrive-Raccoltecondivise-DuckyNetworkS.r.l/E-Commerce - FOTO PRODOTTO 2019_2022_2023_2024_2025/SUPPORTI/Bracket/POW68.jpg,POW68,41160085,OK,"{
    ""image_id"": ""6a634491e39ee1dc5b306585"",
    ""thumbnail"": ""https:\/\/cdn.storeden.net\/secache\/6a634491e39ee1dc5b306585"",
    ""original"": ""https:\/\/egress.storeden.net\/gallery\/6a634491e39ee1dc5b306585""
}"
/Users/anna.nardi/Library/CloudStorage/OneDrive-Raccoltecondivise-DuckyNetworkS.r.l/E-Commerce - FOTO PRODOTTO 2019_2022_2023_2024_2025/SUPPORTI/Bracket/POW78.jpg,POW78,41160086,OK,"{
    ""image_id"": ""6a634499e39ee1ce5b306553"",
    ""thumbnail"": ""https:\/\/cdn.storeden.net\/secache\/6a634499e39ee1ce5b306553"",
    ""original"": ""https:\/\/egress.storeden.net\/gallery\/6a634499e39ee1ce5b306553""
}"
/Users/anna.nardi/Library/CloudStorage/OneDrive-Raccoltecondivise-DuckyNetworkS.r.l/E-Commerce - FOTO PRODOTTO 2019_2022_2023_2024_2025/SUPPORTI/Bracket/POW79.jpg,POW79,41160087,OK,"{
    ""image_id"": ""6a63449fe39ee1d75b306516"",
    ""thumbnail"": ""https:\/\/cdn.storeden.net\/secache\/6a63449fe39ee1d75b306516"",
    ""original"": ""https:\/\/egress.storeden.net\/gallery\/6a63449fe39ee1d75b306516""
}"
/Users/anna.nardi/Library/CloudStorage/OneDrive-Raccoltecondivise-DuckyNetworkS.r.l/E-Commerce - FOTO PRODOTTO 2019_2022_2023_2024_2025/SUPPORTI/Bracket/POW80.jpg,POW80,41160088,OK,"{
    ""image_id"": ""6a6344a7e39ee1245c30652f"",
    ""thumbnail"": ""https:\/\/cdn.storeden.net\/secache\/6a6344a7e39ee1245c30652f"",
    ""original"": ""https:\/\/egress.storeden.net\/gallery\/6a6344a7e39ee1245c30652f""
}"
/Users/anna.nardi/Library/CloudStorage/OneDrive-Raccoltecondivise-DuckyNetworkS.r.l/E-Commerce - FOTO PRODOTTO 2019_2022_2023_2024_2025/SUPPORTI/Bracket/POW81.jpg,POW81,41160089,OK,"{
    ""image_id"": ""6a6344b1e39ee1165c306516"",
    ""thumbnail"": ""https:\/\/cdn.storeden.net\/secache\/6a6344b1e39ee1165c306516"",
    ""original"": ""https:\/\/egress.storeden.net\/gallery\/6a6344b1e39ee1165c306516""
}"
/Users/anna.nardi/Library/CloudStorage/OneDrive-Raccoltecondivise-DuckyNetworkS.r.l/E-Commerce - FOTO PRODOTTO 2019_2022_2023_2024_2025/SUPPORTI/Bracket/POW83.jpg,POW83,41160090,OK,"{
    ""image_id"": ""6a6344b9be7ea049fd64639a"",
    ""thumbnail"": ""https:\/\/cdn.storeden.net\/secache\/6a6344b9be7ea049fd64639a"",
    ""original"": ""https:\/\/egress.storeden.net\/gallery\/6a6344b9be7ea049fd64639a""
}"
/Users/anna.nardi/Library/CloudStorage/OneDrive-Raccoltecondivise-DuckyNetworkS.r.l/E-Commerce - FOTO PRODOTTO 2019_2022_2023_2024_2025/SUPPORTI/Bracket/POW84.jpg,POW84,41160091,OK,"{
    ""image_id"": ""6a6344c3e39ee1875b306538"",
    ""thumbnail"": ""https:\/\/cdn.storeden.net\/secache\/6a6344c3e39ee1875b306538"",
    ""original"": ""https:\/\/egress.storeden.net\/gallery\/6a6344c3e39ee1875b306538""
}"
/Users/anna.nardi/Library/CloudStorage/OneDrive-Raccoltecondivise-DuckyNetworkS.r.l/E-Commerce - FOTO PRODOTTO 2019_2022_2023_2024_2025/BICI/Adattatori/PW2005.jpg,PW2005,41160097,OK,"{
    ""image_id"": ""6a6344c9e39ee1885b306559"",
    ""thumbnail"": ""https:\/\/cdn.storeden.net\/secache\/6a6344c9e39ee1885b306559"",
    ""original"": ""https:\/\/egress.storeden.net\/gallery\/6a6344c9e39ee1885b306559""
}"
/Users/anna.nardi/Library/CloudStorage/OneDrive-Raccoltecondivise-DuckyNetworkS.r.l/E-Commerce - FOTO PRODOTTO 2019_2022_2023_2024_2025/BICI/Adattatori/PW2006.jpg,PW2006,41160098,OK,"{
    ""image_id"": ""6a6344cde39ee1255b30667a"",
    ""thumbnail"": ""https:\/\/cdn.storeden.net\/secache\/6a6344cde39ee1255b30667a"",
    ""original"": ""https:\/\/egress.storeden.net\/gallery\/6a6344cde39ee1255b30667a""
}"
/Users/anna.nardi/Library/CloudStorage/OneDrive-Raccoltecondivise-DuckyNetworkS.r.l/E-Commerce - FOTO PRODOTTO 2019_2022_2023_2024_2025/BICI/Adattatori/PW2007.jpg,PW2007,41160099,OK,"{
    ""image_id"": ""6a6344d3e39ee1245c306550"",
    ""thumbnail"": ""https:\/\/cdn.storeden.net\/secache\/6a6344d3e39ee1245c306550"",
    ""original"": ""https:\/\/egress.storeden.net\/gallery\/6a6344d3e39ee1245c306550""
}"
/Users/anna.nardi/Library/CloudStorage/OneDrive-Raccoltecondivise-DuckyNetworkS.r.l/E-Commerce - FOTO PRODOTTO 2019_2022_2023_2024_2025/BICI/Adattatori/PW2008.jpg,PW2008,41160100,OK,"{
    ""image_id"": ""6a6344d7e39ee1245c30655f"",
    ""thumbnail"": ""https:\/\/cdn.storeden.net\/secache\/6a6344d7e39ee1245c30655f"",
    ""original"": ""https:\/\/egress.storeden.net\/gallery\/6a6344d7e39ee1245c30655f""
}"
/Users/anna.nardi/Library/CloudStorage/OneDrive-Raccoltecondivise-DuckyNetworkS.r.l/E-Commerce - FOTO PRODOTTO 2019_2022_2023_2024_2025/SUPPORTI/Bracket/PW4011.jpg,PW4011,41160105,OK,"{
    ""image_id"": ""6a6344dee39ee1245c30656c"",
    ""thumbnail"": ""https:\/\/cdn.storeden.net\/secache\/6a6344dee39ee1245c30656c"",
    ""original"": ""https:\/\/egress.storeden.net\/gallery\/6a6344dee39ee1245c30656c""
}"
/Users/anna.nardi/Library/CloudStorage/OneDrive-Raccoltecondivise-DuckyNetworkS.r.l/E-Commerce - FOTO PRODOTTO 2019_2022_2023_2024_2025/POMPE/Master Cilynder/QC3601.jpg,QC3601,41160113,OK,"{
    ""image_id"": ""6a6344e3e39ee1055c306549"",
    ""thumbnail"": ""https:\/\/cdn.storeden.net\/secache\/6a6344e3e39ee1055c306549"",
    ""original"": ""https:\/\/egress.storeden.net\/gallery\/6a6344e3e39ee1055c306549""
}"
/Users/anna.nardi/Library/CloudStorage/OneDrive-Raccoltecondivise-DuckyNetworkS.r.l/E-Commerce - FOTO PRODOTTO 2019_2022_2023_2024_2025/POMPE/Master Cilynder/QC3603.jpg,QC3603,41160114,OK,"{
    ""image_id"": ""6a6344e7e39ee1245c306580"",
    ""thumbnail"": ""https:\/\/cdn.storeden.net\/secache\/6a6344e7e39ee1245c306580"",
    ""original"": ""https:\/\/egress.storeden.net\/gallery\/6a6344e7e39ee1245c306580""
}"
/Users/anna.nardi/Library/CloudStorage/OneDrive-Raccoltecondivise-DuckyNetworkS.r.l/E-Commerce - FOTO PRODOTTO 2019_2022_2023_2024_2025/POMPE/Master Cilynder/QC6601.jpg,QC6601,41160115,OK,"{
    ""image_id"": ""6a6344ebe39ee1265b306622"",
    ""thumbnail"": ""https:\/\/cdn.storeden.net\/secache\/6a6344ebe39ee1265b306622"",
    ""original"": ""https:\/\/egress.storeden.net\/gallery\/6a6344ebe39ee1265b306622""
}"
/Users/anna.nardi/Library/CloudStorage/OneDrive-Raccoltecondivise-DuckyNetworkS.r.l/E-Commerce - FOTO PRODOTTO 2019_2022_2023_2024_2025/POMPE/Master Cilynder/QC6603.jpg,QC6603,41160116,OK,"{
    ""image_id"": ""6a6344efe39ee1a15c30651c"",
    ""thumbnail"": ""https:\/\/cdn.storeden.net\/secache\/6a6344efe39ee1a15c30651c"",
    ""original"": ""https:\/\/egress.storeden.net\/gallery\/6a6344efe39ee1a15c30651c""
}"
/Users/anna.nardi/Library/CloudStorage/OneDrive-Raccoltecondivise-DuckyNetworkS.r.l/E-Commerce - FOTO PRODOTTO 2019_2022_2023_2024_2025/DISCHI/R-FIX/RF3104.jpg,RF3104,41160117,OK,"{
    ""image_id"": ""6a6344f6e39ee1885b306570"",
    ""thumbnail"": ""https:\/\/cdn.storeden.net\/secache\/6a6344f6e39ee1885b306570"",
    ""original"": ""https:\/\/egress.storeden.net\/gallery\/6a6344f6e39ee1885b306570""
}"
/Users/anna.nardi/Library/CloudStorage/OneDrive-Raccoltecondivise-DuckyNetworkS.r.l/E-Commerce - FOTO PRODOTTO 2019_2022_2023_2024_2025/DISCHI/R-FIX/RF3106.jpg,RF3106,41160119,OK,"{
    ""image_id"": ""6a634502e39ee1885b306585"",
    ""thumbnail"": ""https:\/\/cdn.storeden.net\/secache\/6a634502e39ee1885b306585"",
    ""original"": ""https:\/\/egress.storeden.net\/gallery\/6a634502e39ee1885b306585""
}"
/Users/anna.nardi/Library/CloudStorage/OneDrive-Raccoltecondivise-DuckyNetworkS.r.l/E-Commerce - FOTO PRODOTTO 2019_2022_2023_2024_2025/DISCHI/R-FIX/RF3504.jpg,RF3504,41160120,OK,"{
    ""image_id"": ""6a63450ce39ee1ce5b30658d"",
    ""thumbnail"": ""https:\/\/cdn.storeden.net\/secache\/6a63450ce39ee1ce5b30658d"",
    ""original"": ""https:\/\/egress.storeden.net\/gallery\/6a63450ce39ee1ce5b30658d""
}"
/Users/anna.nardi/Library/CloudStorage/OneDrive-Raccoltecondivise-DuckyNetworkS.r.l/E-Commerce - FOTO PRODOTTO 2019_2022_2023_2024_2025/DISCHI/R-FIX/RF3505.jpg,RF3505,41160121,OK,"{
    ""image_id"": ""6a634513e39ee1a15c30652d"",
    ""thumbnail"": ""https:\/\/cdn.storeden.net\/secache\/6a634513e39ee1a15c30652d"",
    ""original"": ""https:\/\/egress.storeden.net\/gallery\/6a634513e39ee1a15c30652d""
}"
/Users/anna.nardi/Library/CloudStorage/OneDrive-Raccoltecondivise-DuckyNetworkS.r.l/E-Commerce - FOTO PRODOTTO 2019_2022_2023_2024_2025/DISCHI/R-FIX/RF7111.jpg,RF7111,41160122,OK,"{
    ""image_id"": ""6a634518e39ee1a15c30653f"",
    ""thumbnail"": ""https:\/\/cdn.storeden.net\/secache\/6a634518e39ee1a15c30653f"",
    ""original"": ""https:\/\/egress.storeden.net\/gallery\/6a634518e39ee1a15c30653f""
}"
/Users/anna.nardi/Library/CloudStorage/OneDrive-Raccoltecondivise-DuckyNetworkS.r.l/E-Commerce - FOTO PRODOTTO 2019_2022_2023_2024_2025/DISCHI/R-FIX/RF7112.jpg,RF7112,41160123,OK,"{
    ""image_id"": ""6a63451abe7ea03e1264631f"",
    ""thumbnail"": ""https:\/\/cdn.storeden.net\/secache\/6a63451abe7ea03e1264631f"",
    ""original"": ""https:\/\/egress.storeden.net\/gallery\/6a63451abe7ea03e1264631f""
}"
/Users/anna.nardi/Library/CloudStorage/OneDrive-Raccoltecondivise-DuckyNetworkS.r.l/E-Commerce - FOTO PRODOTTO 2019_2022_2023_2024_2025/DISCHI/R-FIX/RF7113.jpg,RF7113,41160124,OK,"{
    ""image_id"": ""6a634521e39ee1055d30651b"",
    ""thumbnail"": ""https:\/\/cdn.storeden.net\/secache\/6a634521e39ee1055d30651b"",
    ""original"": ""https:\/\/egress.storeden.net\/gallery\/6a634521e39ee1055d30651b""
}"
/Users/anna.nardi/Library/CloudStorage/OneDrive-Raccoltecondivise-DuckyNetworkS.r.l/E-Commerce - FOTO PRODOTTO 2019_2022_2023_2024_2025/DISCHI/R-FIX/RF7519.jpg,RF7519,41160125,OK,"{
    ""image_id"": ""6a634527be7ea0e7256461d9"",
    ""thumbnail"": ""https:\/\/cdn.storeden.net\/secache\/6a634527be7ea0e7256461d9"",
    ""original"": ""https:\/\/egress.storeden.net\/gallery\/6a634527be7ea0e7256461d9""
}"
/Users/anna.nardi/Library/CloudStorage/OneDrive-Raccoltecondivise-DuckyNetworkS.r.l/E-Commerce - FOTO PRODOTTO 2019_2022_2023_2024_2025/DISCHI/R-FIX/RF7521.jpg,RF7521,41160126,OK,"{
    ""image_id"": ""6a634530e39ee1075d306519"",
    ""thumbnail"": ""https:\/\/cdn.storeden.net\/secache\/6a634530e39ee1075d306519"",
    ""original"": ""https:\/\/egress.storeden.net\/gallery\/6a634530e39ee1075d306519""
}"
/Users/anna.nardi/Library/CloudStorage/OneDrive-Raccoltecondivise-DuckyNetworkS.r.l/E-Commerce - FOTO PRODOTTO 2019_2022_2023_2024_2025/DISCHI/R-FIX/RF7522.jpg,RF7522,41160127,OK,"{
    ""image_id"": ""6a634538be7ea0641e6461d2"",
    ""thumbnail"": ""https:\/\/cdn.storeden.net\/secache\/6a634538be7ea0641e6461d2"",
    ""original"": ""https:\/\/egress.storeden.net\/gallery\/6a634538be7ea0641e6461d2""
}"
/Users/anna.nardi/Library/CloudStorage/OneDrive-Raccoltecondivise-DuckyNetworkS.r.l/E-Commerce - FOTO PRODOTTO 2019_2022_2023_2024_2025/DISCHI/R-FIX/RF7523.jpg,RF7523,41160128,OK,"{
    ""image_id"": ""6a63453ebe7ea0ee15646221"",
    ""thumbnail"": ""https:\/\/cdn.storeden.net\/secache\/6a63453ebe7ea0ee15646221"",
    ""original"": ""https:\/\/egress.storeden.net\/gallery\/6a63453ebe7ea0ee15646221""
}"
/Users/anna.nardi/Library/CloudStorage/OneDrive-Raccoltecondivise-DuckyNetworkS.r.l/E-Commerce - FOTO PRODOTTO 2019_2022_2023_2024_2025/DISCHI/R-FIX/RF7524.jpg,RF7524,41160129,OK,"{
    ""image_id"": ""6a634543e39ee1885b3065a3"",
    ""thumbnail"": ""https:\/\/cdn.storeden.net\/secache\/6a634543e39ee1885b3065a3"",
    ""original"": ""https:\/\/egress.storeden.net\/gallery\/6a634543e39ee1885b3065a3""
}"
/Users/anna.nardi/Library/CloudStorage/OneDrive-Raccoltecondivise-DuckyNetworkS.r.l/E-Commerce - FOTO PRODOTTO 2019_2022_2023_2024_2025/DISCHI/R-FIX/RF7525.jpg,RF7525,41160130,OK,"{
    ""image_id"": ""6a634549e39ee16c5c306524"",
    ""thumbnail"": ""https:\/\/cdn.storeden.net\/secache\/6a634549e39ee16c5c306524"",
    ""original"": ""https:\/\/egress.storeden.net\/gallery\/6a634549e39ee16c5c306524""
}"
/Users/anna.nardi/Library/CloudStorage/OneDrive-Raccoltecondivise-DuckyNetworkS.r.l/E-Commerce - FOTO PRODOTTO 2019_2022_2023_2024_2025/DISCHI/R-FIX/RF7527.jpg,RF7527,41160131,OK,"{
    ""image_id"": ""6a634551e39ee1a15c306553"",
    ""thumbnail"": ""https:\/\/cdn.storeden.net\/secache\/6a634551e39ee1a15c306553"",
    ""original"": ""https:\/\/egress.storeden.net\/gallery\/6a634551e39ee1a15c306553""
}"
/Users/anna.nardi/Library/CloudStorage/OneDrive-Raccoltecondivise-DuckyNetworkS.r.l/E-Commerce - FOTO PRODOTTO 2019_2022_2023_2024_2025/DISCHI/R-FIX/RF7528.jpg,RF7528,41160132,OK,"{
    ""image_id"": ""6a634558e39ee1165c306548"",
    ""thumbnail"": ""https:\/\/cdn.storeden.net\/secache\/6a634558e39ee1165c306548"",
    ""original"": ""https:\/\/egress.storeden.net\/gallery\/6a634558e39ee1165c306548""
}"
/Users/anna.nardi/Library/CloudStorage/OneDrive-Raccoltecondivise-DuckyNetworkS.r.l/E-Commerce - FOTO PRODOTTO 2019_2022_2023_2024_2025/DISCHI/R-FIX/RF7530.JPG,RF7530,41160133,OK,"{
    ""image_id"": ""6a63455ce39ee1a05c306545"",
    ""thumbnail"": ""https:\/\/cdn.storeden.net\/secache\/6a63455ce39ee1a05c306545"",
    ""original"": ""https:\/\/egress.storeden.net\/gallery\/6a63455ce39ee1a05c306545""
}"
/Users/anna.nardi/Library/CloudStorage/OneDrive-Raccoltecondivise-DuckyNetworkS.r.l/E-Commerce - FOTO PRODOTTO 2019_2022_2023_2024_2025/DISCHI/R-FIX/RF7531.JPG,RF7531,41160134,OK,"{
    ""image_id"": ""6a63455fe39ee1075d30652e"",
    ""thumbnail"": ""https:\/\/cdn.storeden.net\/secache\/6a63455fe39ee1075d30652e"",
    ""original"": ""https:\/\/egress.storeden.net\/gallery\/6a63455fe39ee1075d30652e""
}"
/Users/anna.nardi/Library/CloudStorage/OneDrive-Raccoltecondivise-DuckyNetworkS.r.l/E-Commerce - FOTO PRODOTTO 2019_2022_2023_2024_2025/DISCHI/R-FIX/RF7532.jpg,RF7532,41160135,OK,"{
    ""image_id"": ""6a634566e39ee1055d30652d"",
    ""thumbnail"": ""https:\/\/cdn.storeden.net\/secache\/6a634566e39ee1055d30652d"",
    ""original"": ""https:\/\/egress.storeden.net\/gallery\/6a634566e39ee1055d30652d""
}"
/Users/anna.nardi/Library/CloudStorage/OneDrive-Raccoltecondivise-DuckyNetworkS.r.l/E-Commerce - FOTO PRODOTTO 2019_2022_2023_2024_2025/DISCHI/R-FIX/RF7533.jpg,RF7533,41160136,OK,"{
    ""image_id"": ""6a63456ee39ee16c5c306538"",
    ""thumbnail"": ""https:\/\/cdn.storeden.net\/secache\/6a63456ee39ee16c5c306538"",
    ""original"": ""https:\/\/egress.storeden.net\/gallery\/6a63456ee39ee16c5c306538""
}"
/Users/anna.nardi/Library/CloudStorage/OneDrive-Raccoltecondivise-DuckyNetworkS.r.l/E-Commerce - FOTO PRODOTTO 2019_2022_2023_2024_2025/DISCHI/R-FIX/RF7534.jpg,RF7534,41160137,OK,"{
    ""image_id"": ""6a634575e39ee16c5c30654a"",
    ""thumbnail"": ""https:\/\/cdn.storeden.net\/secache\/6a634575e39ee16c5c30654a"",
    ""original"": ""https:\/\/egress.storeden.net\/gallery\/6a634575e39ee16c5c30654a""
}"
/Users/anna.nardi/Library/CloudStorage/OneDrive-Raccoltecondivise-DuckyNetworkS.r.l/E-Commerce - FOTO PRODOTTO 2019_2022_2023_2024_2025/DISCHI/R-FIX/RF7535.jpg,RF7535,41160138,OK,"{
    ""image_id"": ""6a63457bbe7ea0332a6461ba"",
    ""thumbnail"": ""https:\/\/cdn.storeden.net\/secache\/6a63457bbe7ea0332a6461ba"",
    ""original"": ""https:\/\/egress.storeden.net\/gallery\/6a63457bbe7ea0332a6461ba""
}"
/Users/anna.nardi/Library/CloudStorage/OneDrive-Raccoltecondivise-DuckyNetworkS.r.l/E-Commerce - FOTO PRODOTTO 2019_2022_2023_2024_2025/DISCHI/R-FIX/RF7536.jpg,RF7536,41160139,OK,"{
    ""image_id"": ""6a634581e39ee1885b3065d8"",
    ""thumbnail"": ""https:\/\/cdn.storeden.net\/secache\/6a634581e39ee1885b3065d8"",
    ""original"": ""https:\/\/egress.storeden.net\/gallery\/6a634581e39ee1885b3065d8""
}"
/Users/anna.nardi/Library/CloudStorage/OneDrive-Raccoltecondivise-DuckyNetworkS.r.l/E-Commerce - FOTO PRODOTTO 2019_2022_2023_2024_2025/DISCHI/R-FIX/RF7539.jpg,RF7539,41160140,OK,"{
    ""image_id"": ""6a634588e39ee1885b3065e9"",
    ""thumbnail"": ""https:\/\/cdn.storeden.net\/secache\/6a634588e39ee1885b3065e9"",
    ""original"": ""https:\/\/egress.storeden.net\/gallery\/6a634588e39ee1885b3065e9""
}"
/Users/anna.nardi/Library/CloudStorage/OneDrive-Raccoltecondivise-DuckyNetworkS.r.l/E-Commerce - FOTO PRODOTTO 2019_2022_2023_2024_2025/DISCHI/R-FIX/RF7540.jpg,RF7540,41160141,OK,"{
    ""image_id"": ""6a63458ee39ee1a15c30656c"",
    ""thumbnail"": ""https:\/\/cdn.storeden.net\/secache\/6a63458ee39ee1a15c30656c"",
    ""original"": ""https:\/\/egress.storeden.net\/gallery\/6a63458ee39ee1a15c30656c""
}"
/Users/anna.nardi/Library/CloudStorage/OneDrive-Raccoltecondivise-DuckyNetworkS.r.l/E-Commerce - FOTO PRODOTTO 2019_2022_2023_2024_2025/DISCHI/R-FIX/RF7541.jpg,RF7541,41160142,OK,"{
    ""image_id"": ""6a634596e39ee1975d306514"",
    ""thumbnail"": ""https:\/\/cdn.storeden.net\/secache\/6a634596e39ee1975d306514"",
    ""original"": ""https:\/\/egress.storeden.net\/gallery\/6a634596e39ee1975d306514""
}"
/Users/anna.nardi/Library/CloudStorage/OneDrive-Raccoltecondivise-DuckyNetworkS.r.l/E-Commerce - FOTO PRODOTTO 2019_2022_2023_2024_2025/DISCHI/R-FIX/RF7542.jpg,RF7542,41160143,OK,"{
    ""image_id"": ""6a6345a0e39ee1265b306645"",
    ""thumbnail"": ""https:\/\/cdn.storeden.net\/secache\/6a6345a0e39ee1265b306645"",
    ""original"": ""https:\/\/egress.storeden.net\/gallery\/6a6345a0e39ee1265b306645""
}"
/Users/anna.nardi/Library/CloudStorage/OneDrive-Raccoltecondivise-DuckyNetworkS.r.l/E-Commerce - FOTO PRODOTTO 2019_2022_2023_2024_2025/DISCHI/R-FIX/RF7544.jpg,RF7544,41160144,OK,"{
    ""image_id"": ""6a6345a7be7ea0c215646244"",
    ""thumbnail"": ""https:\/\/cdn.storeden.net\/secache\/6a6345a7be7ea0c215646244"",
    ""original"": ""https:\/\/egress.storeden.net\/gallery\/6a6345a7be7ea0c215646244""
}"
/Users/anna.nardi/Library/CloudStorage/OneDrive-Raccoltecondivise-DuckyNetworkS.r.l/E-Commerce - FOTO PRODOTTO 2019_2022_2023_2024_2025/DISCHI/R-FIX/RF7545.jpg,RF7545,41160145,OK,"{
    ""image_id"": ""6a6345b2e39ee1945d306514"",
    ""thumbnail"": ""https:\/\/cdn.storeden.net\/secache\/6a6345b2e39ee1945d306514"",
    ""original"": ""https:\/\/egress.storeden.net\/gallery\/6a6345b2e39ee1945d306514""
}"
/Users/anna.nardi/Library/CloudStorage/OneDrive-Raccoltecondivise-DuckyNetworkS.r.l/E-Commerce - FOTO PRODOTTO 2019_2022_2023_2024_2025/DISCHI/R-FIX/RF7546.jpg,RF7546,41160146,OK,"{
    ""image_id"": ""6a6345b8e39ee1075d306557"",
    ""thumbnail"": ""https:\/\/cdn.storeden.net\/secache\/6a6345b8e39ee1075d306557"",
    ""original"": ""https:\/\/egress.storeden.net\/gallery\/6a6345b8e39ee1075d306557""
}"
/Users/anna.nardi/Library/CloudStorage/OneDrive-Raccoltecondivise-DuckyNetworkS.r.l/E-Commerce - FOTO PRODOTTO 2019_2022_2023_2024_2025/DISCHI/R-FIX/RF7547.jpg,RF7547,41160147,OK,"{
    ""image_id"": ""6a6345bfe39ee1d75b30657f"",
    ""thumbnail"": ""https:\/\/cdn.storeden.net\/secache\/6a6345bfe39ee1d75b30657f"",
    ""original"": ""https:\/\/egress.storeden.net\/gallery\/6a6345bfe39ee1d75b30657f""
}"
/Users/anna.nardi/Library/CloudStorage/OneDrive-Raccoltecondivise-DuckyNetworkS.r.l/E-Commerce - FOTO PRODOTTO 2019_2022_2023_2024_2025/DISCHI/R-FIX/RF7548.jpg,RF7548,41160148,OK,"{
    ""image_id"": ""6a6345c5e39ee1075d306568"",
    ""thumbnail"": ""https:\/\/cdn.storeden.net\/secache\/6a6345c5e39ee1075d306568"",
    ""original"": ""https:\/\/egress.storeden.net\/gallery\/6a6345c5e39ee1075d306568""
}"
/Users/anna.nardi/Library/CloudStorage/OneDrive-Raccoltecondivise-DuckyNetworkS.r.l/E-Commerce - FOTO PRODOTTO 2019_2022_2023_2024_2025/DISCHI/R-FIX/RF7549.jpg,RF7549,41160149,OK,"{
    ""image_id"": ""6a6345cbbe7ea0260f64628c"",
    ""thumbnail"": ""https:\/\/cdn.storeden.net\/secache\/6a6345cbbe7ea0260f64628c"",
    ""original"": ""https:\/\/egress.storeden.net\/gallery\/6a6345cbbe7ea0260f64628c""
}"
/Users/anna.nardi/Library/CloudStorage/OneDrive-Raccoltecondivise-DuckyNetworkS.r.l/E-Commerce - FOTO PRODOTTO 2019_2022_2023_2024_2025/DISCHI/R-FIX/RF7550.jpg,RF7550,41160150,OK,"{
    ""image_id"": ""6a6345d3be7ea0e12b6461b9"",
    ""thumbnail"": ""https:\/\/cdn.storeden.net\/secache\/6a6345d3be7ea0e12b6461b9"",
    ""original"": ""https:\/\/egress.storeden.net\/gallery\/6a6345d3be7ea0e12b6461b9""
}"
/Users/anna.nardi/Library/CloudStorage/OneDrive-Raccoltecondivise-DuckyNetworkS.r.l/E-Commerce - FOTO PRODOTTO 2019_2022_2023_2024_2025/DISCHI/R-FIX/RF7551.jpg,RF7551,41160151,OK,"{
    ""image_id"": ""6a6345dabe7ea0341e6461d7"",
    ""thumbnail"": ""https:\/\/cdn.storeden.net\/secache\/6a6345dabe7ea0341e6461d7"",
    ""original"": ""https:\/\/egress.storeden.net\/gallery\/6a6345dabe7ea0341e6461d7""
}"
/Users/anna.nardi/Library/CloudStorage/OneDrive-Raccoltecondivise-DuckyNetworkS.r.l/E-Commerce - FOTO PRODOTTO 2019_2022_2023_2024_2025/DISCHI/R-FIX/RF7553.jpg,RF7553,41160152,OK,"{
    ""image_id"": ""6a6345debe7ea0e32b6461b9"",
    ""thumbnail"": ""https:\/\/cdn.storeden.net\/secache\/6a6345debe7ea0e32b6461b9"",
    ""original"": ""https:\/\/egress.storeden.net\/gallery\/6a6345debe7ea0e32b6461b9""
}"
/Users/anna.nardi/Library/CloudStorage/OneDrive-Raccoltecondivise-DuckyNetworkS.r.l/E-Commerce - FOTO PRODOTTO 2019_2022_2023_2024_2025/DISCHI/R-FIX/RF8114.jpg,RF8114,41160153,OK,"{
    ""image_id"": ""6a6345e4e39ee1f85d306514"",
    ""thumbnail"": ""https:\/\/cdn.storeden.net\/secache\/6a6345e4e39ee1f85d306514"",
    ""original"": ""https:\/\/egress.storeden.net\/gallery\/6a6345e4e39ee1f85d306514""
}"
/Users/anna.nardi/Library/CloudStorage/OneDrive-Raccoltecondivise-DuckyNetworkS.r.l/E-Commerce - FOTO PRODOTTO 2019_2022_2023_2024_2025/DISCHI/R-FIX/RF8115.jpg,RF8115,41160154,OK,"{
    ""image_id"": ""6a6345e9e39ee1e45d306517"",
    ""thumbnail"": ""https:\/\/cdn.storeden.net\/secache\/6a6345e9e39ee1e45d306517"",
    ""original"": ""https:\/\/egress.storeden.net\/gallery\/6a6345e9e39ee1e45d306517""
}"
/Users/anna.nardi/Library/CloudStorage/OneDrive-Raccoltecondivise-DuckyNetworkS.r.l/E-Commerce - FOTO PRODOTTO 2019_2022_2023_2024_2025/DISCHI/R-FIX/RF8116.jpg,RF8116,41160155,OK,"{
    ""image_id"": ""6a6345efe39ee1e35d306519"",
    ""thumbnail"": ""https:\/\/cdn.storeden.net\/secache\/6a6345efe39ee1e35d306519"",
    ""original"": ""https:\/\/egress.storeden.net\/gallery\/6a6345efe39ee1e35d306519""
}"
/Users/anna.nardi/Library/CloudStorage/OneDrive-Raccoltecondivise-DuckyNetworkS.r.l/E-Commerce - FOTO PRODOTTO 2019_2022_2023_2024_2025/DISCHI/R-FIX/RF8117.jpg,RF8117,41160156,OK,"{
    ""image_id"": ""6a6345f5e39ee1075d306578"",
    ""thumbnail"": ""https:\/\/cdn.storeden.net\/secache\/6a6345f5e39ee1075d306578"",
    ""original"": ""https:\/\/egress.storeden.net\/gallery\/6a6345f5e39ee1075d306578""
}"
/Users/anna.nardi/Library/CloudStorage/OneDrive-Raccoltecondivise-DuckyNetworkS.r.l/E-Commerce - FOTO PRODOTTO 2019_2022_2023_2024_2025/DISCHI/R-FIX/RF8118.jpg,RF8118,41160157,OK,"{
    ""image_id"": ""6a6345fce39ee1ec5d306514"",
    ""thumbnail"": ""https:\/\/cdn.storeden.net\/secache\/6a6345fce39ee1ec5d306514"",
    ""original"": ""https:\/\/egress.storeden.net\/gallery\/6a6345fce39ee1ec5d306514""
}"
/Users/anna.nardi/Library/CloudStorage/OneDrive-Raccoltecondivise-DuckyNetworkS.r.l/E-Commerce - FOTO PRODOTTO 2019_2022_2023_2024_2025/DISCHI/R-FIX/RF8119.jpg,RF8119,41160158,OK,"{
    ""image_id"": ""6a634601be7ea0551e646282"",
    ""thumbnail"": ""https:\/\/cdn.storeden.net\/secache\/6a634601be7ea0551e646282"",
    ""original"": ""https:\/\/egress.storeden.net\/gallery\/6a634601be7ea0551e646282""
}"
/Users/anna.nardi/Library/CloudStorage/OneDrive-Raccoltecondivise-DuckyNetworkS.r.l/E-Commerce - FOTO PRODOTTO 2019_2022_2023_2024_2025/DISCHI/R-FIX/RF8121.jpg,RF8121,41160159,OK,"{
    ""image_id"": ""6a634609e39ee1e55d306536"",
    ""thumbnail"": ""https:\/\/cdn.storeden.net\/secache\/6a634609e39ee1e55d306536"",
    ""original"": ""https:\/\/egress.storeden.net\/gallery\/6a634609e39ee1e55d306536""
}"
/Users/anna.nardi/Library/CloudStorage/OneDrive-Raccoltecondivise-DuckyNetworkS.r.l/E-Commerce - FOTO PRODOTTO 2019_2022_2023_2024_2025/DISCHI/R-FIX/RF8122.jpg,RF8122,41160160,OK,"{
    ""image_id"": ""6a634611be7ea0852b6461bb"",
    ""thumbnail"": ""https:\/\/cdn.storeden.net\/secache\/6a634611be7ea0852b6461bb"",
    ""original"": ""https:\/\/egress.storeden.net\/gallery\/6a634611be7ea0852b6461bb""
}"
/Users/anna.nardi/Library/CloudStorage/OneDrive-Raccoltecondivise-DuckyNetworkS.r.l/E-Commerce - FOTO PRODOTTO 2019_2022_2023_2024_2025/DISCHI/R-FIX/RF8123.jpg,RF8123,41160161,OK,"{
    ""image_id"": ""6a63461ae39ee1e55d306546"",
    ""thumbnail"": ""https:\/\/cdn.storeden.net\/secache\/6a63461ae39ee1e55d306546"",
    ""original"": ""https:\/\/egress.storeden.net\/gallery\/6a63461ae39ee1e55d306546""
}"
/Users/anna.nardi/Library/CloudStorage/OneDrive-Raccoltecondivise-DuckyNetworkS.r.l/E-Commerce - FOTO PRODOTTO 2019_2022_2023_2024_2025/DISCHI/R-FIX/RF8124.jpg,RF8124,41160162,OK,"{
    ""image_id"": ""6a634620be7ea0e32b6461e1"",
    ""thumbnail"": ""https:\/\/cdn.storeden.net\/secache\/6a634620be7ea0e32b6461e1"",
    ""original"": ""https:\/\/egress.storeden.net\/gallery\/6a634620be7ea0e32b6461e1""
}"
/Users/anna.nardi/Library/CloudStorage/OneDrive-Raccoltecondivise-DuckyNetworkS.r.l/E-Commerce - FOTO PRODOTTO 2019_2022_2023_2024_2025/DISCHI/R-FIX/RF8126.jpg,RF8126,41160163,OK,"{
    ""image_id"": ""6a634628e39ee1075d30658a"",
    ""thumbnail"": ""https:\/\/cdn.storeden.net\/secache\/6a634628e39ee1075d30658a"",
    ""original"": ""https:\/\/egress.storeden.net\/gallery\/6a634628e39ee1075d30658a""
}"
/Users/anna.nardi/Library/CloudStorage/OneDrive-Raccoltecondivise-DuckyNetworkS.r.l/E-Commerce - FOTO PRODOTTO 2019_2022_2023_2024_2025/DISCHI/R-FIX/RF8128.jpg,RF8128,41160164,OK,"{
    ""image_id"": ""6a634634e39ee1de5d306537"",
    ""thumbnail"": ""https:\/\/cdn.storeden.net\/secache\/6a634634e39ee1de5d306537"",
    ""original"": ""https:\/\/egress.storeden.net\/gallery\/6a634634e39ee1de5d306537""
}"
/Users/anna.nardi/Library/CloudStorage/OneDrive-Raccoltecondivise-DuckyNetworkS.r.l/E-Commerce - FOTO PRODOTTO 2019_2022_2023_2024_2025/DISCHI/R-FIX/RF8129.jpg,RF8129,41160165,OK,"{
    ""image_id"": ""6a63463ee39ee1e55d306556"",
    ""thumbnail"": ""https:\/\/cdn.storeden.net\/secache\/6a63463ee39ee1e55d306556"",
    ""original"": ""https:\/\/egress.storeden.net\/gallery\/6a63463ee39ee1e55d306556""
}"
/Users/anna.nardi/Library/CloudStorage/OneDrive-Raccoltecondivise-DuckyNetworkS.r.l/E-Commerce - FOTO PRODOTTO 2019_2022_2023_2024_2025/DISCHI/R-FIX/RF8131.jpg,RF8131,41160166,OK,"{
    ""image_id"": ""6a634646e39ee1075d30659c"",
    ""thumbnail"": ""https:\/\/cdn.storeden.net\/secache\/6a634646e39ee1075d30659c"",
    ""original"": ""https:\/\/egress.storeden.net\/gallery\/6a634646e39ee1075d30659c""
}"
/Users/anna.nardi/Library/CloudStorage/OneDrive-Raccoltecondivise-DuckyNetworkS.r.l/E-Commerce - FOTO PRODOTTO 2019_2022_2023_2024_2025/DISCHI/R-FIX/RF8132.jpg,RF8132,41160167,OK,"{
    ""image_id"": ""6a63464ce39ee1075e306514"",
    ""thumbnail"": ""https:\/\/cdn.storeden.net\/secache\/6a63464ce39ee1075e306514"",
    ""original"": ""https:\/\/egress.storeden.net\/gallery\/6a63464ce39ee1075e306514""
}"
/Users/anna.nardi/Library/CloudStorage/OneDrive-Raccoltecondivise-DuckyNetworkS.r.l/E-Commerce - FOTO PRODOTTO 2019_2022_2023_2024_2025/DISCHI/R-FIX/RF8134.jpg,RF8134,41160168,OK,"{
    ""image_id"": ""6a63464fe39ee1ea5d30652f"",
    ""thumbnail"": ""https:\/\/cdn.storeden.net\/secache\/6a63464fe39ee1ea5d30652f"",
    ""original"": ""https:\/\/egress.storeden.net\/gallery\/6a63464fe39ee1ea5d30652f""
}"
/Users/anna.nardi/Library/CloudStorage/OneDrive-Raccoltecondivise-DuckyNetworkS.r.l/E-Commerce - FOTO PRODOTTO 2019_2022_2023_2024_2025/DISCHI/R-FIX/RF8135.jpg,RF8135,41160169,OK,"{
    ""image_id"": ""6a634654e39ee1075e306525"",
    ""thumbnail"": ""https:\/\/cdn.storeden.net\/secache\/6a634654e39ee1075e306525"",
    ""original"": ""https:\/\/egress.storeden.net\/gallery\/6a634654e39ee1075e306525""
}"
/Users/anna.nardi/Library/CloudStorage/OneDrive-Raccoltecondivise-DuckyNetworkS.r.l/E-Commerce - FOTO PRODOTTO 2019_2022_2023_2024_2025/DISCHI/R-FIX/RF8137.jpg,RF8137,41160170,OK,"{
    ""image_id"": ""6a63465ae39ee1235e306535"",
    ""thumbnail"": ""https:\/\/cdn.storeden.net\/secache\/6a63465ae39ee1235e306535"",
    ""original"": ""https:\/\/egress.storeden.net\/gallery\/6a63465ae39ee1235e306535""
}"
/Users/anna.nardi/Library/CloudStorage/OneDrive-Raccoltecondivise-DuckyNetworkS.r.l/E-Commerce - FOTO PRODOTTO 2019_2022_2023_2024_2025/DISCHI/R-FIX/RF8140.jpg,RF8140,41160171,OK,"{
    ""image_id"": ""6a634660e39ee1ea5d306533"",
    ""thumbnail"": ""https:\/\/cdn.storeden.net\/secache\/6a634660e39ee1ea5d306533"",
    ""original"": ""https:\/\/egress.storeden.net\/gallery\/6a634660e39ee1ea5d306533""
}"
/Users/anna.nardi/Library/CloudStorage/OneDrive-Raccoltecondivise-DuckyNetworkS.r.l/E-Commerce - FOTO PRODOTTO 2019_2022_2023_2024_2025/DISCHI/R-FIX/RF8141.jpg,RF8141,41160172,OK,"{
    ""image_id"": ""6a634666be7ea0e32b6461f8"",
    ""thumbnail"": ""https:\/\/cdn.storeden.net\/secache\/6a634666be7ea0e32b6461f8"",
    ""original"": ""https:\/\/egress.storeden.net\/gallery\/6a634666be7ea0e32b6461f8""
}"
/Users/anna.nardi/Library/CloudStorage/OneDrive-Raccoltecondivise-DuckyNetworkS.r.l/E-Commerce - FOTO PRODOTTO 2019_2022_2023_2024_2025/DISCHI/R-FIX/RF8143.jpg,RF8143,41160173,OK,"{
    ""image_id"": ""6a634674be7ea02e1e6463bd"",
    ""thumbnail"": ""https:\/\/cdn.storeden.net\/secache\/6a634674be7ea02e1e6463bd"",
    ""original"": ""https:\/\/egress.storeden.net\/gallery\/6a634674be7ea02e1e6463bd""
}"
/Users/anna.nardi/Library/CloudStorage/OneDrive-Raccoltecondivise-DuckyNetworkS.r.l/E-Commerce - FOTO PRODOTTO 2019_2022_2023_2024_2025/DISCHI/R-FIX/RF8144S.jpg,RF8144S,41160174,OK,"{
    ""image_id"": ""6a634680be7ea02b306461b9"",
    ""thumbnail"": ""https:\/\/cdn.storeden.net\/secache\/6a634680be7ea02b306461b9"",
    ""original"": ""https:\/\/egress.storeden.net\/gallery\/6a634680be7ea02b306461b9""
}"
/Users/anna.nardi/Library/CloudStorage/OneDrive-Raccoltecondivise-DuckyNetworkS.r.l/E-Commerce - FOTO PRODOTTO 2019_2022_2023_2024_2025/DISCHI/R-FIX/RF8145S.jpg,RF8145S,41160175,OK,"{
    ""image_id"": ""6a63468ce39ee1ff5d30652f"",
    ""thumbnail"": ""https:\/\/cdn.storeden.net\/secache\/6a63468ce39ee1ff5d30652f"",
    ""original"": ""https:\/\/egress.storeden.net\/gallery\/6a63468ce39ee1ff5d30652f""
}"
/Users/anna.nardi/Library/CloudStorage/OneDrive-Raccoltecondivise-DuckyNetworkS.r.l/E-Commerce - FOTO PRODOTTO 2019_2022_2023_2024_2025/DISCHI/R-FIX/RF8147S.jpg,RF8147S,41160178,OK,"{
    ""image_id"": ""6a634692e39ee1ad5e306514"",
    ""thumbnail"": ""https:\/\/cdn.storeden.net\/secache\/6a634692e39ee1ad5e306514"",
    ""original"": ""https:\/\/egress.storeden.net\/gallery\/6a634692e39ee1ad5e306514""
}"
/Users/anna.nardi/Library/CloudStorage/OneDrive-Raccoltecondivise-DuckyNetworkS.r.l/E-Commerce - FOTO PRODOTTO 2019_2022_2023_2024_2025/DISCHI/R-FIX/RF8148S.jpg,RF8148S,41160179,OK,"{
    ""image_id"": ""6a634696e39ee1e55d306575"",
    ""thumbnail"": ""https:\/\/cdn.storeden.net\/secache\/6a634696e39ee1e55d306575"",
    ""original"": ""https:\/\/egress.storeden.net\/gallery\/6a634696e39ee1e55d306575""
}"
/Users/anna.nardi/Library/CloudStorage/OneDrive-Raccoltecondivise-DuckyNetworkS.r.l/E-Commerce - FOTO PRODOTTO 2019_2022_2023_2024_2025/DISCHI/R-FIX/RF8149S.jpg,RF8149S,41160180,OK,"{
    ""image_id"": ""6a63469bbe7ea06f1e6463cc"",
    ""thumbnail"": ""https:\/\/cdn.storeden.net\/secache\/6a63469bbe7ea06f1e6463cc"",
    ""original"": ""https:\/\/egress.storeden.net\/gallery\/6a63469bbe7ea06f1e6463cc""
}"
/Users/anna.nardi/Library/CloudStorage/OneDrive-Raccoltecondivise-DuckyNetworkS.r.l/E-Commerce - FOTO PRODOTTO 2019_2022_2023_2024_2025/DISCHI/R-FIX/RF8150S.jpg,RF8150S,41160181,OK,"{
    ""image_id"": ""6a6346a2e39ee1a55e306514"",
    ""thumbnail"": ""https:\/\/cdn.storeden.net\/secache\/6a6346a2e39ee1a55e306514"",
    ""original"": ""https:\/\/egress.storeden.net\/gallery\/6a6346a2e39ee1a55e306514""
}"
/Users/anna.nardi/Library/CloudStorage/OneDrive-Raccoltecondivise-DuckyNetworkS.r.l/E-Commerce - FOTO PRODOTTO 2019_2022_2023_2024_2025/DISCHI/R-FIX/RF8151S.jpg,RF8151S,41160182,OK,"{
    ""image_id"": ""6a6346a7e39ee19b5c306544"",
    ""thumbnail"": ""https:\/\/cdn.storeden.net\/secache\/6a6346a7e39ee19b5c306544"",
    ""original"": ""https:\/\/egress.storeden.net\/gallery\/6a6346a7e39ee19b5c306544""
}"
/Users/anna.nardi/Library/CloudStorage/OneDrive-Raccoltecondivise-DuckyNetworkS.r.l/E-Commerce - FOTO PRODOTTO 2019_2022_2023_2024_2025/DISCHI/R-FIX/RF8152S.jpg,RF8152S,41160183,OK,"{
    ""image_id"": ""6a6346adbe7ea035306461bc"",
    ""thumbnail"": ""https:\/\/cdn.storeden.net\/secache\/6a6346adbe7ea035306461bc"",
    ""original"": ""https:\/\/egress.storeden.net\/gallery\/6a6346adbe7ea035306461bc""
}"
/Users/anna.nardi/Library/CloudStorage/OneDrive-Raccoltecondivise-DuckyNetworkS.r.l/E-Commerce - FOTO PRODOTTO 2019_2022_2023_2024_2025/DISCHI/R-FIX/RF8153S.jpg,RF8153S,41160184,OK,"{
    ""image_id"": ""6a6346b1e39ee1b75e306514"",
    ""thumbnail"": ""https:\/\/cdn.storeden.net\/secache\/6a6346b1e39ee1b75e306514"",
    ""original"": ""https:\/\/egress.storeden.net\/gallery\/6a6346b1e39ee1b75e306514""
}"
/Users/anna.nardi/Library/CloudStorage/OneDrive-Raccoltecondivise-DuckyNetworkS.r.l/E-Commerce - FOTO PRODOTTO 2019_2022_2023_2024_2025/DISCHI/R-FIX/RF8154S.jpg,RF8154S,41160185,OK,"{
    ""image_id"": ""6a6346b7e39ee1b75e30651a"",
    ""thumbnail"": ""https:\/\/cdn.storeden.net\/secache\/6a6346b7e39ee1b75e30651a"",
    ""original"": ""https:\/\/egress.storeden.net\/gallery\/6a6346b7e39ee1b75e30651a""
}"
/Users/anna.nardi/Library/CloudStorage/OneDrive-Raccoltecondivise-DuckyNetworkS.r.l/E-Commerce - FOTO PRODOTTO 2019_2022_2023_2024_2025/DISCHI/R-FIX/RF8506.jpg,RF8506,41160186,OK,"{
    ""image_id"": ""6a6346bde39ee1bc5e306514"",
    ""thumbnail"": ""https:\/\/cdn.storeden.net\/secache\/6a6346bde39ee1bc5e306514"",
    ""original"": ""https:\/\/egress.storeden.net\/gallery\/6a6346bde39ee1bc5e306514""
}"
/Users/anna.nardi/Library/CloudStorage/OneDrive-Raccoltecondivise-DuckyNetworkS.r.l/E-Commerce - FOTO PRODOTTO 2019_2022_2023_2024_2025/DISCHI/R-FIX/RF8507.jpg,RF8507,41160187,OK,"{
    ""image_id"": ""6a6346c2be7ea0272a6462af"",
    ""thumbnail"": ""https:\/\/cdn.storeden.net\/secache\/6a6346c2be7ea0272a6462af"",
    ""original"": ""https:\/\/egress.storeden.net\/gallery\/6a6346c2be7ea0272a6462af""
}"
/Users/anna.nardi/Library/CloudStorage/OneDrive-Raccoltecondivise-DuckyNetworkS.r.l/E-Commerce - FOTO PRODOTTO 2019_2022_2023_2024_2025/DISCHI/R-FIX/RF8508.jpg,RF8508,41160188,OK,"{
    ""image_id"": ""6a6346c9be7ea05312646306"",
    ""thumbnail"": ""https:\/\/cdn.storeden.net\/secache\/6a6346c9be7ea05312646306"",
    ""original"": ""https:\/\/egress.storeden.net\/gallery\/6a6346c9be7ea05312646306""
}"
/Users/anna.nardi/Library/CloudStorage/OneDrive-Raccoltecondivise-DuckyNetworkS.r.l/E-Commerce - FOTO PRODOTTO 2019_2022_2023_2024_2025/DISCHI/R-FIX/RF8509.jpg,RF8509,41160189,OK,"{
    ""image_id"": ""6a6346d0e39ee1b75e30652b"",
    ""thumbnail"": ""https:\/\/cdn.storeden.net\/secache\/6a6346d0e39ee1b75e30652b"",
    ""original"": ""https:\/\/egress.storeden.net\/gallery\/6a6346d0e39ee1b75e30652b""
}"
/Users/anna.nardi/Library/CloudStorage/OneDrive-Raccoltecondivise-DuckyNetworkS.r.l/E-Commerce - FOTO PRODOTTO 2019_2022_2023_2024_2025/DISCHI/R-FIX/RF8511.jpg,RF8511,41160190,OK,"{
    ""image_id"": ""6a6346d6e39ee1cf5e306514"",
    ""thumbnail"": ""https:\/\/cdn.storeden.net\/secache\/6a6346d6e39ee1cf5e306514"",
    ""original"": ""https:\/\/egress.storeden.net\/gallery\/6a6346d6e39ee1cf5e306514""
}"
/Users/anna.nardi/Library/CloudStorage/OneDrive-Raccoltecondivise-DuckyNetworkS.r.l/E-Commerce - FOTO PRODOTTO 2019_2022_2023_2024_2025/DISCHI/R-FIX/RF8512.jpg,RF8512,41160191,OK,"{
    ""image_id"": ""6a6346ddbe7ea0403064638b"",
    ""thumbnail"": ""https:\/\/cdn.storeden.net\/secache\/6a6346ddbe7ea0403064638b"",
    ""original"": ""https:\/\/egress.storeden.net\/gallery\/6a6346ddbe7ea0403064638b""
}"
/Users/anna.nardi/Library/CloudStorage/OneDrive-Raccoltecondivise-DuckyNetworkS.r.l/E-Commerce - FOTO PRODOTTO 2019_2022_2023_2024_2025/DISCHI/R-FIX/RF8513.jpg,RF8513,41160192,OK,"{
    ""image_id"": ""6a6346ece39ee1bc5e30652c"",
    ""thumbnail"": ""https:\/\/cdn.storeden.net\/secache\/6a6346ece39ee1bc5e30652c"",
    ""original"": ""https:\/\/egress.storeden.net\/gallery\/6a6346ece39ee1bc5e30652c""
}"
/Users/anna.nardi/Library/CloudStorage/OneDrive-Raccoltecondivise-DuckyNetworkS.r.l/E-Commerce - FOTO PRODOTTO 2019_2022_2023_2024_2025/DISCHI/R-FIX/RF8514.jpg,RF8514,41160193,OK,"{
    ""image_id"": ""6a6346f4e39ee1b75e306547"",
    ""thumbnail"": ""https:\/\/cdn.storeden.net\/secache\/6a6346f4e39ee1b75e306547"",
    ""original"": ""https:\/\/egress.storeden.net\/gallery\/6a6346f4e39ee1b75e306547""
}"
/Users/anna.nardi/Library/CloudStorage/OneDrive-Raccoltecondivise-DuckyNetworkS.r.l/E-Commerce - FOTO PRODOTTO 2019_2022_2023_2024_2025/DISCHI/R-FIX/RF8515.jpg,RF8515,41160194,OK,"{
    ""image_id"": ""6a6346f9be7ea0211e6462c9"",
    ""thumbnail"": ""https:\/\/cdn.storeden.net\/secache\/6a6346f9be7ea0211e6462c9"",
    ""original"": ""https:\/\/egress.storeden.net\/gallery\/6a6346f9be7ea0211e6462c9""
}"
/Users/anna.nardi/Library/CloudStorage/OneDrive-Raccoltecondivise-DuckyNetworkS.r.l/E-Commerce - FOTO PRODOTTO 2019_2022_2023_2024_2025/DISCHI/R-FIX/RF8516.jpg,RF8516,41160195,OK,"{
    ""image_id"": ""6a634701e39ee1c85e30651c"",
    ""thumbnail"": ""https:\/\/cdn.storeden.net\/secache\/6a634701e39ee1c85e30651c"",
    ""original"": ""https:\/\/egress.storeden.net\/gallery\/6a634701e39ee1c85e30651c""
}"
/Users/anna.nardi/Library/CloudStorage/OneDrive-Raccoltecondivise-DuckyNetworkS.r.l/E-Commerce - FOTO PRODOTTO 2019_2022_2023_2024_2025/DISCHI/R-FIX/RF8517.jpg,RF8517,41160196,OK,"{
    ""image_id"": ""6a634707e39ee1c15e30651c"",
    ""thumbnail"": ""https:\/\/cdn.storeden.net\/secache\/6a634707e39ee1c15e30651c"",
    ""original"": ""https:\/\/egress.storeden.net\/gallery\/6a634707e39ee1c15e30651c""
}"
/Users/anna.nardi/Library/CloudStorage/OneDrive-Raccoltecondivise-DuckyNetworkS.r.l/E-Commerce - FOTO PRODOTTO 2019_2022_2023_2024_2025/DISCHI/R-FIX/RF8520.jpg,RF8520,41160197,OK,"{
    ""image_id"": ""6a63470be39ee1e55d30657c"",
    ""thumbnail"": ""https:\/\/cdn.storeden.net\/secache\/6a63470be39ee1e55d30657c"",
    ""original"": ""https:\/\/egress.storeden.net\/gallery\/6a63470be39ee1e55d30657c""
}"
/Users/anna.nardi/Library/CloudStorage/OneDrive-Raccoltecondivise-DuckyNetworkS.r.l/E-Commerce - FOTO PRODOTTO 2019_2022_2023_2024_2025/DISCHI/R-FIX/RF8522.jpg,RF8522,41160198,OK,"{
    ""image_id"": ""6a634711e39ee1ec5d306547"",
    ""thumbnail"": ""https:\/\/cdn.storeden.net\/secache\/6a634711e39ee1ec5d306547"",
    ""original"": ""https:\/\/egress.storeden.net\/gallery\/6a634711e39ee1ec5d306547""
}"
/Users/anna.nardi/Library/CloudStorage/OneDrive-Raccoltecondivise-DuckyNetworkS.r.l/E-Commerce - FOTO PRODOTTO 2019_2022_2023_2024_2025/DISCHI/R-FIX/RF8523.jpg,RF8523,41160199,OK,"{
    ""image_id"": ""6a634718e39ee1ff5d306566"",
    ""thumbnail"": ""https:\/\/cdn.storeden.net\/secache\/6a634718e39ee1ff5d306566"",
    ""original"": ""https:\/\/egress.storeden.net\/gallery\/6a634718e39ee1ff5d306566""
}"
/Users/anna.nardi/Library/CloudStorage/OneDrive-Raccoltecondivise-DuckyNetworkS.r.l/E-Commerce - FOTO PRODOTTO 2019_2022_2023_2024_2025/DISCHI/R-FIX/RF8524S.jpg,RF8524S,41160200,OK,"{
    ""image_id"": ""6a63471de39ee1a55e306552"",
    ""thumbnail"": ""https:\/\/cdn.storeden.net\/secache\/6a63471de39ee1a55e306552"",
    ""original"": ""https:\/\/egress.storeden.net\/gallery\/6a63471de39ee1a55e306552""
}"
/Users/anna.nardi/Library/CloudStorage/OneDrive-Raccoltecondivise-DuckyNetworkS.r.l/E-Commerce - FOTO PRODOTTO 2019_2022_2023_2024_2025/DISCHI/R-FIX/RF8525S.jpg,RF8525S,41160201,OK,"{
    ""image_id"": ""6a634723e39ee1c85e306534"",
    ""thumbnail"": ""https:\/\/cdn.storeden.net\/secache\/6a634723e39ee1c85e306534"",
    ""original"": ""https:\/\/egress.storeden.net\/gallery\/6a634723e39ee1c85e306534""
}"
/Users/anna.nardi/Library/CloudStorage/OneDrive-Raccoltecondivise-DuckyNetworkS.r.l/E-Commerce - FOTO PRODOTTO 2019_2022_2023_2024_2025/DISCHI/R-FIX/RF8526S.jpg,RF8526S,41160202,OK,"{
    ""image_id"": ""6a634726e39ee1e85e30651c"",
    ""thumbnail"": ""https:\/\/cdn.storeden.net\/secache\/6a634726e39ee1e85e30651c"",
    ""original"": ""https:\/\/egress.storeden.net\/gallery\/6a634726e39ee1e85e30651c""
}"
/Users/anna.nardi/Library/CloudStorage/OneDrive-Raccoltecondivise-DuckyNetworkS.r.l/E-Commerce - FOTO PRODOTTO 2019_2022_2023_2024_2025/DISCHI/R-FIX/RF8527S.jpg,RF8527S,41160203,OK,"{
    ""image_id"": ""6a634728e39ee1265b3066a8"",
    ""thumbnail"": ""https:\/\/cdn.storeden.net\/secache\/6a634728e39ee1265b3066a8"",
    ""original"": ""https:\/\/egress.storeden.net\/gallery\/6a634728e39ee1265b3066a8""
}"
/Users/anna.nardi/Library/CloudStorage/OneDrive-Raccoltecondivise-DuckyNetworkS.r.l/E-Commerce - FOTO PRODOTTO 2019_2022_2023_2024_2025/DISCHI/R-FLO/RH7003.jpg,RH7003,41126660,OK,"{
    ""image_id"": ""6a63472ce39ee1e85e306522"",
    ""thumbnail"": ""https:\/\/cdn.storeden.net\/secache\/6a63472ce39ee1e85e306522"",
    ""original"": ""https:\/\/egress.storeden.net\/gallery\/6a63472ce39ee1e85e306522""
}"
/Users/anna.nardi/Library/CloudStorage/OneDrive-Raccoltecondivise-DuckyNetworkS.r.l/E-Commerce - FOTO PRODOTTO 2019_2022_2023_2024_2025/DISCHI/R-FLO/RH7004.jpg,RH7004,41126661,OK,"{
    ""image_id"": ""6a634731e39ee1de5e306522"",
    ""thumbnail"": ""https:\/\/cdn.storeden.net\/secache\/6a634731e39ee1de5e306522"",
    ""original"": ""https:\/\/egress.storeden.net\/gallery\/6a634731e39ee1de5e306522""
}"
/Users/anna.nardi/Library/CloudStorage/OneDrive-Raccoltecondivise-DuckyNetworkS.r.l/E-Commerce - FOTO PRODOTTO 2019_2022_2023_2024_2025/DISCHI/R-FLO/RH7005.jpg,RH7005,41126662,OK,"{
    ""image_id"": ""6a634737e39ee1265b3066af"",
    ""thumbnail"": ""https:\/\/cdn.storeden.net\/secache\/6a634737e39ee1265b3066af"",
    ""original"": ""https:\/\/egress.storeden.net\/gallery\/6a634737e39ee1265b3066af""
}"
/Users/anna.nardi/Library/CloudStorage/OneDrive-Raccoltecondivise-DuckyNetworkS.r.l/E-Commerce - FOTO PRODOTTO 2019_2022_2023_2024_2025/DISCHI/R-FLO/RH7007.jpg,RH7007,41160204,OK,"{
    ""image_id"": ""6a63473de39ee1075e30667c"",
    ""thumbnail"": ""https:\/\/cdn.storeden.net\/secache\/6a63473de39ee1075e30667c"",
    ""original"": ""https:\/\/egress.storeden.net\/gallery\/6a63473de39ee1075e30667c""
}"
/Users/anna.nardi/Library/CloudStorage/OneDrive-Raccoltecondivise-DuckyNetworkS.r.l/E-Commerce - FOTO PRODOTTO 2019_2022_2023_2024_2025/DISCHI/R-FLO/RH8101L.jpg,RH8101L,41160205,OK,"{
    ""image_id"": ""6a63473fe39ee1e55d30658c"",
    ""thumbnail"": ""https:\/\/cdn.storeden.net\/secache\/6a63473fe39ee1e55d30658c"",
    ""original"": ""https:\/\/egress.storeden.net\/gallery\/6a63473fe39ee1e55d30658c""
}"
/Users/anna.nardi/Library/CloudStorage/OneDrive-Raccoltecondivise-DuckyNetworkS.r.l/E-Commerce - FOTO PRODOTTO 2019_2022_2023_2024_2025/DISCHI/R-FLO/RH8101R.jpg,RH8101R,41160206,OK,"{
    ""image_id"": ""6a634741e39ee19b5c306559"",
    ""thumbnail"": ""https:\/\/cdn.storeden.net\/secache\/6a634741e39ee19b5c306559"",
    ""original"": ""https:\/\/egress.storeden.net\/gallery\/6a634741e39ee19b5c306559""
}"
/Users/anna.nardi/Library/CloudStorage/OneDrive-Raccoltecondivise-DuckyNetworkS.r.l/E-Commerce - FOTO PRODOTTO 2019_2022_2023_2024_2025/DISCHI/R-FLO/RH8102.jpg,RH8102,41160207,OK,"{
    ""image_id"": ""6a634749be7ea0e1f86463a4"",
    ""thumbnail"": ""https:\/\/cdn.storeden.net\/secache\/6a634749be7ea0e1f86463a4"",
    ""original"": ""https:\/\/egress.storeden.net\/gallery\/6a634749be7ea0e1f86463a4""
}"
/Users/anna.nardi/Library/CloudStorage/OneDrive-Raccoltecondivise-DuckyNetworkS.r.l/E-Commerce - FOTO PRODOTTO 2019_2022_2023_2024_2025/DISCHI/R-FLO/RH8501.jpg,RH8501,41160208,OK,"{
    ""image_id"": ""6a634757e39ee1f45e306517"",
    ""thumbnail"": ""https:\/\/cdn.storeden.net\/secache\/6a634757e39ee1f45e306517"",
    ""original"": ""https:\/\/egress.storeden.net\/gallery\/6a634757e39ee1f45e306517""
}"
/Users/anna.nardi/Library/CloudStorage/OneDrive-Raccoltecondivise-DuckyNetworkS.r.l/E-Commerce - FOTO PRODOTTO 2019_2022_2023_2024_2025/DISCHI/R-FLO/RL3005.jpg,RL3005,41160209,OK,"{
    ""image_id"": ""6a634763e39ee1f45e30652b"",
    ""thumbnail"": ""https:\/\/cdn.storeden.net\/secache\/6a634763e39ee1f45e30652b"",
    ""original"": ""https:\/\/egress.storeden.net\/gallery\/6a634763e39ee1f45e30652b""
}"
/Users/anna.nardi/Library/CloudStorage/OneDrive-Raccoltecondivise-DuckyNetworkS.r.l/E-Commerce - FOTO PRODOTTO 2019_2022_2023_2024_2025/DISCHI/R-FLO/RL3007.jpg,RL3007,41160210,OK,"{
    ""image_id"": ""6a63476fbe7ea0e92b6463c7"",
    ""thumbnail"": ""https:\/\/cdn.storeden.net\/secache\/6a63476fbe7ea0e92b6463c7"",
    ""original"": ""https:\/\/egress.storeden.net\/gallery\/6a63476fbe7ea0e92b6463c7""
}"
/Users/anna.nardi/Library/CloudStorage/OneDrive-Raccoltecondivise-DuckyNetworkS.r.l/E-Commerce - FOTO PRODOTTO 2019_2022_2023_2024_2025/DISCHI/R-FLO/RL7005.jpg,RL7005,41160211,OK,"{
    ""image_id"": ""6a63477ae39ee1bc5e306556"",
    ""thumbnail"": ""https:\/\/cdn.storeden.net\/secache\/6a63477ae39ee1bc5e306556"",
    ""original"": ""https:\/\/egress.storeden.net\/gallery\/6a63477ae39ee1bc5e306556""
}"
/Users/anna.nardi/Library/CloudStorage/OneDrive-Raccoltecondivise-DuckyNetworkS.r.l/E-Commerce - FOTO PRODOTTO 2019_2022_2023_2024_2025/DISCHI/R-FLO/RL7006.jpg,RL7006,41160212,OK,"{
    ""image_id"": ""6a634782e39ee1605f306523"",
    ""thumbnail"": ""https:\/\/cdn.storeden.net\/secache\/6a634782e39ee1605f306523"",
    ""original"": ""https:\/\/egress.storeden.net\/gallery\/6a634782e39ee1605f306523""
}"
/Users/anna.nardi/Library/CloudStorage/OneDrive-Raccoltecondivise-DuckyNetworkS.r.l/E-Commerce - FOTO PRODOTTO 2019_2022_2023_2024_2025/DISCHI/R-FLO/RL7007.jpg,RL7007,41160213,OK,"{
    ""image_id"": ""6a63478be39ee1265b3066c1"",
    ""thumbnail"": ""https:\/\/cdn.storeden.net\/secache\/6a63478be39ee1265b3066c1"",
    ""original"": ""https:\/\/egress.storeden.net\/gallery\/6a63478be39ee1265b3066c1""
}"
/Users/anna.nardi/Library/CloudStorage/OneDrive-Raccoltecondivise-DuckyNetworkS.r.l/E-Commerce - FOTO PRODOTTO 2019_2022_2023_2024_2025/DISCHI/R-FLO/RL7008.jpg,RL7008,41160214,OK,"{
    ""image_id"": ""6a634795e39ee1e05e306520"",
    ""thumbnail"": ""https:\/\/cdn.storeden.net\/secache\/6a634795e39ee1e05e306520"",
    ""original"": ""https:\/\/egress.storeden.net\/gallery\/6a634795e39ee1e05e306520""
}"
/Users/anna.nardi/Library/CloudStorage/OneDrive-Raccoltecondivise-DuckyNetworkS.r.l/E-Commerce - FOTO PRODOTTO 2019_2022_2023_2024_2025/DISCHI/R-FLO/RL7010.jpg,RL7010,41160215,OK,"{
    ""image_id"": ""6a63479ee39ee1465f306515"",
    ""thumbnail"": ""https:\/\/cdn.storeden.net\/secache\/6a63479ee39ee1465f306515"",
    ""original"": ""https:\/\/egress.storeden.net\/gallery\/6a63479ee39ee1465f306515""
}"
/Users/anna.nardi/Library/CloudStorage/OneDrive-Raccoltecondivise-DuckyNetworkS.r.l/E-Commerce - FOTO PRODOTTO 2019_2022_2023_2024_2025/DISCHI/R-FLO/RL7011.jpg,RL7011,41160216,OK,"{
    ""image_id"": ""6a6347a1e39ee1605f30654e"",
    ""thumbnail"": ""https:\/\/cdn.storeden.net\/secache\/6a6347a1e39ee1605f30654e"",
    ""original"": ""https:\/\/egress.storeden.net\/gallery\/6a6347a1e39ee1605f30654e""
}"
/Users/anna.nardi/Library/CloudStorage/OneDrive-Raccoltecondivise-DuckyNetworkS.r.l/E-Commerce - FOTO PRODOTTO 2019_2022_2023_2024_2025/DISCHI/R-FLO/RL8001.jpg,RL8001,41160217,OK,"{
    ""image_id"": ""6a6347a8be7ea0311e6465a2"",
    ""thumbnail"": ""https:\/\/cdn.storeden.net\/secache\/6a6347a8be7ea0311e6465a2"",
    ""original"": ""https:\/\/egress.storeden.net\/gallery\/6a6347a8be7ea0311e6465a2""
}"
/Users/anna.nardi/Library/CloudStorage/OneDrive-Raccoltecondivise-DuckyNetworkS.r.l/E-Commerce - FOTO PRODOTTO 2019_2022_2023_2024_2025/RACCORDI/alta ris/RN2D011A.jpg,RN2D011A,41160222,OK,"{
    ""image_id"": ""6a6347aee39ee1f45e306545"",
    ""thumbnail"": ""https:\/\/cdn.storeden.net\/secache\/6a6347aee39ee1f45e306545"",
    ""original"": ""https:\/\/egress.storeden.net\/gallery\/6a6347aee39ee1f45e306545""
}"
/Users/anna.nardi/Library/CloudStorage/OneDrive-Raccoltecondivise-DuckyNetworkS.r.l/E-Commerce - FOTO PRODOTTO 2019_2022_2023_2024_2025/RACCORDI/alta ris/RN3D008C.jpg,RN3D008C,41160223,OK,"{
    ""image_id"": ""6a6347b3e39ee1c85e306560"",
    ""thumbnail"": ""https:\/\/cdn.storeden.net\/secache\/6a6347b3e39ee1c85e306560"",
    ""original"": ""https:\/\/egress.storeden.net\/gallery\/6a6347b3e39ee1c85e306560""
}"
/Users/anna.nardi/Library/CloudStorage/OneDrive-Raccoltecondivise-DuckyNetworkS.r.l/E-Commerce - FOTO PRODOTTO 2019_2022_2023_2024_2025/RACCORDI/alta ris/RN3D008D.jpg,RN3D008D,41160224,OK,"{
    ""image_id"": ""6a6347b8e39ee1b35f306514"",
    ""thumbnail"": ""https:\/\/cdn.storeden.net\/secache\/6a6347b8e39ee1b35f306514"",
    ""original"": ""https:\/\/egress.storeden.net\/gallery\/6a6347b8e39ee1b35f306514""
}"
/Users/anna.nardi/Library/CloudStorage/OneDrive-Raccoltecondivise-DuckyNetworkS.r.l/E-Commerce - FOTO PRODOTTO 2019_2022_2023_2024_2025/RACCORDI/alta ris/RN3D009A.jpg,RN3D009A,41160225,OK,"{
    ""image_id"": ""6a6347bde39ee1d05f306514"",
    ""thumbnail"": ""https:\/\/cdn.storeden.net\/secache\/6a6347bde39ee1d05f306514"",
    ""original"": ""https:\/\/egress.storeden.net\/gallery\/6a6347bde39ee1d05f306514""
}"
/Users/anna.nardi/Library/CloudStorage/OneDrive-Raccoltecondivise-DuckyNetworkS.r.l/E-Commerce - FOTO PRODOTTO 2019_2022_2023_2024_2025/RACCORDI/alta ris/RN3D009B.jpg,RN3D009B,41160226,OK,"{
    ""image_id"": ""6a6347c2e39ee1605f30655a"",
    ""thumbnail"": ""https:\/\/cdn.storeden.net\/secache\/6a6347c2e39ee1605f30655a"",
    ""original"": ""https:\/\/egress.storeden.net\/gallery\/6a6347c2e39ee1605f30655a""
}"
/Users/anna.nardi/Library/CloudStorage/OneDrive-Raccoltecondivise-DuckyNetworkS.r.l/E-Commerce - FOTO PRODOTTO 2019_2022_2023_2024_2025/RACCORDI/alta ris/RX0001.jpg,RX0001,41464567,OK,"{
    ""image_id"": ""6a6347c6e39ee1655f306517"",
    ""thumbnail"": ""https:\/\/cdn.storeden.net\/secache\/6a6347c6e39ee1655f306517"",
    ""original"": ""https:\/\/egress.storeden.net\/gallery\/6a6347c6e39ee1655f306517""
}"
/Users/anna.nardi/Library/CloudStorage/OneDrive-Raccoltecondivise-DuckyNetworkS.r.l/E-Commerce - FOTO PRODOTTO 2019_2022_2023_2024_2025/RACCORDI/alta ris/RX0002.jpg,RX0002,41464568,OK,"{
    ""image_id"": ""6a6347cbe39ee1535f306522"",
    ""thumbnail"": ""https:\/\/cdn.storeden.net\/secache\/6a6347cbe39ee1535f306522"",
    ""original"": ""https:\/\/egress.storeden.net\/gallery\/6a6347cbe39ee1535f306522""
}"
/Users/anna.nardi/Library/CloudStorage/OneDrive-Raccoltecondivise-DuckyNetworkS.r.l/E-Commerce - FOTO PRODOTTO 2019_2022_2023_2024_2025/RACCORDI/alta ris/RX0003.jpg,RX0003,41160227,OK,"{
    ""image_id"": ""6a6347d0e39ee1bc5e30658a"",
    ""thumbnail"": ""https:\/\/cdn.storeden.net\/secache\/6a6347d0e39ee1bc5e30658a"",
    ""original"": ""https:\/\/egress.storeden.net\/gallery\/6a6347d0e39ee1bc5e30658a""
}"
/Users/anna.nardi/Library/CloudStorage/OneDrive-Raccoltecondivise-DuckyNetworkS.r.l/E-Commerce - FOTO PRODOTTO 2019_2022_2023_2024_2025/RACCORDI/alta ris/RX0004.jpg,RX0004,41160228,OK,"{
    ""image_id"": ""6a6347d6e39ee1f45e306553"",
    ""thumbnail"": ""https:\/\/cdn.storeden.net\/secache\/6a6347d6e39ee1f45e306553"",
    ""original"": ""https:\/\/egress.storeden.net\/gallery\/6a6347d6e39ee1f45e306553""
}"
/Users/anna.nardi/Library/CloudStorage/OneDrive-Raccoltecondivise-DuckyNetworkS.r.l/E-Commerce - FOTO PRODOTTO 2019_2022_2023_2024_2025/RACCORDI/alta ris/RX0005.jpg,RX0005,41464569,OK,"{
    ""image_id"": ""6a6347dae39ee11560306514"",
    ""thumbnail"": ""https:\/\/cdn.storeden.net\/secache\/6a6347dae39ee11560306514"",
    ""original"": ""https:\/\/egress.storeden.net\/gallery\/6a6347dae39ee11560306514""
}"
/Users/anna.nardi/Library/CloudStorage/OneDrive-Raccoltecondivise-DuckyNetworkS.r.l/E-Commerce - FOTO PRODOTTO 2019_2022_2023_2024_2025/RACCORDI/alta ris/RX0006.jpg,RX0006,41160229,OK,"{
    ""image_id"": ""6a6347dee39ee1c85e30656c"",
    ""thumbnail"": ""https:\/\/cdn.storeden.net\/secache\/6a6347dee39ee1c85e30656c"",
    ""original"": ""https:\/\/egress.storeden.net\/gallery\/6a6347dee39ee1c85e30656c""
}"
/Users/anna.nardi/Library/CloudStorage/OneDrive-Raccoltecondivise-DuckyNetworkS.r.l/E-Commerce - FOTO PRODOTTO 2019_2022_2023_2024_2025/RACCORDI/alta ris/RX0010.jpg,RX0010,41160232,OK,"{
    ""image_id"": ""6a6347e2be7ea061126464f5"",
    ""thumbnail"": ""https:\/\/cdn.storeden.net\/secache\/6a6347e2be7ea061126464f5"",
    ""original"": ""https:\/\/egress.storeden.net\/gallery\/6a6347e2be7ea061126464f5""
}"
/Users/anna.nardi/Library/CloudStorage/OneDrive-Raccoltecondivise-DuckyNetworkS.r.l/E-Commerce - FOTO PRODOTTO 2019_2022_2023_2024_2025/RACCORDI/alta ris/RX0011.jpg,RX0011,41160233,OK,"{
    ""image_id"": ""6a6347e8e39ee1e85e306535"",
    ""thumbnail"": ""https:\/\/cdn.storeden.net\/secache\/6a6347e8e39ee1e85e306535"",
    ""original"": ""https:\/\/egress.storeden.net\/gallery\/6a6347e8e39ee1e85e306535""
}"
/Users/anna.nardi/Library/CloudStorage/OneDrive-Raccoltecondivise-DuckyNetworkS.r.l/E-Commerce - FOTO PRODOTTO 2019_2022_2023_2024_2025/RACCORDI/alta ris/RX0012.jpg,RX0012,41160234,OK,"{
    ""image_id"": ""6a6347ede39ee1655f306522"",
    ""thumbnail"": ""https:\/\/cdn.storeden.net\/secache\/6a6347ede39ee1655f306522"",
    ""original"": ""https:\/\/egress.storeden.net\/gallery\/6a6347ede39ee1655f306522""
}"
/Users/anna.nardi/Library/CloudStorage/OneDrive-Raccoltecondivise-DuckyNetworkS.r.l/E-Commerce - FOTO PRODOTTO 2019_2022_2023_2024_2025/RACCORDI/alta ris/RX0013.jpg,RX0013,41160235,OK,"{
    ""image_id"": ""6a6347f1e39ee1ff5d30658a"",
    ""thumbnail"": ""https:\/\/cdn.storeden.net\/secache\/6a6347f1e39ee1ff5d30658a"",
    ""original"": ""https:\/\/egress.storeden.net\/gallery\/6a6347f1e39ee1ff5d30658a""
}"
/Users/anna.nardi/Library/CloudStorage/OneDrive-Raccoltecondivise-DuckyNetworkS.r.l/E-Commerce - FOTO PRODOTTO 2019_2022_2023_2024_2025/RACCORDI/alta ris/RX0014.jpg,RX0014,41160236,OK,"{
    ""image_id"": ""6a6347f5e39ee1f45e30655f"",
    ""thumbnail"": ""https:\/\/cdn.storeden.net\/secache\/6a6347f5e39ee1f45e30655f"",
    ""original"": ""https:\/\/egress.storeden.net\/gallery\/6a6347f5e39ee1f45e30655f""
}"
/Users/anna.nardi/Library/CloudStorage/OneDrive-Raccoltecondivise-DuckyNetworkS.r.l/E-Commerce - FOTO PRODOTTO 2019_2022_2023_2024_2025/RACCORDI/alta ris/RX0015.jpg,RX0015,41160237,OK,"{
    ""image_id"": ""6a6347f9e39ee1d05f30651f"",
    ""thumbnail"": ""https:\/\/cdn.storeden.net\/secache\/6a6347f9e39ee1d05f30651f"",
    ""original"": ""https:\/\/egress.storeden.net\/gallery\/6a6347f9e39ee1d05f30651f""
}"
/Users/anna.nardi/Library/CloudStorage/OneDrive-Raccoltecondivise-DuckyNetworkS.r.l/E-Commerce - FOTO PRODOTTO 2019_2022_2023_2024_2025/RACCORDI/alta ris/RX0016.jpg,RX0016,41160238,OK,"{
    ""image_id"": ""6a6347fde39ee1d05f30652a"",
    ""thumbnail"": ""https:\/\/cdn.storeden.net\/secache\/6a6347fde39ee1d05f30652a"",
    ""original"": ""https:\/\/egress.storeden.net\/gallery\/6a6347fde39ee1d05f30652a""
}"
/Users/anna.nardi/Library/CloudStorage/OneDrive-Raccoltecondivise-DuckyNetworkS.r.l/E-Commerce - FOTO PRODOTTO 2019_2022_2023_2024_2025/RACCORDI/alta ris/RX0017.jpg,RX0017,41160239,OK,"{
    ""image_id"": ""6a634801be7ea0a5336461c3"",
    ""thumbnail"": ""https:\/\/cdn.storeden.net\/secache\/6a634801be7ea0a5336461c3"",
    ""original"": ""https:\/\/egress.storeden.net\/gallery\/6a634801be7ea0a5336461c3""
}"
/Users/anna.nardi/Library/CloudStorage/OneDrive-Raccoltecondivise-DuckyNetworkS.r.l/E-Commerce - FOTO PRODOTTO 2019_2022_2023_2024_2025/BICI/Dischi bici/S32007.jpg,S32007,41160240,OK,"{
    ""image_id"": ""6a634808e39ee1d65e30656a"",
    ""thumbnail"": ""https:\/\/cdn.storeden.net\/secache\/6a634808e39ee1d65e30656a"",
    ""original"": ""https:\/\/egress.storeden.net\/gallery\/6a634808e39ee1d65e30656a""
}"
/Users/anna.nardi/Library/CloudStorage/OneDrive-Raccoltecondivise-DuckyNetworkS.r.l/E-Commerce - FOTO PRODOTTO 2019_2022_2023_2024_2025/BICI/Dischi bici/S32008.jpg,S32008,41160241,OK,"{
    ""image_id"": ""6a634810e39ee1e85e306541"",
    ""thumbnail"": ""https:\/\/cdn.storeden.net\/secache\/6a634810e39ee1e85e306541"",
    ""original"": ""https:\/\/egress.storeden.net\/gallery\/6a634810e39ee1e85e306541""
}"
/Users/anna.nardi/Library/CloudStorage/OneDrive-Raccoltecondivise-DuckyNetworkS.r.l/E-Commerce - FOTO PRODOTTO 2019_2022_2023_2024_2025/BICI/Dischi bici/S32009.jpg,S32009,41160242,OK,"{
    ""image_id"": ""6a63481ce39ee1605f30656c"",
    ""thumbnail"": ""https:\/\/cdn.storeden.net\/secache\/6a63481ce39ee1605f30656c"",
    ""original"": ""https:\/\/egress.storeden.net\/gallery\/6a63481ce39ee1605f30656c""
}"
/Users/anna.nardi/Library/CloudStorage/OneDrive-Raccoltecondivise-DuckyNetworkS.r.l/E-Commerce - FOTO PRODOTTO 2019_2022_2023_2024_2025/BICI/Dischi bici/S32010.jpg,S32010,41160243,OK,"{
    ""image_id"": ""6a634828be7ea0e7366461bb"",
    ""thumbnail"": ""https:\/\/cdn.storeden.net\/secache\/6a634828be7ea0e7366461bb"",
    ""original"": ""https:\/\/egress.storeden.net\/gallery\/6a634828be7ea0e7366461bb""
}"
/Users/anna.nardi/Library/CloudStorage/OneDrive-Raccoltecondivise-DuckyNetworkS.r.l/E-Commerce - FOTO PRODOTTO 2019_2022_2023_2024_2025/DISCHI/S3/S34001.jpg,S34001,41160244,OK,"{
    ""image_id"": ""6a634832e39ee13860306533"",
    ""thumbnail"": ""https:\/\/cdn.storeden.net\/secache\/6a634832e39ee13860306533"",
    ""original"": ""https:\/\/egress.storeden.net\/gallery\/6a634832e39ee13860306533""
}"
/Users/anna.nardi/Library/CloudStorage/OneDrive-Raccoltecondivise-DuckyNetworkS.r.l/E-Commerce - FOTO PRODOTTO 2019_2022_2023_2024_2025/DISCHI/S3/S34002.jpg,S34002,41160245,OK,"{
    ""image_id"": ""6a634838e39ee13660306521"",
    ""thumbnail"": ""https:\/\/cdn.storeden.net\/secache\/6a634838e39ee13660306521"",
    ""original"": ""https:\/\/egress.storeden.net\/gallery\/6a634838e39ee13660306521""
}"
/Users/anna.nardi/Library/CloudStorage/OneDrive-Raccoltecondivise-DuckyNetworkS.r.l/E-Commerce - FOTO PRODOTTO 2019_2022_2023_2024_2025/DISCHI/S3/S34003.jpg,S34003,41160246,OK,"{
    ""image_id"": ""6a63483fe39ee1406030651f"",
    ""thumbnail"": ""https:\/\/cdn.storeden.net\/secache\/6a63483fe39ee1406030651f"",
    ""original"": ""https:\/\/egress.storeden.net\/gallery\/6a63483fe39ee1406030651f""
}"
/Users/anna.nardi/Library/CloudStorage/OneDrive-Raccoltecondivise-DuckyNetworkS.r.l/E-Commerce - FOTO PRODOTTO 2019_2022_2023_2024_2025/DISCHI/S3/S34004.jpg,S34004,41160247,OK,"{
    ""image_id"": ""6a634845e39ee1136030655a"",
    ""thumbnail"": ""https:\/\/cdn.storeden.net\/secache\/6a634845e39ee1136030655a"",
    ""original"": ""https:\/\/egress.storeden.net\/gallery\/6a634845e39ee1136030655a""
}"
/Users/anna.nardi/Library/CloudStorage/OneDrive-Raccoltecondivise-DuckyNetworkS.r.l/E-Commerce - FOTO PRODOTTO 2019_2022_2023_2024_2025/DISCHI/S3/S34005.jpg,S34005,41160248,OK,"{
    ""image_id"": ""6a63484ce39ee1136030656d"",
    ""thumbnail"": ""https:\/\/cdn.storeden.net\/secache\/6a63484ce39ee1136030656d"",
    ""original"": ""https:\/\/egress.storeden.net\/gallery\/6a63484ce39ee1136030656d""
}"
/Users/anna.nardi/Library/CloudStorage/OneDrive-Raccoltecondivise-DuckyNetworkS.r.l/E-Commerce - FOTO PRODOTTO 2019_2022_2023_2024_2025/DISCHI/S3/S34006.jpg,S34006,41160249,OK,"{
    ""image_id"": ""6a634851e39ee1e85e306577"",
    ""thumbnail"": ""https:\/\/cdn.storeden.net\/secache\/6a634851e39ee1e85e306577"",
    ""original"": ""https:\/\/egress.storeden.net\/gallery\/6a634851e39ee1e85e306577""
}"
/Users/anna.nardi/Library/CloudStorage/OneDrive-Raccoltecondivise-DuckyNetworkS.r.l/E-Commerce - FOTO PRODOTTO 2019_2022_2023_2024_2025/DISCHI/S3/S34007.jpg,S34007,41160250,OK,"{
    ""image_id"": ""6a63485bbe7ea0d02a6463d6"",
    ""thumbnail"": ""https:\/\/cdn.storeden.net\/secache\/6a63485bbe7ea0d02a6463d6"",
    ""original"": ""https:\/\/egress.storeden.net\/gallery\/6a63485bbe7ea0d02a6463d6""
}"
/Users/anna.nardi/Library/CloudStorage/OneDrive-Raccoltecondivise-DuckyNetworkS.r.l/E-Commerce - FOTO PRODOTTO 2019_2022_2023_2024_2025/DISCHI/S3/S34008.jpg,S34008,41160251,OK,"{
    ""image_id"": ""6a634861be7ea0ea256462ba"",
    ""thumbnail"": ""https:\/\/cdn.storeden.net\/secache\/6a634861be7ea0ea256462ba"",
    ""original"": ""https:\/\/egress.storeden.net\/gallery\/6a634861be7ea0ea256462ba""
}"
/Users/anna.nardi/Library/CloudStorage/OneDrive-Raccoltecondivise-DuckyNetworkS.r.l/E-Commerce - FOTO PRODOTTO 2019_2022_2023_2024_2025/DISCHI/S3/S34009.jpg,S34009,41160252,OK,"{
    ""image_id"": ""6a63486abe7ea09e366461c3"",
    ""thumbnail"": ""https:\/\/cdn.storeden.net\/secache\/6a63486abe7ea09e366461c3"",
    ""original"": ""https:\/\/egress.storeden.net\/gallery\/6a63486abe7ea09e366461c3""
}"
/Users/anna.nardi/Library/CloudStorage/OneDrive-Raccoltecondivise-DuckyNetworkS.r.l/E-Commerce - FOTO PRODOTTO 2019_2022_2023_2024_2025/DISCHI/S3/S34010.jpg,S34010,41160253,OK,"{
    ""image_id"": ""6a634876e39ee1136030658f"",
    ""thumbnail"": ""https:\/\/cdn.storeden.net\/secache\/6a634876e39ee1136030658f"",
    ""original"": ""https:\/\/egress.storeden.net\/gallery\/6a634876e39ee1136030658f""
}"
/Users/anna.nardi/Library/CloudStorage/OneDrive-Raccoltecondivise-DuckyNetworkS.r.l/E-Commerce - FOTO PRODOTTO 2019_2022_2023_2024_2025/DISCHI/S3/S34011.jpg,S34011,41160254,OK,"{
    ""image_id"": ""6a634881be7ea0c4376461bf"",
    ""thumbnail"": ""https:\/\/cdn.storeden.net\/secache\/6a634881be7ea0c4376461bf"",
    ""original"": ""https:\/\/egress.storeden.net\/gallery\/6a634881be7ea0c4376461bf""
}"
/Users/anna.nardi/Library/CloudStorage/OneDrive-Raccoltecondivise-DuckyNetworkS.r.l/E-Commerce - FOTO PRODOTTO 2019_2022_2023_2024_2025/DISCHI/S3/S34012.jpg,S34012,41160255,OK,"{
    ""image_id"": ""6a63488dbe7ea032306461d8"",
    ""thumbnail"": ""https:\/\/cdn.storeden.net\/secache\/6a63488dbe7ea032306461d8"",
    ""original"": ""https:\/\/egress.storeden.net\/gallery\/6a63488dbe7ea032306461d8""
}"
/Users/anna.nardi/Library/CloudStorage/OneDrive-Raccoltecondivise-DuckyNetworkS.r.l/E-Commerce - FOTO PRODOTTO 2019_2022_2023_2024_2025/DISCHI/S3/S34013.jpg,S34013,41160256,OK,"{
    ""image_id"": ""6a63489ae39ee1416030653b"",
    ""thumbnail"": ""https:\/\/cdn.storeden.net\/secache\/6a63489ae39ee1416030653b"",
    ""original"": ""https:\/\/egress.storeden.net\/gallery\/6a63489ae39ee1416030653b""
}"
/Users/anna.nardi/Library/CloudStorage/OneDrive-Raccoltecondivise-DuckyNetworkS.r.l/E-Commerce - FOTO PRODOTTO 2019_2022_2023_2024_2025/DISCHI/S3/S34014.jpg,S34014,41160257,OK,"{
    ""image_id"": ""6a6348a2e39ee1ab60306522"",
    ""thumbnail"": ""https:\/\/cdn.storeden.net\/secache\/6a6348a2e39ee1ab60306522"",
    ""original"": ""https:\/\/egress.storeden.net\/gallery\/6a6348a2e39ee1ab60306522""
}"
/Users/anna.nardi/Library/CloudStorage/OneDrive-Raccoltecondivise-DuckyNetworkS.r.l/E-Commerce - FOTO PRODOTTO 2019_2022_2023_2024_2025/DISCHI/S3/S3 Posteriore/S34501.jpg,S34501,41160258,OK,"{
    ""image_id"": ""6a6348aae39ee1b260306515"",
    ""thumbnail"": ""https:\/\/cdn.storeden.net\/secache\/6a6348aae39ee1b260306515"",
    ""original"": ""https:\/\/egress.storeden.net\/gallery\/6a6348aae39ee1b260306515""
}"
/Users/anna.nardi/Library/CloudStorage/OneDrive-Raccoltecondivise-DuckyNetworkS.r.l/E-Commerce - FOTO PRODOTTO 2019_2022_2023_2024_2025/DISCHI/S3/S3 Posteriore/S34502.jpg,S34502,41160259,OK,"{
    ""image_id"": ""6a6348aebe7ea0f5366461d4"",
    ""thumbnail"": ""https:\/\/cdn.storeden.net\/secache\/6a6348aebe7ea0f5366461d4"",
    ""original"": ""https:\/\/egress.storeden.net\/gallery\/6a6348aebe7ea0f5366461d4""
}"
/Users/anna.nardi/Library/CloudStorage/OneDrive-Raccoltecondivise-DuckyNetworkS.r.l/E-Commerce - FOTO PRODOTTO 2019_2022_2023_2024_2025/DISCHI/S3/S3 Posteriore/S34503.jpg,S34503,41160260,OK,"{
    ""image_id"": ""6a6348b5e39ee1af6030652d"",
    ""thumbnail"": ""https:\/\/cdn.storeden.net\/secache\/6a6348b5e39ee1af6030652d"",
    ""original"": ""https:\/\/egress.storeden.net\/gallery\/6a6348b5e39ee1af6030652d""
}"
/Users/anna.nardi/Library/CloudStorage/OneDrive-Raccoltecondivise-DuckyNetworkS.r.l/E-Commerce - FOTO PRODOTTO 2019_2022_2023_2024_2025/DISCHI/S3/S3 Posteriore/S34504.jpg,S34504,41160261,OK,"{
    ""image_id"": ""6a6348bae39ee1b86030651b"",
    ""thumbnail"": ""https:\/\/cdn.storeden.net\/secache\/6a6348bae39ee1b86030651b"",
    ""original"": ""https:\/\/egress.storeden.net\/gallery\/6a6348bae39ee1b86030651b""
}"
/Users/anna.nardi/Library/CloudStorage/OneDrive-Raccoltecondivise-DuckyNetworkS.r.l/E-Commerce - FOTO PRODOTTO 2019_2022_2023_2024_2025/DISCHI/S3/S3 Posteriore/S34505.jpg,S34505,41160262,OK,"{
    ""image_id"": ""6a6348c3be7ea03d3064630f"",
    ""thumbnail"": ""https:\/\/cdn.storeden.net\/secache\/6a6348c3be7ea03d3064630f"",
    ""original"": ""https:\/\/egress.storeden.net\/gallery\/6a6348c3be7ea03d3064630f""
}"
/Users/anna.nardi/Library/CloudStorage/OneDrive-Raccoltecondivise-DuckyNetworkS.r.l/E-Commerce - FOTO PRODOTTO 2019_2022_2023_2024_2025/DISCHI/S3/S38003.jpg,S38003,41160263,OK,"{
    ""image_id"": ""6a6348cebe7ea043f2646414"",
    ""thumbnail"": ""https:\/\/cdn.storeden.net\/secache\/6a6348cebe7ea043f2646414"",
    ""original"": ""https:\/\/egress.storeden.net\/gallery\/6a6348cebe7ea043f2646414""
}"
/Users/anna.nardi/Library/CloudStorage/OneDrive-Raccoltecondivise-DuckyNetworkS.r.l/E-Commerce - FOTO PRODOTTO 2019_2022_2023_2024_2025/DISCHI/S3/S38004.jpg,S38004,41160264,OK,"{
    ""image_id"": ""6a6348d8e39ee1386030659e"",
    ""thumbnail"": ""https:\/\/cdn.storeden.net\/secache\/6a6348d8e39ee1386030659e"",
    ""original"": ""https:\/\/egress.storeden.net\/gallery\/6a6348d8e39ee1386030659e""
}"
/Users/anna.nardi/Library/CloudStorage/OneDrive-Raccoltecondivise-DuckyNetworkS.r.l/E-Commerce - FOTO PRODOTTO 2019_2022_2023_2024_2025/DISCHI/S3/S38005.jpg,S38005,41160265,OK,"{
    ""image_id"": ""6a6348dce39ee1fc60306515"",
    ""thumbnail"": ""https:\/\/cdn.storeden.net\/secache\/6a6348dce39ee1fc60306515"",
    ""original"": ""https:\/\/egress.storeden.net\/gallery\/6a6348dce39ee1fc60306515""
}"
/Users/anna.nardi/Library/CloudStorage/OneDrive-Raccoltecondivise-DuckyNetworkS.r.l/E-Commerce - FOTO PRODOTTO 2019_2022_2023_2024_2025/DISCHI/S3/S38006.jpg,S38006,41160266,OK,"{
    ""image_id"": ""6a6348e4e39ee11560306597"",
    ""thumbnail"": ""https:\/\/cdn.storeden.net\/secache\/6a6348e4e39ee11560306597"",
    ""original"": ""https:\/\/egress.storeden.net\/gallery\/6a6348e4e39ee11560306597""
}"
/Users/anna.nardi/Library/CloudStorage/OneDrive-Raccoltecondivise-DuckyNetworkS.r.l/E-Commerce - FOTO PRODOTTO 2019_2022_2023_2024_2025/DISCHI/S3/S38007.jpg,S38007,41160267,OK,"{
    ""image_id"": ""6a6348eee39ee14260306559"",
    ""thumbnail"": ""https:\/\/cdn.storeden.net\/secache\/6a6348eee39ee14260306559"",
    ""original"": ""https:\/\/egress.storeden.net\/gallery\/6a6348eee39ee14260306559""
}"
/Users/anna.nardi/Library/CloudStorage/OneDrive-Raccoltecondivise-DuckyNetworkS.r.l/E-Commerce - FOTO PRODOTTO 2019_2022_2023_2024_2025/DISCHI/S3/S38009.jpg,S38009,41160268,OK,"{
    ""image_id"": ""6a6348f7e39ee1f46030654b"",
    ""thumbnail"": ""https:\/\/cdn.storeden.net\/secache\/6a6348f7e39ee1f46030654b"",
    ""original"": ""https:\/\/egress.storeden.net\/gallery\/6a6348f7e39ee1f46030654b""
}"
/Users/anna.nardi/Library/CloudStorage/OneDrive-Raccoltecondivise-DuckyNetworkS.r.l/E-Commerce - FOTO PRODOTTO 2019_2022_2023_2024_2025/DISCHI/S3/S38012.jpg,S38012,41160269,OK,"{
    ""image_id"": ""6a6348ffe39ee1b860306548"",
    ""thumbnail"": ""https:\/\/cdn.storeden.net\/secache\/6a6348ffe39ee1b860306548"",
    ""original"": ""https:\/\/egress.storeden.net\/gallery\/6a6348ffe39ee1b860306548""
}"
/Users/anna.nardi/Library/CloudStorage/OneDrive-Raccoltecondivise-DuckyNetworkS.r.l/E-Commerce - FOTO PRODOTTO 2019_2022_2023_2024_2025/DISCHI/S3/S38014.jpg,S38014,41160270,OK,"{
    ""image_id"": ""6a63490ce39ee141603065a4"",
    ""thumbnail"": ""https:\/\/cdn.storeden.net\/secache\/6a63490ce39ee141603065a4"",
    ""original"": ""https:\/\/egress.storeden.net\/gallery\/6a63490ce39ee141603065a4""
}"
/Users/anna.nardi/Library/CloudStorage/OneDrive-Raccoltecondivise-DuckyNetworkS.r.l/E-Commerce - FOTO PRODOTTO 2019_2022_2023_2024_2025/DISCHI/S3/S38016.jpg,S38016,41160271,OK,"{
    ""image_id"": ""6a63491ae39ee1126130651b"",
    ""thumbnail"": ""https:\/\/cdn.storeden.net\/secache\/6a63491ae39ee1126130651b"",
    ""original"": ""https:\/\/egress.storeden.net\/gallery\/6a63491ae39ee1126130651b""
}"
/Users/anna.nardi/Library/CloudStorage/OneDrive-Raccoltecondivise-DuckyNetworkS.r.l/E-Commerce - FOTO PRODOTTO 2019_2022_2023_2024_2025/DISCHI/S3/S38017.jpg,S38017,41160272,OK,"{
    ""image_id"": ""6a634927e39ee11261306531"",
    ""thumbnail"": ""https:\/\/cdn.storeden.net\/secache\/6a634927e39ee11261306531"",
    ""original"": ""https:\/\/egress.storeden.net\/gallery\/6a634927e39ee11261306531""
}"
/Users/anna.nardi/Library/CloudStorage/OneDrive-Raccoltecondivise-DuckyNetworkS.r.l/E-Commerce - FOTO PRODOTTO 2019_2022_2023_2024_2025/DISCHI/S3/S38020.jpg,S38020,41160273,OK,"{
    ""image_id"": ""6a634933e39ee14260306587"",
    ""thumbnail"": ""https:\/\/cdn.storeden.net\/secache\/6a634933e39ee14260306587"",
    ""original"": ""https:\/\/egress.storeden.net\/gallery\/6a634933e39ee14260306587""
}"
/Users/anna.nardi/Library/CloudStorage/OneDrive-Raccoltecondivise-DuckyNetworkS.r.l/E-Commerce - FOTO PRODOTTO 2019_2022_2023_2024_2025/DISCHI/S3/S38022.jpg,S38022,41160274,OK,"{
    ""image_id"": ""6a63493fe39ee1b26030655e"",
    ""thumbnail"": ""https:\/\/cdn.storeden.net\/secache\/6a63493fe39ee1b26030655e"",
    ""original"": ""https:\/\/egress.storeden.net\/gallery\/6a63493fe39ee1b26030655e""
}"
/Users/anna.nardi/Library/CloudStorage/OneDrive-Raccoltecondivise-DuckyNetworkS.r.l/E-Commerce - FOTO PRODOTTO 2019_2022_2023_2024_2025/DISCHI/R-STX/STX01.jpg,STX01,41160279,OK,"{
    ""image_id"": ""6a63494ae39ee12f61306514"",
    ""thumbnail"": ""https:\/\/cdn.storeden.net\/secache\/6a63494ae39ee12f61306514"",
    ""original"": ""https:\/\/egress.storeden.net\/gallery\/6a63494ae39ee12f61306514""
}"
/Users/anna.nardi/Library/CloudStorage/OneDrive-Raccoltecondivise-DuckyNetworkS.r.l/E-Commerce - FOTO PRODOTTO 2019_2022_2023_2024_2025/DISCHI/R-STX/STX04.jpg,STX04,41160280,OK,"{
    ""image_id"": ""6a634952e39ee1ab603065a2"",
    ""thumbnail"": ""https:\/\/cdn.storeden.net\/secache\/6a634952e39ee1ab603065a2"",
    ""original"": ""https:\/\/egress.storeden.net\/gallery\/6a634952e39ee1ab603065a2""
}"
/Users/anna.nardi/Library/CloudStorage/OneDrive-Raccoltecondivise-DuckyNetworkS.r.l/E-Commerce - FOTO PRODOTTO 2019_2022_2023_2024_2025/DISCHI/R-STX/STX05.jpg,STX05,41160281,OK,"{
    ""image_id"": ""6a63495de39ee1af603065ab"",
    ""thumbnail"": ""https:\/\/cdn.storeden.net\/secache\/6a63495de39ee1af603065ab"",
    ""original"": ""https:\/\/egress.storeden.net\/gallery\/6a63495de39ee1af603065ab""
}"
/Users/anna.nardi/Library/CloudStorage/OneDrive-Raccoltecondivise-DuckyNetworkS.r.l/E-Commerce - FOTO PRODOTTO 2019_2022_2023_2024_2025/DISCHI/R-STX/STX06.jpg,STX06,41160282,OK,"{
    ""image_id"": ""6a634966be7ea08e356461d6"",
    ""thumbnail"": ""https:\/\/cdn.storeden.net\/secache\/6a634966be7ea08e356461d6"",
    ""original"": ""https:\/\/egress.storeden.net\/gallery\/6a634966be7ea08e356461d6""
}"
/Users/anna.nardi/Library/CloudStorage/OneDrive-Raccoltecondivise-DuckyNetworkS.r.l/E-Commerce - FOTO PRODOTTO 2019_2022_2023_2024_2025/DISCHI/R-STX/STX08.jpg,STX08,41160283,OK,"{
    ""image_id"": ""6a634973e39ee11261306590"",
    ""thumbnail"": ""https:\/\/cdn.storeden.net\/secache\/6a634973e39ee11261306590"",
    ""original"": ""https:\/\/egress.storeden.net\/gallery\/6a634973e39ee11261306590""
}"
/Users/anna.nardi/Library/CloudStorage/OneDrive-Raccoltecondivise-DuckyNetworkS.r.l/E-Commerce - FOTO PRODOTTO 2019_2022_2023_2024_2025/DISCHI/R-STX/STX09.jpg,STX09,41160284,OK,"{
    ""image_id"": ""6a63497ce39ee13461306536"",
    ""thumbnail"": ""https:\/\/cdn.storeden.net\/secache\/6a63497ce39ee13461306536"",
    ""original"": ""https:\/\/egress.storeden.net\/gallery\/6a63497ce39ee13461306536""
}"
/Users/anna.nardi/Library/CloudStorage/OneDrive-Raccoltecondivise-DuckyNetworkS.r.l/E-Commerce - FOTO PRODOTTO 2019_2022_2023_2024_2025/DISCHI/R-STX/STX10.jpg,STX10,41160285,OK,"{
    ""image_id"": ""6a634985e39ee13461306549"",
    ""thumbnail"": ""https:\/\/cdn.storeden.net\/secache\/6a634985e39ee13461306549"",
    ""original"": ""https:\/\/egress.storeden.net\/gallery\/6a634985e39ee13461306549""
}"
/Users/anna.nardi/Library/CloudStorage/OneDrive-Raccoltecondivise-DuckyNetworkS.r.l/E-Commerce - FOTO PRODOTTO 2019_2022_2023_2024_2025/DISCHI/R-STX/STX101.jpg,STX101,41160286,OK,"{
    ""image_id"": ""6a634990e39ee13860306647"",
    ""thumbnail"": ""https:\/\/cdn.storeden.net\/secache\/6a634990e39ee13860306647"",
    ""original"": ""https:\/\/egress.storeden.net\/gallery\/6a634990e39ee13860306647""
}"
/Users/anna.nardi/Library/CloudStorage/OneDrive-Raccoltecondivise-DuckyNetworkS.r.l/E-Commerce - FOTO PRODOTTO 2019_2022_2023_2024_2025/DISCHI/R-STX/STX11.jpg,STX11,41160287,OK,"{
    ""image_id"": ""6a634999e39ee1ab603065e5"",
    ""thumbnail"": ""https:\/\/cdn.storeden.net\/secache\/6a634999e39ee1ab603065e5"",
    ""original"": ""https:\/\/egress.storeden.net\/gallery\/6a634999e39ee1ab603065e5""
}"
/Users/anna.nardi/Library/CloudStorage/OneDrive-Raccoltecondivise-DuckyNetworkS.r.l/E-Commerce - FOTO PRODOTTO 2019_2022_2023_2024_2025/DISCHI/R-STX/STX110.jpg,STX110,41160288,OK,"{
    ""image_id"": ""6a6349a4e39ee13860306659"",
    ""thumbnail"": ""https:\/\/cdn.storeden.net\/secache\/6a6349a4e39ee13860306659"",
    ""original"": ""https:\/\/egress.storeden.net\/gallery\/6a6349a4e39ee13860306659""
}"
/Users/anna.nardi/Library/CloudStorage/OneDrive-Raccoltecondivise-DuckyNetworkS.r.l/E-Commerce - FOTO PRODOTTO 2019_2022_2023_2024_2025/DISCHI/R-STX/STX112.jpg,STX112,41160289,OK,"{
    ""image_id"": ""6a6349ace39ee1ab603065f8"",
    ""thumbnail"": ""https:\/\/cdn.storeden.net\/secache\/6a6349ace39ee1ab603065f8"",
    ""original"": ""https:\/\/egress.storeden.net\/gallery\/6a6349ace39ee1ab603065f8""
}"
/Users/anna.nardi/Library/CloudStorage/OneDrive-Raccoltecondivise-DuckyNetworkS.r.l/E-Commerce - FOTO PRODOTTO 2019_2022_2023_2024_2025/DISCHI/R-STX/STX113.jpg,STX113,41160290,OK,"{
    ""image_id"": ""6a6349afbe7ea0ed366461cc"",
    ""thumbnail"": ""https:\/\/cdn.storeden.net\/secache\/6a6349afbe7ea0ed366461cc"",
    ""original"": ""https:\/\/egress.storeden.net\/gallery\/6a6349afbe7ea0ed366461cc""
}"
/Users/anna.nardi/Library/CloudStorage/OneDrive-Raccoltecondivise-DuckyNetworkS.r.l/E-Commerce - FOTO PRODOTTO 2019_2022_2023_2024_2025/DISCHI/R-STX/STX12.jpg,STX12,41160291,OK,"{
    ""image_id"": ""6a6349b9be7ea0551e646486"",
    ""thumbnail"": ""https:\/\/cdn.storeden.net\/secache\/6a6349b9be7ea0551e646486"",
    ""original"": ""https:\/\/egress.storeden.net\/gallery\/6a6349b9be7ea0551e646486""
}"
/Users/anna.nardi/Library/CloudStorage/OneDrive-Raccoltecondivise-DuckyNetworkS.r.l/E-Commerce - FOTO PRODOTTO 2019_2022_2023_2024_2025/DISCHI/R-STX/STX125.jpg,STX125,41160292,OK,"{
    ""image_id"": ""6a6349c7e39ee1436130651c"",
    ""thumbnail"": ""https:\/\/cdn.storeden.net\/secache\/6a6349c7e39ee1436130651c"",
    ""original"": ""https:\/\/egress.storeden.net\/gallery\/6a6349c7e39ee1436130651c""
}"
/Users/anna.nardi/Library/CloudStorage/OneDrive-Raccoltecondivise-DuckyNetworkS.r.l/E-Commerce - FOTO PRODOTTO 2019_2022_2023_2024_2025/DISCHI/R-STX/STX134.jpg,STX134,41160293,OK,"{
    ""image_id"": ""6a6349d1e39ee17e61306514"",
    ""thumbnail"": ""https:\/\/cdn.storeden.net\/secache\/6a6349d1e39ee17e61306514"",
    ""original"": ""https:\/\/egress.storeden.net\/gallery\/6a6349d1e39ee17e61306514""
}"
/Users/anna.nardi/Library/CloudStorage/OneDrive-Raccoltecondivise-DuckyNetworkS.r.l/E-Commerce - FOTO PRODOTTO 2019_2022_2023_2024_2025/DISCHI/R-STX/STX136.jpg,STX136,41160294,OK,"{
    ""image_id"": ""6a6349dae39ee1f4603065d0"",
    ""thumbnail"": ""https:\/\/cdn.storeden.net\/secache\/6a6349dae39ee1f4603065d0"",
    ""original"": ""https:\/\/egress.storeden.net\/gallery\/6a6349dae39ee1f4603065d0""
}"
/Users/anna.nardi/Library/CloudStorage/OneDrive-Raccoltecondivise-DuckyNetworkS.r.l/E-Commerce - FOTO PRODOTTO 2019_2022_2023_2024_2025/DISCHI/R-STX/STX142.jpg,STX142,41160295,OK,"{
    ""image_id"": ""6a6349e5e39ee17e61306525"",
    ""thumbnail"": ""https:\/\/cdn.storeden.net\/secache\/6a6349e5e39ee17e61306525"",
    ""original"": ""https:\/\/egress.storeden.net\/gallery\/6a6349e5e39ee17e61306525""
}"
/Users/anna.nardi/Library/CloudStorage/OneDrive-Raccoltecondivise-DuckyNetworkS.r.l/E-Commerce - FOTO PRODOTTO 2019_2022_2023_2024_2025/DISCHI/R-STX/STX144.jpg,STX144,41160296,OK,"{
    ""image_id"": ""6a6349eae39ee142603065cf"",
    ""thumbnail"": ""https:\/\/cdn.storeden.net\/secache\/6a6349eae39ee142603065cf"",
    ""original"": ""https:\/\/egress.storeden.net\/gallery\/6a6349eae39ee142603065cf""
}"
/Users/anna.nardi/Library/CloudStorage/OneDrive-Raccoltecondivise-DuckyNetworkS.r.l/E-Commerce - FOTO PRODOTTO 2019_2022_2023_2024_2025/DISCHI/R-STX/STX149.jpg,STX149,41160297,OK,"{
    ""image_id"": ""6a6349ede39ee112613065e5"",
    ""thumbnail"": ""https:\/\/cdn.storeden.net\/secache\/6a6349ede39ee112613065e5"",
    ""original"": ""https:\/\/egress.storeden.net\/gallery\/6a6349ede39ee112613065e5""
}"
/Users/anna.nardi/Library/CloudStorage/OneDrive-Raccoltecondivise-DuckyNetworkS.r.l/E-Commerce - FOTO PRODOTTO 2019_2022_2023_2024_2025/DISCHI/R-STX/STX15.jpg,STX15,41160298,OK,"{
    ""image_id"": ""6a6349f7e39ee142603065d5"",
    ""thumbnail"": ""https:\/\/cdn.storeden.net\/secache\/6a6349f7e39ee142603065d5"",
    ""original"": ""https:\/\/egress.storeden.net\/gallery\/6a6349f7e39ee142603065d5""
}"
/Users/anna.nardi/Library/CloudStorage/OneDrive-Raccoltecondivise-DuckyNetworkS.r.l/E-Commerce - FOTO PRODOTTO 2019_2022_2023_2024_2025/DISCHI/R-STX/STX17.jpg,STX17,41160299,OK,"{
    ""image_id"": ""6a634a00be7ea0d7376461e1"",
    ""thumbnail"": ""https:\/\/cdn.storeden.net\/secache\/6a634a00be7ea0d7376461e1"",
    ""original"": ""https:\/\/egress.storeden.net\/gallery\/6a634a00be7ea0d7376461e1""
}"
/Users/anna.nardi/Library/CloudStorage/OneDrive-Raccoltecondivise-DuckyNetworkS.r.l/E-Commerce - FOTO PRODOTTO 2019_2022_2023_2024_2025/DISCHI/R-STX/STX20.jpg,STX20,41160300,OK,"{
    ""image_id"": ""6a634a0ae39ee1396130654d"",
    ""thumbnail"": ""https:\/\/cdn.storeden.net\/secache\/6a634a0ae39ee1396130654d"",
    ""original"": ""https:\/\/egress.storeden.net\/gallery\/6a634a0ae39ee1396130654d""
}"
/Users/anna.nardi/Library/CloudStorage/OneDrive-Raccoltecondivise-DuckyNetworkS.r.l/E-Commerce - FOTO PRODOTTO 2019_2022_2023_2024_2025/DISCHI/R-STX/STX21.jpg,STX21,41160301,OK,"{
    ""image_id"": ""6a634a11e39ee14361306530"",
    ""thumbnail"": ""https:\/\/cdn.storeden.net\/secache\/6a634a11e39ee14361306530"",
    ""original"": ""https:\/\/egress.storeden.net\/gallery\/6a634a11e39ee14361306530""
}"
/Users/anna.nardi/Library/CloudStorage/OneDrive-Raccoltecondivise-DuckyNetworkS.r.l/E-Commerce - FOTO PRODOTTO 2019_2022_2023_2024_2025/DISCHI/R-STX/STX29.jpg,STX29,41160302,OK,"{
    ""image_id"": ""6a634a1ae39ee1f4603065e3"",
    ""thumbnail"": ""https:\/\/cdn.storeden.net\/secache\/6a634a1ae39ee1f4603065e3"",
    ""original"": ""https:\/\/egress.storeden.net\/gallery\/6a634a1ae39ee1f4603065e3""
}"
/Users/anna.nardi/Library/CloudStorage/OneDrive-Raccoltecondivise-DuckyNetworkS.r.l/E-Commerce - FOTO PRODOTTO 2019_2022_2023_2024_2025/DISCHI/R-STX/STX33.jpg,STX33,41160303,OK,"{
    ""image_id"": ""6a634a25e39ee1cc61306514"",
    ""thumbnail"": ""https:\/\/cdn.storeden.net\/secache\/6a634a25e39ee1cc61306514"",
    ""original"": ""https:\/\/egress.storeden.net\/gallery\/6a634a25e39ee1cc61306514""
}"
/Users/anna.nardi/Library/CloudStorage/OneDrive-Raccoltecondivise-DuckyNetworkS.r.l/E-Commerce - FOTO PRODOTTO 2019_2022_2023_2024_2025/DISCHI/R-STX/STX36.jpg,STX36,41160304,OK,"{
    ""image_id"": ""6a634a2fe39ee1d361306514"",
    ""thumbnail"": ""https:\/\/cdn.storeden.net\/secache\/6a634a2fe39ee1d361306514"",
    ""original"": ""https:\/\/egress.storeden.net\/gallery\/6a634a2fe39ee1d361306514""
}"
/Users/anna.nardi/Library/CloudStorage/OneDrive-Raccoltecondivise-DuckyNetworkS.r.l/E-Commerce - FOTO PRODOTTO 2019_2022_2023_2024_2025/DISCHI/R-STX/STX39.jpg,STX39,41160305,OK,"{
    ""image_id"": ""6a634a3ae39ee1d261306514"",
    ""thumbnail"": ""https:\/\/cdn.storeden.net\/secache\/6a634a3ae39ee1d261306514"",
    ""original"": ""https:\/\/egress.storeden.net\/gallery\/6a634a3ae39ee1d261306514""
}"
/Users/anna.nardi/Library/CloudStorage/OneDrive-Raccoltecondivise-DuckyNetworkS.r.l/E-Commerce - FOTO PRODOTTO 2019_2022_2023_2024_2025/DISCHI/R-STX/STX40.jpg,STX40,41160306,OK,"{
    ""image_id"": ""6a634a42e39ee14361306541"",
    ""thumbnail"": ""https:\/\/cdn.storeden.net\/secache\/6a634a42e39ee14361306541"",
    ""original"": ""https:\/\/egress.storeden.net\/gallery\/6a634a42e39ee14361306541""
}"
/Users/anna.nardi/Library/CloudStorage/OneDrive-Raccoltecondivise-DuckyNetworkS.r.l/E-Commerce - FOTO PRODOTTO 2019_2022_2023_2024_2025/DISCHI/R-STX/STX41.jpg,STX41,41160307,OK,"{
    ""image_id"": ""6a634a4ce39ee1f4603065f6"",
    ""thumbnail"": ""https:\/\/cdn.storeden.net\/secache\/6a634a4ce39ee1f4603065f6"",
    ""original"": ""https:\/\/egress.storeden.net\/gallery\/6a634a4ce39ee1f4603065f6""
}"
/Users/anna.nardi/Library/CloudStorage/OneDrive-Raccoltecondivise-DuckyNetworkS.r.l/E-Commerce - FOTO PRODOTTO 2019_2022_2023_2024_2025/DISCHI/R-STX/STX43.jpg,STX43,41160308,OK,"{
    ""image_id"": ""6a634a56e39ee17e61306537"",
    ""thumbnail"": ""https:\/\/cdn.storeden.net\/secache\/6a634a56e39ee17e61306537"",
    ""original"": ""https:\/\/egress.storeden.net\/gallery\/6a634a56e39ee17e61306537""
}"
/Users/anna.nardi/Library/CloudStorage/OneDrive-Raccoltecondivise-DuckyNetworkS.r.l/E-Commerce - FOTO PRODOTTO 2019_2022_2023_2024_2025/DISCHI/R-STX/STX46.jpg,STX46,41160309,OK,"{
    ""image_id"": ""6a634a5fe39ee14361306553"",
    ""thumbnail"": ""https:\/\/cdn.storeden.net\/secache\/6a634a5fe39ee14361306553"",
    ""original"": ""https:\/\/egress.storeden.net\/gallery\/6a634a5fe39ee14361306553""
}"
/Users/anna.nardi/Library/CloudStorage/OneDrive-Raccoltecondivise-DuckyNetworkS.r.l/E-Commerce - FOTO PRODOTTO 2019_2022_2023_2024_2025/DISCHI/R-STX/STX47.jpg,STX47,41160310,OK,"{
    ""image_id"": ""6a634a66be7ea0ce366462be"",
    ""thumbnail"": ""https:\/\/cdn.storeden.net\/secache\/6a634a66be7ea0ce366462be"",
    ""original"": ""https:\/\/egress.storeden.net\/gallery\/6a634a66be7ea0ce366462be""
}"
/Users/anna.nardi/Library/CloudStorage/OneDrive-Raccoltecondivise-DuckyNetworkS.r.l/E-Commerce - FOTO PRODOTTO 2019_2022_2023_2024_2025/DISCHI/R-STX/STX62.jpg,STX62,41160311,OK,"{
    ""image_id"": ""6a634a71be7ea03930646208"",
    ""thumbnail"": ""https:\/\/cdn.storeden.net\/secache\/6a634a71be7ea03930646208"",
    ""original"": ""https:\/\/egress.storeden.net\/gallery\/6a634a71be7ea03930646208""
}"
/Users/anna.nardi/Library/CloudStorage/OneDrive-Raccoltecondivise-DuckyNetworkS.r.l/E-Commerce - FOTO PRODOTTO 2019_2022_2023_2024_2025/DISCHI/R-STX/STX66.jpg,STX66,41160312,OK,"{
    ""image_id"": ""6a634a7cbe7ea0a6076466d5"",
    ""thumbnail"": ""https:\/\/cdn.storeden.net\/secache\/6a634a7cbe7ea0a6076466d5"",
    ""original"": ""https:\/\/egress.storeden.net\/gallery\/6a634a7cbe7ea0a6076466d5""
}"
/Users/anna.nardi/Library/CloudStorage/OneDrive-Raccoltecondivise-DuckyNetworkS.r.l/E-Commerce - FOTO PRODOTTO 2019_2022_2023_2024_2025/DISCHI/R-STX/STX67.jpg,STX67,41160313,OK,"{
    ""image_id"": ""6a634a86e39ee1c761306514"",
    ""thumbnail"": ""https:\/\/cdn.storeden.net\/secache\/6a634a86e39ee1c761306514"",
    ""original"": ""https:\/\/egress.storeden.net\/gallery\/6a634a86e39ee1c761306514""
}"
/Users/anna.nardi/Library/CloudStorage/OneDrive-Raccoltecondivise-DuckyNetworkS.r.l/E-Commerce - FOTO PRODOTTO 2019_2022_2023_2024_2025/DISCHI/R-STX/STX68.jpg,STX68,41160314,OK,"{
    ""image_id"": ""6a634a8ce39ee1d16130652e"",
    ""thumbnail"": ""https:\/\/cdn.storeden.net\/secache\/6a634a8ce39ee1d16130652e"",
    ""original"": ""https:\/\/egress.storeden.net\/gallery\/6a634a8ce39ee1d16130652e""
}"
/Users/anna.nardi/Library/CloudStorage/OneDrive-Raccoltecondivise-DuckyNetworkS.r.l/E-Commerce - FOTO PRODOTTO 2019_2022_2023_2024_2025/DISCHI/R-STX/STX69.jpg,STX69,41160315,OK,"{
    ""image_id"": ""6a634a94e39ee1f460306608"",
    ""thumbnail"": ""https:\/\/cdn.storeden.net\/secache\/6a634a94e39ee1f460306608"",
    ""original"": ""https:\/\/egress.storeden.net\/gallery\/6a634a94e39ee1f460306608""
}"
/Users/anna.nardi/Library/CloudStorage/OneDrive-Raccoltecondivise-DuckyNetworkS.r.l/E-Commerce - FOTO PRODOTTO 2019_2022_2023_2024_2025/DISCHI/R-STX/STX70.jpg,STX70,41160316,OK,"{
    ""image_id"": ""6a634a9de39ee1496130653d"",
    ""thumbnail"": ""https:\/\/cdn.storeden.net\/secache\/6a634a9de39ee1496130653d"",
    ""original"": ""https:\/\/egress.storeden.net\/gallery\/6a634a9de39ee1496130653d""
}"
/Users/anna.nardi/Library/CloudStorage/OneDrive-Raccoltecondivise-DuckyNetworkS.r.l/E-Commerce - FOTO PRODOTTO 2019_2022_2023_2024_2025/DISCHI/R-STX/STX71.jpg,STX71,41160317,OK,"{
    ""image_id"": ""6a634aa9e39ee1c761306526"",
    ""thumbnail"": ""https:\/\/cdn.storeden.net\/secache\/6a634aa9e39ee1c761306526"",
    ""original"": ""https:\/\/egress.storeden.net\/gallery\/6a634aa9e39ee1c761306526""
}"
/Users/anna.nardi/Library/CloudStorage/OneDrive-Raccoltecondivise-DuckyNetworkS.r.l/E-Commerce - FOTO PRODOTTO 2019_2022_2023_2024_2025/DISCHI/R-STX/STX73.jpg,STX73,41160318,OK,"{
    ""image_id"": ""6a634ab7e39ee1cc61306527"",
    ""thumbnail"": ""https:\/\/cdn.storeden.net\/secache\/6a634ab7e39ee1cc61306527"",
    ""original"": ""https:\/\/egress.storeden.net\/gallery\/6a634ab7e39ee1cc61306527""
}"
/Users/anna.nardi/Library/CloudStorage/OneDrive-Raccoltecondivise-DuckyNetworkS.r.l/E-Commerce - FOTO PRODOTTO 2019_2022_2023_2024_2025/DISCHI/R-STX/STX74.jpg,STX74,41160319,OK,"{
    ""image_id"": ""6a634ac0e39ee1d861306519"",
    ""thumbnail"": ""https:\/\/cdn.storeden.net\/secache\/6a634ac0e39ee1d861306519"",
    ""original"": ""https:\/\/egress.storeden.net\/gallery\/6a634ac0e39ee1d861306519""
}"
/Users/anna.nardi/Library/CloudStorage/OneDrive-Raccoltecondivise-DuckyNetworkS.r.l/E-Commerce - FOTO PRODOTTO 2019_2022_2023_2024_2025/DISCHI/R-STX/STX76.jpg,STX76,41160320,OK,"{
    ""image_id"": ""6a634ac8e39ee1d16130653f"",
    ""thumbnail"": ""https:\/\/cdn.storeden.net\/secache\/6a634ac8e39ee1d16130653f"",
    ""original"": ""https:\/\/egress.storeden.net\/gallery\/6a634ac8e39ee1d16130653f""
}"
/Users/anna.nardi/Library/CloudStorage/OneDrive-Raccoltecondivise-DuckyNetworkS.r.l/E-Commerce - FOTO PRODOTTO 2019_2022_2023_2024_2025/DISCHI/R-STX/STX78.jpg,STX78,41160321,OK,"{
    ""image_id"": ""6a634ad3e39ee1cc61306549"",
    ""thumbnail"": ""https:\/\/cdn.storeden.net\/secache\/6a634ad3e39ee1cc61306549"",
    ""original"": ""https:\/\/egress.storeden.net\/gallery\/6a634ad3e39ee1cc61306549""
}"
/Users/anna.nardi/Library/CloudStorage/OneDrive-Raccoltecondivise-DuckyNetworkS.r.l/E-Commerce - FOTO PRODOTTO 2019_2022_2023_2024_2025/DISCHI/R-STX/STX80.jpg,STX80,41160322,OK,"{
    ""image_id"": ""6a634adde39ee12462306515"",
    ""thumbnail"": ""https:\/\/cdn.storeden.net\/secache\/6a634adde39ee12462306515"",
    ""original"": ""https:\/\/egress.storeden.net\/gallery\/6a634adde39ee12462306515""
}"
/Users/anna.nardi/Library/CloudStorage/OneDrive-Raccoltecondivise-DuckyNetworkS.r.l/E-Commerce - FOTO PRODOTTO 2019_2022_2023_2024_2025/DISCHI/R-STX/STX83.jpg,STX83,41160323,OK,"{
    ""image_id"": ""6a634ae7e39ee1cc6130655c"",
    ""thumbnail"": ""https:\/\/cdn.storeden.net\/secache\/6a634ae7e39ee1cc6130655c"",
    ""original"": ""https:\/\/egress.storeden.net\/gallery\/6a634ae7e39ee1cc6130655c""
}"
/Users/anna.nardi/Library/CloudStorage/OneDrive-Raccoltecondivise-DuckyNetworkS.r.l/E-Commerce - FOTO PRODOTTO 2019_2022_2023_2024_2025/DISCHI/R-STX/STX90.jpg,STX90,41160324,OK,"{
    ""image_id"": ""6a634af3e39ee1cc61306571"",
    ""thumbnail"": ""https:\/\/cdn.storeden.net\/secache\/6a634af3e39ee1cc61306571"",
    ""original"": ""https:\/\/egress.storeden.net\/gallery\/6a634af3e39ee1cc61306571""
}"
/Users/anna.nardi/Library/CloudStorage/OneDrive-Raccoltecondivise-DuckyNetworkS.r.l/E-Commerce - FOTO PRODOTTO 2019_2022_2023_2024_2025/DISCHI/R-STX/STX92.jpg,STX92,41160325,OK,"{
    ""image_id"": ""6a634afde39ee13562306514"",
    ""thumbnail"": ""https:\/\/cdn.storeden.net\/secache\/6a634afde39ee13562306514"",
    ""original"": ""https:\/\/egress.storeden.net\/gallery\/6a634afde39ee13562306514""
}"
/Users/anna.nardi/Library/CloudStorage/OneDrive-Raccoltecondivise-DuckyNetworkS.r.l/E-Commerce - FOTO PRODOTTO 2019_2022_2023_2024_2025/DISCHI/R-STX/STX93.jpg,STX93,41160326,OK,"{
    ""image_id"": ""6a634b08e39ee14361306564"",
    ""thumbnail"": ""https:\/\/cdn.storeden.net\/secache\/6a634b08e39ee14361306564"",
    ""original"": ""https:\/\/egress.storeden.net\/gallery\/6a634b08e39ee14361306564""
}"
/Users/anna.nardi/Library/CloudStorage/OneDrive-Raccoltecondivise-DuckyNetworkS.r.l/E-Commerce - FOTO PRODOTTO 2019_2022_2023_2024_2025/DISCHI/R-STX/STX94.jpg,STX94,41160327,OK,"{
    ""image_id"": ""6a634b10e39ee12462306541"",
    ""thumbnail"": ""https:\/\/cdn.storeden.net\/secache\/6a634b10e39ee12462306541"",
    ""original"": ""https:\/\/egress.storeden.net\/gallery\/6a634b10e39ee12462306541""
}"
/Users/anna.nardi/Library/CloudStorage/OneDrive-Raccoltecondivise-DuckyNetworkS.r.l/E-Commerce - FOTO PRODOTTO 2019_2022_2023_2024_2025/DISCHI/R-STX/STX95.jpg,STX95,41160328,OK,"{
    ""image_id"": ""6a634b18e39ee14361306581"",
    ""thumbnail"": ""https:\/\/cdn.storeden.net\/secache\/6a634b18e39ee14361306581"",
    ""original"": ""https:\/\/egress.storeden.net\/gallery\/6a634b18e39ee14361306581""
}"
/Users/anna.nardi/Library/CloudStorage/OneDrive-Raccoltecondivise-DuckyNetworkS.r.l/E-Commerce - FOTO PRODOTTO 2019_2022_2023_2024_2025/DISCHI/R-STX/STX96.jpg,STX96,41160329,OK,"{
    ""image_id"": ""6a634b22e39ee15a62306514"",
    ""thumbnail"": ""https:\/\/cdn.storeden.net\/secache\/6a634b22e39ee15a62306514"",
    ""original"": ""https:\/\/egress.storeden.net\/gallery\/6a634b22e39ee15a62306514""
}"
/Users/anna.nardi/Library/CloudStorage/OneDrive-Raccoltecondivise-DuckyNetworkS.r.l/E-Commerce - FOTO PRODOTTO 2019_2022_2023_2024_2025/DISCHI/R-STX/STX97.jpg,STX97,41160330,OK,"{
    ""image_id"": ""6a634b2be39ee16162306514"",
    ""thumbnail"": ""https:\/\/cdn.storeden.net\/secache\/6a634b2be39ee16162306514"",
    ""original"": ""https:\/\/egress.storeden.net\/gallery\/6a634b2be39ee16162306514""
}"
/Users/anna.nardi/Library/CloudStorage/OneDrive-Raccoltecondivise-DuckyNetworkS.r.l/E-Commerce - FOTO PRODOTTO 2019_2022_2023_2024_2025/DISCHI/R-STX/STX98.jpg,STX98,41160331,OK,"{
    ""image_id"": ""6a634b35e39ee12162306514"",
    ""thumbnail"": ""https:\/\/cdn.storeden.net\/secache\/6a634b35e39ee12162306514"",
    ""original"": ""https:\/\/egress.storeden.net\/gallery\/6a634b35e39ee12162306514""
}"
/Users/anna.nardi/Library/CloudStorage/OneDrive-Raccoltecondivise-DuckyNetworkS.r.l/E-Commerce - FOTO PRODOTTO 2019_2022_2023_2024_2025/DISCHI/W-FIX/SZ01FID.jpg,SZ01FID,41160332,OK,"{
    ""image_id"": ""6a634b3de39ee15862306515"",
    ""thumbnail"": ""https:\/\/cdn.storeden.net\/secache\/6a634b3de39ee15862306515"",
    ""original"": ""https:\/\/egress.storeden.net\/gallery\/6a634b3de39ee15862306515""
}"
/Users/anna.nardi/Library/CloudStorage/OneDrive-Raccoltecondivise-DuckyNetworkS.r.l/E-Commerce - FOTO PRODOTTO 2019_2022_2023_2024_2025/DISCHI/W-FIX/SZ01RID.jpg,SZ01RID,41160333,OK,"{
    ""image_id"": ""6a634b42e39ee16062306514"",
    ""thumbnail"": ""https:\/\/cdn.storeden.net\/secache\/6a634b42e39ee16062306514"",
    ""original"": ""https:\/\/egress.storeden.net\/gallery\/6a634b42e39ee16062306514""
}"
/Users/anna.nardi/Library/CloudStorage/OneDrive-Raccoltecondivise-DuckyNetworkS.r.l/E-Commerce - FOTO PRODOTTO 2019_2022_2023_2024_2025/DISCHI/R-FIX/SZ04RI.jpg,SZ04RI,41160334,OK,"{
    ""image_id"": ""6a634b4be39ee11c62306515"",
    ""thumbnail"": ""https:\/\/cdn.storeden.net\/secache\/6a634b4be39ee11c62306515"",
    ""original"": ""https:\/\/egress.storeden.net\/gallery\/6a634b4be39ee11c62306515""
}"
/Users/anna.nardi/Library/CloudStorage/OneDrive-Raccoltecondivise-DuckyNetworkS.r.l/E-Commerce - FOTO PRODOTTO 2019_2022_2023_2024_2025/DISCHI/R-FIX/SZ05RI.jpg,SZ05RI,41160335,OK,"{
    ""image_id"": ""6a634b52e39ee112613065f2"",
    ""thumbnail"": ""https:\/\/cdn.storeden.net\/secache\/6a634b52e39ee112613065f2"",
    ""original"": ""https:\/\/egress.storeden.net\/gallery\/6a634b52e39ee112613065f2""
}"
/Users/anna.nardi/Library/CloudStorage/OneDrive-Raccoltecondivise-DuckyNetworkS.r.l/E-Commerce - FOTO PRODOTTO 2019_2022_2023_2024_2025/DISCHI/R-FIX/SZ08RI.jpg,SZ08RI,41160336,OK,"{
    ""image_id"": ""6a634b59e39ee13562306528"",
    ""thumbnail"": ""https:\/\/cdn.storeden.net\/secache\/6a634b59e39ee13562306528"",
    ""original"": ""https:\/\/egress.storeden.net\/gallery\/6a634b59e39ee13562306528""
}"
/Users/anna.nardi/Library/CloudStorage/OneDrive-Raccoltecondivise-DuckyNetworkS.r.l/E-Commerce - FOTO PRODOTTO 2019_2022_2023_2024_2025/DISCHI/W-FIX/SZ08RID.jpg,SZ08RID,41160337,OK,"{
    ""image_id"": ""6a634b5fe39ee11261306601"",
    ""thumbnail"": ""https:\/\/cdn.storeden.net\/secache\/6a634b5fe39ee11261306601"",
    ""original"": ""https:\/\/egress.storeden.net\/gallery\/6a634b5fe39ee11261306601""
}"
/Users/anna.nardi/Library/CloudStorage/OneDrive-Raccoltecondivise-DuckyNetworkS.r.l/E-Commerce - FOTO PRODOTTO 2019_2022_2023_2024_2025/DISCHI/R-FIX/SZ09FI.jpg,SZ09FI,41160338,OK,"{
    ""image_id"": ""6a634b65e39ee15862306525"",
    ""thumbnail"": ""https:\/\/cdn.storeden.net\/secache\/6a634b65e39ee15862306525"",
    ""original"": ""https:\/\/egress.storeden.net\/gallery\/6a634b65e39ee15862306525""
}"
/Users/anna.nardi/Library/CloudStorage/OneDrive-Raccoltecondivise-DuckyNetworkS.r.l/E-Commerce - FOTO PRODOTTO 2019_2022_2023_2024_2025/DISCHI/R-FIX/SZ14RI.jpg,SZ14RI,41160339,OK,"{
    ""image_id"": ""6a634b6ce39ee14361306595"",
    ""thumbnail"": ""https:\/\/cdn.storeden.net\/secache\/6a634b6ce39ee14361306595"",
    ""original"": ""https:\/\/egress.storeden.net\/gallery\/6a634b6ce39ee14361306595""
}"
/Users/anna.nardi/Library/CloudStorage/OneDrive-Raccoltecondivise-DuckyNetworkS.r.l/E-Commerce - FOTO PRODOTTO 2019_2022_2023_2024_2025/DISCHI/R-FIX/SZ15FL.jpg,SZ15FL,41160340,OK,"{
    ""image_id"": ""6a634b75e39ee1246230655b"",
    ""thumbnail"": ""https:\/\/cdn.storeden.net\/secache\/6a634b75e39ee1246230655b"",
    ""original"": ""https:\/\/egress.storeden.net\/gallery\/6a634b75e39ee1246230655b""
}"
/Users/anna.nardi/Library/CloudStorage/OneDrive-Raccoltecondivise-DuckyNetworkS.r.l/E-Commerce - FOTO PRODOTTO 2019_2022_2023_2024_2025/DISCHI/R-FIX/SZ15RI.jpg,SZ15RI,41160341,OK,"{
    ""image_id"": ""6a634b80be7ea0d036646202"",
    ""thumbnail"": ""https:\/\/cdn.storeden.net\/secache\/6a634b80be7ea0d036646202"",
    ""original"": ""https:\/\/egress.storeden.net\/gallery\/6a634b80be7ea0d036646202""
}"
/Users/anna.nardi/Library/CloudStorage/OneDrive-Raccoltecondivise-DuckyNetworkS.r.l/E-Commerce - FOTO PRODOTTO 2019_2022_2023_2024_2025/DISCHI/W-FIX/SZ16FID.jpg,SZ16FID,41160342,OK,"{
    ""image_id"": ""6a634b88e39ee13562306539"",
    ""thumbnail"": ""https:\/\/cdn.storeden.net\/secache\/6a634b88e39ee13562306539"",
    ""original"": ""https:\/\/egress.storeden.net\/gallery\/6a634b88e39ee13562306539""
}"
/Users/anna.nardi/Library/CloudStorage/OneDrive-Raccoltecondivise-DuckyNetworkS.r.l/E-Commerce - FOTO PRODOTTO 2019_2022_2023_2024_2025/DISCHI/W-FIX/SZ21RID.jpg,SZ21RID,41160343,OK,"{
    ""image_id"": ""6a634b8fbe7ea036456461b9"",
    ""thumbnail"": ""https:\/\/cdn.storeden.net\/secache\/6a634b8fbe7ea036456461b9"",
    ""original"": ""https:\/\/egress.storeden.net\/gallery\/6a634b8fbe7ea036456461b9""
}"
/Users/anna.nardi/Library/CloudStorage/OneDrive-Raccoltecondivise-DuckyNetworkS.r.l/E-Commerce - FOTO PRODOTTO 2019_2022_2023_2024_2025/DISCHI/R-FIX/SZ22RI.jpg,SZ22RI,41160344,OK,"{
    ""image_id"": ""6a634b99e39ee1d861306535"",
    ""thumbnail"": ""https:\/\/cdn.storeden.net\/secache\/6a634b99e39ee1d861306535"",
    ""original"": ""https:\/\/egress.storeden.net\/gallery\/6a634b99e39ee1d861306535""
}"
/Users/anna.nardi/Library/CloudStorage/OneDrive-Raccoltecondivise-DuckyNetworkS.r.l/E-Commerce - FOTO PRODOTTO 2019_2022_2023_2024_2025/DISCHI/W-FIX/SZ22RID.jpg,SZ22RID,41160345,OK,"{
    ""image_id"": ""6a634ba1e39ee13562306548"",
    ""thumbnail"": ""https:\/\/cdn.storeden.net\/secache\/6a634ba1e39ee13562306548"",
    ""original"": ""https:\/\/egress.storeden.net\/gallery\/6a634ba1e39ee13562306548""
}"
/Users/anna.nardi/Library/CloudStorage/OneDrive-Raccoltecondivise-DuckyNetworkS.r.l/E-Commerce - FOTO PRODOTTO 2019_2022_2023_2024_2025/DISCHI/R-FIX/SZ24FI.jpg,SZ24FI,41160346,OK,"{
    ""image_id"": ""6a634ba6be7ea078456461b9"",
    ""thumbnail"": ""https:\/\/cdn.storeden.net\/secache\/6a634ba6be7ea078456461b9"",
    ""original"": ""https:\/\/egress.storeden.net\/gallery\/6a634ba6be7ea078456461b9""
}"
/Users/anna.nardi/Library/CloudStorage/OneDrive-Raccoltecondivise-DuckyNetworkS.r.l/E-Commerce - FOTO PRODOTTO 2019_2022_2023_2024_2025/DISCHI/R-FIX/SZ24RI.jpg,SZ24RI,41160347,OK,"{
    ""image_id"": ""6a634bace39ee1b062306514"",
    ""thumbnail"": ""https:\/\/cdn.storeden.net\/secache\/6a634bace39ee1b062306514"",
    ""original"": ""https:\/\/egress.storeden.net\/gallery\/6a634bace39ee1b062306514""
}"
/Users/anna.nardi/Library/CloudStorage/OneDrive-Raccoltecondivise-DuckyNetworkS.r.l/E-Commerce - FOTO PRODOTTO 2019_2022_2023_2024_2025/DISCHI/W-FIX/SZ24RID.jpg,SZ24RID,41160348,OK,"{
    ""image_id"": ""6a634bb2e39ee13a62306515"",
    ""thumbnail"": ""https:\/\/cdn.storeden.net\/secache\/6a634bb2e39ee13a62306515"",
    ""original"": ""https:\/\/egress.storeden.net\/gallery\/6a634bb2e39ee13a62306515""
}"
/Users/anna.nardi/Library/CloudStorage/OneDrive-Raccoltecondivise-DuckyNetworkS.r.l/E-Commerce - FOTO PRODOTTO 2019_2022_2023_2024_2025/DISCHI/W-FIX/SZ26FID.jpg,SZ26FID,41160349,OK,"{
    ""image_id"": ""6a634bbae39ee1b062306522"",
    ""thumbnail"": ""https:\/\/cdn.storeden.net\/secache\/6a634bbae39ee1b062306522"",
    ""original"": ""https:\/\/egress.storeden.net\/gallery\/6a634bbae39ee1b062306522""
}"
/Users/anna.nardi/Library/CloudStorage/OneDrive-Raccoltecondivise-DuckyNetworkS.r.l/E-Commerce - FOTO PRODOTTO 2019_2022_2023_2024_2025/DISCHI/W-FIX/SZ30FID.jpg,SZ30FID,41160350,OK,"{
    ""image_id"": ""6a634bc7e39ee1b262306514"",
    ""thumbnail"": ""https:\/\/cdn.storeden.net\/secache\/6a634bc7e39ee1b262306514"",
    ""original"": ""https:\/\/egress.storeden.net\/gallery\/6a634bc7e39ee1b262306514""
}"
/Users/anna.nardi/Library/CloudStorage/OneDrive-Raccoltecondivise-DuckyNetworkS.r.l/E-Commerce - FOTO PRODOTTO 2019_2022_2023_2024_2025/DISCHI/R-FIX/SZ32FI.jpg,SZ32FI,41160351,OK,"{
    ""image_id"": ""6a634bd2e39ee1c062306514"",
    ""thumbnail"": ""https:\/\/cdn.storeden.net\/secache\/6a634bd2e39ee1c062306514"",
    ""original"": ""https:\/\/egress.storeden.net\/gallery\/6a634bd2e39ee1c062306514""
}"
/Users/anna.nardi/Library/CloudStorage/OneDrive-Raccoltecondivise-DuckyNetworkS.r.l/E-Commerce - FOTO PRODOTTO 2019_2022_2023_2024_2025/DISCHI/W-FIX/SZ33RID.jpg,SZ33RID,41160352,OK,"{
    ""image_id"": ""6a634bdbe39ee1616230652f"",
    ""thumbnail"": ""https:\/\/cdn.storeden.net\/secache\/6a634bdbe39ee1616230652f"",
    ""original"": ""https:\/\/egress.storeden.net\/gallery\/6a634bdbe39ee1616230652f""
}"
/Users/anna.nardi/Library/CloudStorage/OneDrive-Raccoltecondivise-DuckyNetworkS.r.l/E-Commerce - FOTO PRODOTTO 2019_2022_2023_2024_2025/DISCHI/W-FIX/SZ35RID.jpg,SZ35RID,41160353,OK,"{
    ""image_id"": ""6a634be3e39ee143613065b3"",
    ""thumbnail"": ""https:\/\/cdn.storeden.net\/secache\/6a634be3e39ee143613065b3"",
    ""original"": ""https:\/\/egress.storeden.net\/gallery\/6a634be3e39ee143613065b3""
}"
/Users/anna.nardi/Library/CloudStorage/OneDrive-Raccoltecondivise-DuckyNetworkS.r.l/E-Commerce - FOTO PRODOTTO 2019_2022_2023_2024_2025/DISCHI/W-FIX/SZ37FID.jpg,SZ37FID,41160354,OK,"{
    ""image_id"": ""6a634beae39ee13562306558"",
    ""thumbnail"": ""https:\/\/cdn.storeden.net\/secache\/6a634beae39ee13562306558"",
    ""original"": ""https:\/\/egress.storeden.net\/gallery\/6a634beae39ee13562306558""
}"
/Users/anna.nardi/Library/CloudStorage/OneDrive-Raccoltecondivise-DuckyNetworkS.r.l/E-Commerce - FOTO PRODOTTO 2019_2022_2023_2024_2025/DISCHI/W-FIX/SZ38RID.jpg,SZ38RID,41160355,OK,"{
    ""image_id"": ""6a634bedbe7ea01c456461bc"",
    ""thumbnail"": ""https:\/\/cdn.storeden.net\/secache\/6a634bedbe7ea01c456461bc"",
    ""original"": ""https:\/\/egress.storeden.net\/gallery\/6a634bedbe7ea01c456461bc""
}"
/Users/anna.nardi/Library/CloudStorage/OneDrive-Raccoltecondivise-DuckyNetworkS.r.l/E-Commerce - FOTO PRODOTTO 2019_2022_2023_2024_2025/DISCHI/W-FIX/SZ40RID.jpg,SZ40RID,41160356,OK,"{
    ""image_id"": ""6a634bf2e39ee15a6230654d"",
    ""thumbnail"": ""https:\/\/cdn.storeden.net\/secache\/6a634bf2e39ee15a6230654d"",
    ""original"": ""https:\/\/egress.storeden.net\/gallery\/6a634bf2e39ee15a6230654d""
}"
/Users/anna.nardi/Library/CloudStorage/OneDrive-Raccoltecondivise-DuckyNetworkS.r.l/E-Commerce - FOTO PRODOTTO 2019_2022_2023_2024_2025/DISCHI/W-FIX/SZ41RID.jpg,SZ41RID,41160357,OK,"{
    ""image_id"": ""6a634bf9e39ee143613065cf"",
    ""thumbnail"": ""https:\/\/cdn.storeden.net\/secache\/6a634bf9e39ee143613065cf"",
    ""original"": ""https:\/\/egress.storeden.net\/gallery\/6a634bf9e39ee143613065cf""
}"
/Users/anna.nardi/Library/CloudStorage/OneDrive-Raccoltecondivise-DuckyNetworkS.r.l/E-Commerce - FOTO PRODOTTO 2019_2022_2023_2024_2025/DISCHI/W-FIX/SZ42RID.jpg,SZ42RID,41160358,OK,"{
    ""image_id"": ""6a634bffe39ee1b16230651f"",
    ""thumbnail"": ""https:\/\/cdn.storeden.net\/secache\/6a634bffe39ee1b16230651f"",
    ""original"": ""https:\/\/egress.storeden.net\/gallery\/6a634bffe39ee1b16230651f""
}"
/Users/anna.nardi/Library/CloudStorage/OneDrive-Raccoltecondivise-DuckyNetworkS.r.l/E-Commerce - FOTO PRODOTTO 2019_2022_2023_2024_2025/DISCHI/W-FIX/SZ43FID.jpg,SZ43FID,41160359,OK,"{
    ""image_id"": ""6a634c04e39ee135623065a7"",
    ""thumbnail"": ""https:\/\/cdn.storeden.net\/secache\/6a634c04e39ee135623065a7"",
    ""original"": ""https:\/\/egress.storeden.net\/gallery\/6a634c04e39ee135623065a7""
}"
/Users/anna.nardi/Library/CloudStorage/OneDrive-Raccoltecondivise-DuckyNetworkS.r.l/E-Commerce - FOTO PRODOTTO 2019_2022_2023_2024_2025/DISCHI/W-FIX/SZ43RID.jpg,SZ43RID,41160360,OK,"{
    ""image_id"": ""6a634c0be39ee135623065b6"",
    ""thumbnail"": ""https:\/\/cdn.storeden.net\/secache\/6a634c0be39ee135623065b6"",
    ""original"": ""https:\/\/egress.storeden.net\/gallery\/6a634c0be39ee135623065b6""
}"
/Users/anna.nardi/Library/CloudStorage/OneDrive-Raccoltecondivise-DuckyNetworkS.r.l/E-Commerce - FOTO PRODOTTO 2019_2022_2023_2024_2025/DISCHI/W-FIX/SZ44RID.jpg,SZ44RID,41160361,OK,"{
    ""image_id"": ""6a634c14e39ee143613065df"",
    ""thumbnail"": ""https:\/\/cdn.storeden.net\/secache\/6a634c14e39ee143613065df"",
    ""original"": ""https:\/\/egress.storeden.net\/gallery\/6a634c14e39ee143613065df""
}"
/Users/anna.nardi/Library/CloudStorage/OneDrive-Raccoltecondivise-DuckyNetworkS.r.l/E-Commerce - FOTO PRODOTTO 2019_2022_2023_2024_2025/BICI/Varie/TB0001.jpg,TB0001,41160362,OK,"{
    ""image_id"": ""6a634c22e39ee1c362306548"",
    ""thumbnail"": ""https:\/\/cdn.storeden.net\/secache\/6a634c22e39ee1c362306548"",
    ""original"": ""https:\/\/egress.storeden.net\/gallery\/6a634c22e39ee1c362306548""
}"
/Users/anna.nardi/Library/CloudStorage/OneDrive-Raccoltecondivise-DuckyNetworkS.r.l/E-Commerce - FOTO PRODOTTO 2019_2022_2023_2024_2025/DISCHI/W-FLO/TR03FLD.jpg,TR03FLD,41160367,OK,"{
    ""image_id"": ""6a634c30e39ee1fe6230652e"",
    ""thumbnail"": ""https:\/\/cdn.storeden.net\/secache\/6a634c30e39ee1fe6230652e"",
    ""original"": ""https:\/\/egress.storeden.net\/gallery\/6a634c30e39ee1fe6230652e""
}"
/Users/anna.nardi/Library/CloudStorage/OneDrive-Raccoltecondivise-DuckyNetworkS.r.l/E-Commerce - FOTO PRODOTTO 2019_2022_2023_2024_2025/DISCHI/W-FIX/TR03RID.jpg,TR03RID,41160368,OK,"{
    ""image_id"": ""6a634c35e39ee1616230654a"",
    ""thumbnail"": ""https:\/\/cdn.storeden.net\/secache\/6a634c35e39ee1616230654a"",
    ""original"": ""https:\/\/egress.storeden.net\/gallery\/6a634c35e39ee1616230654a""
}"
/Users/anna.nardi/Library/CloudStorage/OneDrive-Raccoltecondivise-DuckyNetworkS.r.l/E-Commerce - FOTO PRODOTTO 2019_2022_2023_2024_2025/TUBI/alta ris/TX015C.jpg,TX015C,41160369,OK,"{
    ""image_id"": ""6a634c39e39ee1fe62306557"",
    ""thumbnail"": ""https:\/\/cdn.storeden.net\/secache\/6a634c39e39ee1fe62306557"",
    ""original"": ""https:\/\/egress.storeden.net\/gallery\/6a634c39e39ee1fe62306557""
}"
/Users/anna.nardi/Library/CloudStorage/OneDrive-Raccoltecondivise-DuckyNetworkS.r.l/E-Commerce - FOTO PRODOTTO 2019_2022_2023_2024_2025/TUBI/alta ris/TX015T.jpg,TX015T,41160370,OK,"{
    ""image_id"": ""6a634c3de39ee15a62306597"",
    ""thumbnail"": ""https:\/\/cdn.storeden.net\/secache\/6a634c3de39ee15a62306597"",
    ""original"": ""https:\/\/egress.storeden.net\/gallery\/6a634c3de39ee15a62306597""
}"
/Users/anna.nardi/Library/CloudStorage/OneDrive-Raccoltecondivise-DuckyNetworkS.r.l/E-Commerce - FOTO PRODOTTO 2019_2022_2023_2024_2025/TUBI/alta ris/TX020C.jpg,TX020C,41160371,OK,"{
    ""image_id"": ""6a634c42be7ea00a456461c2"",
    ""thumbnail"": ""https:\/\/cdn.storeden.net\/secache\/6a634c42be7ea00a456461c2"",
    ""original"": ""https:\/\/egress.storeden.net\/gallery\/6a634c42be7ea00a456461c2""
}"
/Users/anna.nardi/Library/CloudStorage/OneDrive-Raccoltecondivise-DuckyNetworkS.r.l/E-Commerce - FOTO PRODOTTO 2019_2022_2023_2024_2025/TUBI/alta ris/TX020T.jpg,TX020T,41160372,OK,"{
    ""image_id"": ""6a634c46e39ee1076330652f"",
    ""thumbnail"": ""https:\/\/cdn.storeden.net\/secache\/6a634c46e39ee1076330652f"",
    ""original"": ""https:\/\/egress.storeden.net\/gallery\/6a634c46e39ee1076330652f""
}"
/Users/anna.nardi/Library/CloudStorage/OneDrive-Raccoltecondivise-DuckyNetworkS.r.l/E-Commerce - FOTO PRODOTTO 2019_2022_2023_2024_2025/TUBI/alta ris/TX025C.jpg,TX025C,41160373,OK,"{
    ""image_id"": ""6a634c4be39ee1a963306514"",
    ""thumbnail"": ""https:\/\/cdn.storeden.net\/secache\/6a634c4be39ee1a963306514"",
    ""original"": ""https:\/\/egress.storeden.net\/gallery\/6a634c4be39ee1a963306514""
}"
/Users/anna.nardi/Library/CloudStorage/OneDrive-Raccoltecondivise-DuckyNetworkS.r.l/E-Commerce - FOTO PRODOTTO 2019_2022_2023_2024_2025/TUBI/alta ris/TX025T.jpg,TX025T,41160374,OK,"{
    ""image_id"": ""6a634c4ee39ee16963306515"",
    ""thumbnail"": ""https:\/\/cdn.storeden.net\/secache\/6a634c4ee39ee16963306515"",
    ""original"": ""https:\/\/egress.storeden.net\/gallery\/6a634c4ee39ee16963306515""
}"
/Users/anna.nardi/Library/CloudStorage/OneDrive-Raccoltecondivise-DuckyNetworkS.r.l/E-Commerce - FOTO PRODOTTO 2019_2022_2023_2024_2025/TUBI/alta ris/TX030C.jpg,TX030C,41160375,OK,"{
    ""image_id"": ""6a634c52e39ee16b63306516"",
    ""thumbnail"": ""https:\/\/cdn.storeden.net\/secache\/6a634c52e39ee16b63306516"",
    ""original"": ""https:\/\/egress.storeden.net\/gallery\/6a634c52e39ee16b63306516""
}"
/Users/anna.nardi/Library/CloudStorage/OneDrive-Raccoltecondivise-DuckyNetworkS.r.l/E-Commerce - FOTO PRODOTTO 2019_2022_2023_2024_2025/TUBI/alta ris/TX030T.jpg,TX030T,41160376,OK,"{
    ""image_id"": ""6a634c56be7ea05e3f6461cc"",
    ""thumbnail"": ""https:\/\/cdn.storeden.net\/secache\/6a634c56be7ea05e3f6461cc"",
    ""original"": ""https:\/\/egress.storeden.net\/gallery\/6a634c56be7ea05e3f6461cc""
}"
/Users/anna.nardi/Library/CloudStorage/OneDrive-Raccoltecondivise-DuckyNetworkS.r.l/E-Commerce - FOTO PRODOTTO 2019_2022_2023_2024_2025/TUBI/alta ris/TX035C.jpg,TX035C,41160377,OK,"{
    ""image_id"": ""6a634c5be39ee1216230664f"",
    ""thumbnail"": ""https:\/\/cdn.storeden.net\/secache\/6a634c5be39ee1216230664f"",
    ""original"": ""https:\/\/egress.storeden.net\/gallery\/6a634c5be39ee1216230664f""
}"
/Users/anna.nardi/Library/CloudStorage/OneDrive-Raccoltecondivise-DuckyNetworkS.r.l/E-Commerce - FOTO PRODOTTO 2019_2022_2023_2024_2025/TUBI/alta ris/TX035T.jpg,TX035T,41160378,OK,"{
    ""image_id"": ""6a634c5fe39ee14361306606"",
    ""thumbnail"": ""https:\/\/cdn.storeden.net\/secache\/6a634c5fe39ee14361306606"",
    ""original"": ""https:\/\/egress.storeden.net\/gallery\/6a634c5fe39ee14361306606""
}"
/Users/anna.nardi/Library/CloudStorage/OneDrive-Raccoltecondivise-DuckyNetworkS.r.l/E-Commerce - FOTO PRODOTTO 2019_2022_2023_2024_2025/TUBI/alta ris/TX040C.jpg,TX040C,41160379,OK,"{
    ""image_id"": ""6a634c62e39ee14361306610"",
    ""thumbnail"": ""https:\/\/cdn.storeden.net\/secache\/6a634c62e39ee14361306610"",
    ""original"": ""https:\/\/egress.storeden.net\/gallery\/6a634c62e39ee14361306610""
}"
/Users/anna.nardi/Library/CloudStorage/OneDrive-Raccoltecondivise-DuckyNetworkS.r.l/E-Commerce - FOTO PRODOTTO 2019_2022_2023_2024_2025/TUBI/alta ris/TX040T.jpg,TX040T,41464571,OK,"{
    ""image_id"": ""6a634c67e39ee15a623065bb"",
    ""thumbnail"": ""https:\/\/cdn.storeden.net\/secache\/6a634c67e39ee15a623065bb"",
    ""original"": ""https:\/\/egress.storeden.net\/gallery\/6a634c67e39ee15a623065bb""
}"
/Users/anna.nardi/Library/CloudStorage/OneDrive-Raccoltecondivise-DuckyNetworkS.r.l/E-Commerce - FOTO PRODOTTO 2019_2022_2023_2024_2025/TUBI/alta ris/TX045C.jpg,TX045C,41160380,OK,"{
    ""image_id"": ""6a634c6ae39ee10763306539"",
    ""thumbnail"": ""https:\/\/cdn.storeden.net\/secache\/6a634c6ae39ee10763306539"",
    ""original"": ""https:\/\/egress.storeden.net\/gallery\/6a634c6ae39ee10763306539""
}"
/Users/anna.nardi/Library/CloudStorage/OneDrive-Raccoltecondivise-DuckyNetworkS.r.l/E-Commerce - FOTO PRODOTTO 2019_2022_2023_2024_2025/TUBI/alta ris/TX045T.jpg,TX045T,41160381,OK,"{
    ""image_id"": ""6a634c6ebe7ea0f9446461cf"",
    ""thumbnail"": ""https:\/\/cdn.storeden.net\/secache\/6a634c6ebe7ea0f9446461cf"",
    ""original"": ""https:\/\/egress.storeden.net\/gallery\/6a634c6ebe7ea0f9446461cf""
}"
/Users/anna.nardi/Library/CloudStorage/OneDrive-Raccoltecondivise-DuckyNetworkS.r.l/E-Commerce - FOTO PRODOTTO 2019_2022_2023_2024_2025/TUBI/alta ris/TX050C.jpg,TX050C,41160382,OK,"{
    ""image_id"": ""6a634c73be7ea08d486461ba"",
    ""thumbnail"": ""https:\/\/cdn.storeden.net\/secache\/6a634c73be7ea08d486461ba"",
    ""original"": ""https:\/\/egress.storeden.net\/gallery\/6a634c73be7ea08d486461ba""
}"
/Users/anna.nardi/Library/CloudStorage/OneDrive-Raccoltecondivise-DuckyNetworkS.r.l/E-Commerce - FOTO PRODOTTO 2019_2022_2023_2024_2025/TUBI/alta ris/TX050T.jpg,TX050T,41160383,OK,"{
    ""image_id"": ""6a634c78e39ee1a963306520"",
    ""thumbnail"": ""https:\/\/cdn.storeden.net\/secache\/6a634c78e39ee1a963306520"",
    ""original"": ""https:\/\/egress.storeden.net\/gallery\/6a634c78e39ee1a963306520""
}"
/Users/anna.nardi/Library/CloudStorage/OneDrive-Raccoltecondivise-DuckyNetworkS.r.l/E-Commerce - FOTO PRODOTTO 2019_2022_2023_2024_2025/TUBI/alta ris/TX055C.jpg,TX055C,41160384,OK,"{
    ""image_id"": ""6a634c7be39ee1526330652b"",
    ""thumbnail"": ""https:\/\/cdn.storeden.net\/secache\/6a634c7be39ee1526330652b"",
    ""original"": ""https:\/\/egress.storeden.net\/gallery\/6a634c7be39ee1526330652b""
}"
/Users/anna.nardi/Library/CloudStorage/OneDrive-Raccoltecondivise-DuckyNetworkS.r.l/E-Commerce - FOTO PRODOTTO 2019_2022_2023_2024_2025/TUBI/alta ris/TX055T.jpg,TX055T,41160385,OK,"{
    ""image_id"": ""6a634c80e39ee1676330652e"",
    ""thumbnail"": ""https:\/\/cdn.storeden.net\/secache\/6a634c80e39ee1676330652e"",
    ""original"": ""https:\/\/egress.storeden.net\/gallery\/6a634c80e39ee1676330652e""
}"
/Users/anna.nardi/Library/CloudStorage/OneDrive-Raccoltecondivise-DuckyNetworkS.r.l/E-Commerce - FOTO PRODOTTO 2019_2022_2023_2024_2025/TUBI/alta ris/TX060C.jpg,TX060C,41160386,OK,"{
    ""image_id"": ""6a634c83e39ee15263306535"",
    ""thumbnail"": ""https:\/\/cdn.storeden.net\/secache\/6a634c83e39ee15263306535"",
    ""original"": ""https:\/\/egress.storeden.net\/gallery\/6a634c83e39ee15263306535""
}"
/Users/anna.nardi/Library/CloudStorage/OneDrive-Raccoltecondivise-DuckyNetworkS.r.l/E-Commerce - FOTO PRODOTTO 2019_2022_2023_2024_2025/TUBI/alta ris/TX060T.jpg,TX060T,41464572,OK,"{
    ""image_id"": ""6a634c87e39ee1ce63306516"",
    ""thumbnail"": ""https:\/\/cdn.storeden.net\/secache\/6a634c87e39ee1ce63306516"",
    ""original"": ""https:\/\/egress.storeden.net\/gallery\/6a634c87e39ee1ce63306516""
}"
/Users/anna.nardi/Library/CloudStorage/OneDrive-Raccoltecondivise-DuckyNetworkS.r.l/E-Commerce - FOTO PRODOTTO 2019_2022_2023_2024_2025/TUBI/alta ris/TX065C.jpg,TX065C,41160387,OK,"{
    ""image_id"": ""6a634c8be39ee1eb63306516"",
    ""thumbnail"": ""https:\/\/cdn.storeden.net\/secache\/6a634c8be39ee1eb63306516"",
    ""original"": ""https:\/\/egress.storeden.net\/gallery\/6a634c8be39ee1eb63306516""
}"
/Users/anna.nardi/Library/CloudStorage/OneDrive-Raccoltecondivise-DuckyNetworkS.r.l/E-Commerce - FOTO PRODOTTO 2019_2022_2023_2024_2025/TUBI/alta ris/TX065T.jpg,TX065T,41160388,OK,"{
    ""image_id"": ""6a634c8fe39ee1ee63306514"",
    ""thumbnail"": ""https:\/\/cdn.storeden.net\/secache\/6a634c8fe39ee1ee63306514"",
    ""original"": ""https:\/\/egress.storeden.net\/gallery\/6a634c8fe39ee1ee63306514""
}"
/Users/anna.nardi/Library/CloudStorage/OneDrive-Raccoltecondivise-DuckyNetworkS.r.l/E-Commerce - FOTO PRODOTTO 2019_2022_2023_2024_2025/TUBI/alta ris/TX070C.jpg,TX070C,41160389,OK,"{
    ""image_id"": ""6a634c92be7ea075496461ba"",
    ""thumbnail"": ""https:\/\/cdn.storeden.net\/secache\/6a634c92be7ea075496461ba"",
    ""original"": ""https:\/\/egress.storeden.net\/gallery\/6a634c92be7ea075496461ba""
}"
/Users/anna.nardi/Library/CloudStorage/OneDrive-Raccoltecondivise-DuckyNetworkS.r.l/E-Commerce - FOTO PRODOTTO 2019_2022_2023_2024_2025/TUBI/alta ris/TX070T.jpg,TX070T,41160390,OK,"{
    ""image_id"": ""6a634c9abe7ea01d496461ba"",
    ""thumbnail"": ""https:\/\/cdn.storeden.net\/secache\/6a634c9abe7ea01d496461ba"",
    ""original"": ""https:\/\/egress.storeden.net\/gallery\/6a634c9abe7ea01d496461ba""
}"
/Users/anna.nardi/Library/CloudStorage/OneDrive-Raccoltecondivise-DuckyNetworkS.r.l/E-Commerce - FOTO PRODOTTO 2019_2022_2023_2024_2025/TUBI/alta ris/TX075C.jpg,TX075C,41160391,OK,"{
    ""image_id"": ""6a634ca1be7ea070496461b9"",
    ""thumbnail"": ""https:\/\/cdn.storeden.net\/secache\/6a634ca1be7ea070496461b9"",
    ""original"": ""https:\/\/egress.storeden.net\/gallery\/6a634ca1be7ea070496461b9""
}"
/Users/anna.nardi/Library/CloudStorage/OneDrive-Raccoltecondivise-DuckyNetworkS.r.l/E-Commerce - FOTO PRODOTTO 2019_2022_2023_2024_2025/TUBI/alta ris/TX075T.jpg,TX075T,41160392,OK,"{
    ""image_id"": ""6a634ca6e39ee1fe62306575"",
    ""thumbnail"": ""https:\/\/cdn.storeden.net\/secache\/6a634ca6e39ee1fe62306575"",
    ""original"": ""https:\/\/egress.storeden.net\/gallery\/6a634ca6e39ee1fe62306575""
}"
/Users/anna.nardi/Library/CloudStorage/OneDrive-Raccoltecondivise-DuckyNetworkS.r.l/E-Commerce - FOTO PRODOTTO 2019_2022_2023_2024_2025/TUBI/alta ris/TX080C.jpg,TX080C,41160393,OK,"{
    ""image_id"": ""6a634caae39ee1c36230658e"",
    ""thumbnail"": ""https:\/\/cdn.storeden.net\/secache\/6a634caae39ee1c36230658e"",
    ""original"": ""https:\/\/egress.storeden.net\/gallery\/6a634caae39ee1c36230658e""
}"
/Users/anna.nardi/Library/CloudStorage/OneDrive-Raccoltecondivise-DuckyNetworkS.r.l/E-Commerce - FOTO PRODOTTO 2019_2022_2023_2024_2025/TUBI/alta ris/TX080T.jpg,TX080T,41160394,OK,"{
    ""image_id"": ""6a634cb1e39ee1676330653a"",
    ""thumbnail"": ""https:\/\/cdn.storeden.net\/secache\/6a634cb1e39ee1676330653a"",
    ""original"": ""https:\/\/egress.storeden.net\/gallery\/6a634cb1e39ee1676330653a""
}"
/Users/anna.nardi/Library/CloudStorage/OneDrive-Raccoltecondivise-DuckyNetworkS.r.l/E-Commerce - FOTO PRODOTTO 2019_2022_2023_2024_2025/TUBI/alta ris/TX085C.jpg,TX085C,41160395,OK,"{
    ""image_id"": ""6a634cb6e39ee1fe62306581"",
    ""thumbnail"": ""https:\/\/cdn.storeden.net\/secache\/6a634cb6e39ee1fe62306581"",
    ""original"": ""https:\/\/egress.storeden.net\/gallery\/6a634cb6e39ee1fe62306581""
}"
/Users/anna.nardi/Library/CloudStorage/OneDrive-Raccoltecondivise-DuckyNetworkS.r.l/E-Commerce - FOTO PRODOTTO 2019_2022_2023_2024_2025/TUBI/alta ris/TX085T.jpg,TX085T,41160396,OK,"{
    ""image_id"": ""6a634cbae39ee1eb63306520"",
    ""thumbnail"": ""https:\/\/cdn.storeden.net\/secache\/6a634cbae39ee1eb63306520"",
    ""original"": ""https:\/\/egress.storeden.net\/gallery\/6a634cbae39ee1eb63306520""
}"
/Users/anna.nardi/Library/CloudStorage/OneDrive-Raccoltecondivise-DuckyNetworkS.r.l/E-Commerce - FOTO PRODOTTO 2019_2022_2023_2024_2025/TUBI/alta ris/TX090C.jpg,TX090C,41160397,OK,"{
    ""image_id"": ""6a634cbde39ee1fe6230658b"",
    ""thumbnail"": ""https:\/\/cdn.storeden.net\/secache\/6a634cbde39ee1fe6230658b"",
    ""original"": ""https:\/\/egress.storeden.net\/gallery\/6a634cbde39ee1fe6230658b""
}"
/Users/anna.nardi/Library/CloudStorage/OneDrive-Raccoltecondivise-DuckyNetworkS.r.l/E-Commerce - FOTO PRODOTTO 2019_2022_2023_2024_2025/TUBI/alta ris/TX090T.jpg,TX090T,41160398,OK,"{
    ""image_id"": ""6a634cc2be7ea08a3f6461d8"",
    ""thumbnail"": ""https:\/\/cdn.storeden.net\/secache\/6a634cc2be7ea08a3f6461d8"",
    ""original"": ""https:\/\/egress.storeden.net\/gallery\/6a634cc2be7ea08a3f6461d8""
}"
/Users/anna.nardi/Library/CloudStorage/OneDrive-Raccoltecondivise-DuckyNetworkS.r.l/E-Commerce - FOTO PRODOTTO 2019_2022_2023_2024_2025/TUBI/alta ris/TX095C.jpg,TX095C,41160399,OK,"{
    ""image_id"": ""6a634cc6be7ea0ef486461bb"",
    ""thumbnail"": ""https:\/\/cdn.storeden.net\/secache\/6a634cc6be7ea0ef486461bb"",
    ""original"": ""https:\/\/egress.storeden.net\/gallery\/6a634cc6be7ea0ef486461bb""
}"
/Users/anna.nardi/Library/CloudStorage/OneDrive-Raccoltecondivise-DuckyNetworkS.r.l/E-Commerce - FOTO PRODOTTO 2019_2022_2023_2024_2025/TUBI/alta ris/TX095T.jpg,TX095T,41160400,OK,"{
    ""image_id"": ""6a634ccbe39ee16b63306541"",
    ""thumbnail"": ""https:\/\/cdn.storeden.net\/secache\/6a634ccbe39ee16b63306541"",
    ""original"": ""https:\/\/egress.storeden.net\/gallery\/6a634ccbe39ee16b63306541""
}"
/Users/anna.nardi/Library/CloudStorage/OneDrive-Raccoltecondivise-DuckyNetworkS.r.l/E-Commerce - FOTO PRODOTTO 2019_2022_2023_2024_2025/TUBI/alta ris/TX100C.jpg,TX100C,41160401,OK,"{
    ""image_id"": ""6a634ccfe39ee1c362306599"",
    ""thumbnail"": ""https:\/\/cdn.storeden.net\/secache\/6a634ccfe39ee1c362306599"",
    ""original"": ""https:\/\/egress.storeden.net\/gallery\/6a634ccfe39ee1c362306599""
}"
/Users/anna.nardi/Library/CloudStorage/OneDrive-Raccoltecondivise-DuckyNetworkS.r.l/E-Commerce - FOTO PRODOTTO 2019_2022_2023_2024_2025/TUBI/alta ris/TX100T.jpg,TX100T,41160402,OK,"{
    ""image_id"": ""6a634cd3e39ee10b64306517"",
    ""thumbnail"": ""https:\/\/cdn.storeden.net\/secache\/6a634cd3e39ee10b64306517"",
    ""original"": ""https:\/\/egress.storeden.net\/gallery\/6a634cd3e39ee10b64306517""
}"
/Users/anna.nardi/Library/CloudStorage/OneDrive-Raccoltecondivise-DuckyNetworkS.r.l/E-Commerce - FOTO PRODOTTO 2019_2022_2023_2024_2025/TUBI/alta ris/TX105C.jpg,TX105C,41160403,OK,"{
    ""image_id"": ""6a634cd6e39ee15a623065e3"",
    ""thumbnail"": ""https:\/\/cdn.storeden.net\/secache\/6a634cd6e39ee15a623065e3"",
    ""original"": ""https:\/\/egress.storeden.net\/gallery\/6a634cd6e39ee15a623065e3""
}"
/Users/anna.nardi/Library/CloudStorage/OneDrive-Raccoltecondivise-DuckyNetworkS.r.l/E-Commerce - FOTO PRODOTTO 2019_2022_2023_2024_2025/TUBI/alta ris/TX105T.jpg,TX105T,41160404,OK,"{
    ""image_id"": ""6a634cdae39ee11164306514"",
    ""thumbnail"": ""https:\/\/cdn.storeden.net\/secache\/6a634cdae39ee11164306514"",
    ""original"": ""https:\/\/egress.storeden.net\/gallery\/6a634cdae39ee11164306514""
}"
/Users/anna.nardi/Library/CloudStorage/OneDrive-Raccoltecondivise-DuckyNetworkS.r.l/E-Commerce - FOTO PRODOTTO 2019_2022_2023_2024_2025/TUBI/alta ris/TX110C.jpg,TX110C,41160405,OK,"{
    ""image_id"": ""6a634cdebe7ea062496461c2"",
    ""thumbnail"": ""https:\/\/cdn.storeden.net\/secache\/6a634cdebe7ea062496461c2"",
    ""original"": ""https:\/\/egress.storeden.net\/gallery\/6a634cdebe7ea062496461c2""
}"
/Users/anna.nardi/Library/CloudStorage/OneDrive-Raccoltecondivise-DuckyNetworkS.r.l/E-Commerce - FOTO PRODOTTO 2019_2022_2023_2024_2025/TUBI/alta ris/TX110T.jpg,TX110T,41160406,OK,"{
    ""image_id"": ""6a634ce3be7ea0653f646239"",
    ""thumbnail"": ""https:\/\/cdn.storeden.net\/secache\/6a634ce3be7ea0653f646239"",
    ""original"": ""https:\/\/egress.storeden.net\/gallery\/6a634ce3be7ea0653f646239""
}"
/Users/anna.nardi/Library/CloudStorage/OneDrive-Raccoltecondivise-DuckyNetworkS.r.l/E-Commerce - FOTO PRODOTTO 2019_2022_2023_2024_2025/TUBI/alta ris/TX120C.jpg,TX120C,41160407,OK,"{
    ""image_id"": ""6a634ce8be7ea0a607646717"",
    ""thumbnail"": ""https:\/\/cdn.storeden.net\/secache\/6a634ce8be7ea0a607646717"",
    ""original"": ""https:\/\/egress.storeden.net\/gallery\/6a634ce8be7ea0a607646717""
}"
/Users/anna.nardi/Library/CloudStorage/OneDrive-Raccoltecondivise-DuckyNetworkS.r.l/E-Commerce - FOTO PRODOTTO 2019_2022_2023_2024_2025/TUBI/alta ris/TX120T.jpg,TX120T,41160409,OK,"{
    ""image_id"": ""6a634cede39ee14963306566"",
    ""thumbnail"": ""https:\/\/cdn.storeden.net\/secache\/6a634cede39ee14963306566"",
    ""original"": ""https:\/\/egress.storeden.net\/gallery\/6a634cede39ee14963306566""
}"
/Users/anna.nardi/Library/CloudStorage/OneDrive-Raccoltecondivise-DuckyNetworkS.r.l/E-Commerce - FOTO PRODOTTO 2019_2022_2023_2024_2025/TUBI/alta ris/TX130C.jpg,TX130C,41160411,OK,"{
    ""image_id"": ""6a634cf0e39ee10864306524"",
    ""thumbnail"": ""https:\/\/cdn.storeden.net\/secache\/6a634cf0e39ee10864306524"",
    ""original"": ""https:\/\/egress.storeden.net\/gallery\/6a634cf0e39ee10864306524""
}"
/Users/anna.nardi/Library/CloudStorage/OneDrive-Raccoltecondivise-DuckyNetworkS.r.l/E-Commerce - FOTO PRODOTTO 2019_2022_2023_2024_2025/TUBI/alta ris/TX130T.jpg,TX130T,41160412,OK,"{
    ""image_id"": ""6a634cf4e39ee1f563306522"",
    ""thumbnail"": ""https:\/\/cdn.storeden.net\/secache\/6a634cf4e39ee1f563306522"",
    ""original"": ""https:\/\/egress.storeden.net\/gallery\/6a634cf4e39ee1f563306522""
}"
/Users/anna.nardi/Library/CloudStorage/OneDrive-Raccoltecondivise-DuckyNetworkS.r.l/E-Commerce - FOTO PRODOTTO 2019_2022_2023_2024_2025/TUBI/alta ris/TX140C.jpg,TX140C,41160413,OK,"{
    ""image_id"": ""6a634cf8e39ee1eb63306532"",
    ""thumbnail"": ""https:\/\/cdn.storeden.net\/secache\/6a634cf8e39ee1eb63306532"",
    ""original"": ""https:\/\/egress.storeden.net\/gallery\/6a634cf8e39ee1eb63306532""
}"
/Users/anna.nardi/Library/CloudStorage/OneDrive-Raccoltecondivise-DuckyNetworkS.r.l/E-Commerce - FOTO PRODOTTO 2019_2022_2023_2024_2025/TUBI/alta ris/TX140T.jpg,TX140T,41160414,OK,"{
    ""image_id"": ""6a634cfcbe7ea069456461c4"",
    ""thumbnail"": ""https:\/\/cdn.storeden.net\/secache\/6a634cfcbe7ea069456461c4"",
    ""original"": ""https:\/\/egress.storeden.net\/gallery\/6a634cfcbe7ea069456461c4""
}"
/Users/anna.nardi/Library/CloudStorage/OneDrive-Raccoltecondivise-DuckyNetworkS.r.l/E-Commerce - FOTO PRODOTTO 2019_2022_2023_2024_2025/TUBI/alta ris/TX150C.jpg,TX150C,41160415,OK,"{
    ""image_id"": ""6a634d00e39ee16b6330654d"",
    ""thumbnail"": ""https:\/\/cdn.storeden.net\/secache\/6a634d00e39ee16b6330654d"",
    ""original"": ""https:\/\/egress.storeden.net\/gallery\/6a634d00e39ee16b6330654d""
}"
/Users/anna.nardi/Library/CloudStorage/OneDrive-Raccoltecondivise-DuckyNetworkS.r.l/E-Commerce - FOTO PRODOTTO 2019_2022_2023_2024_2025/TUBI/alta ris/TX150T.jpg,TX150T,41160416,OK,"{
    ""image_id"": ""6a634d04be7ea053496461cf"",
    ""thumbnail"": ""https:\/\/cdn.storeden.net\/secache\/6a634d04be7ea053496461cf"",
    ""original"": ""https:\/\/egress.storeden.net\/gallery\/6a634d04be7ea053496461cf""
}"
/Users/anna.nardi/Library/CloudStorage/OneDrive-Raccoltecondivise-DuckyNetworkS.r.l/E-Commerce - FOTO PRODOTTO 2019_2022_2023_2024_2025/BICI/Dischi bici/WF2009.jpg,WF2009,41160417,OK,"{
    ""image_id"": ""6a634d0be39ee12a64306517"",
    ""thumbnail"": ""https:\/\/cdn.storeden.net\/secache\/6a634d0be39ee12a64306517"",
    ""original"": ""https:\/\/egress.storeden.net\/gallery\/6a634d0be39ee12a64306517""
}"
/Users/anna.nardi/Library/CloudStorage/OneDrive-Raccoltecondivise-DuckyNetworkS.r.l/E-Commerce - FOTO PRODOTTO 2019_2022_2023_2024_2025/BICI/Dischi bici/WF2010.jpg,WF2010,41160418,OK,"{
    ""image_id"": ""6a634d11e39ee1b263306546"",
    ""thumbnail"": ""https:\/\/cdn.storeden.net\/secache\/6a634d11e39ee1b263306546"",
    ""original"": ""https:\/\/egress.storeden.net\/gallery\/6a634d11e39ee1b263306546""
}"
/Users/anna.nardi/Library/CloudStorage/OneDrive-Raccoltecondivise-DuckyNetworkS.r.l/E-Commerce - FOTO PRODOTTO 2019_2022_2023_2024_2025/BICI/Dischi bici/WF2011.jpg,WF2011,41160419,OK,"{
    ""image_id"": ""6a634d19e39ee14963306572"",
    ""thumbnail"": ""https:\/\/cdn.storeden.net\/secache\/6a634d19e39ee14963306572"",
    ""original"": ""https:\/\/egress.storeden.net\/gallery\/6a634d19e39ee14963306572""
}"
/Users/anna.nardi/Library/CloudStorage/OneDrive-Raccoltecondivise-DuckyNetworkS.r.l/E-Commerce - FOTO PRODOTTO 2019_2022_2023_2024_2025/BICI/Dischi bici/WF2012.jpg,WF2012,41160420,OK,"{
    ""image_id"": ""6a634d21e39ee1f563306534"",
    ""thumbnail"": ""https:\/\/cdn.storeden.net\/secache\/6a634d21e39ee1f563306534"",
    ""original"": ""https:\/\/egress.storeden.net\/gallery\/6a634d21e39ee1f563306534""
}"
/Users/anna.nardi/Library/CloudStorage/OneDrive-Raccoltecondivise-DuckyNetworkS.r.l/E-Commerce - FOTO PRODOTTO 2019_2022_2023_2024_2025/DISCHI/W-FIX/WF3501.jpg,WF3501,41160423,OK,"{
    ""image_id"": ""6a634d2bbe7ea0852b6465b8"",
    ""thumbnail"": ""https:\/\/cdn.storeden.net\/secache\/6a634d2bbe7ea0852b6465b8"",
    ""original"": ""https:\/\/egress.storeden.net\/gallery\/6a634d2bbe7ea0852b6465b8""
}"
/Users/anna.nardi/Library/CloudStorage/OneDrive-Raccoltecondivise-DuckyNetworkS.r.l/E-Commerce - FOTO PRODOTTO 2019_2022_2023_2024_2025/DISCHI/W-FIX/WF4101.jpg,WF4101,41160424,OK,"{
    ""image_id"": ""6a634d35e39ee10164306514"",
    ""thumbnail"": ""https:\/\/cdn.storeden.net\/secache\/6a634d35e39ee10164306514"",
    ""original"": ""https:\/\/egress.storeden.net\/gallery\/6a634d35e39ee10164306514""
}"
/Users/anna.nardi/Library/CloudStorage/OneDrive-Raccoltecondivise-DuckyNetworkS.r.l/E-Commerce - FOTO PRODOTTO 2019_2022_2023_2024_2025/DISCHI/W-FIX/WF4102.jpg,WF4102,41160425,OK,"{
    ""image_id"": ""6a634d3be39ee12864306514"",
    ""thumbnail"": ""https:\/\/cdn.storeden.net\/secache\/6a634d3be39ee12864306514"",
    ""original"": ""https:\/\/egress.storeden.net\/gallery\/6a634d3be39ee12864306514""
}"
/Users/anna.nardi/Library/CloudStorage/OneDrive-Raccoltecondivise-DuckyNetworkS.r.l/E-Commerce - FOTO PRODOTTO 2019_2022_2023_2024_2025/DISCHI/W-FIX/WF4103.jpg,WF4103,41160426,OK,"{
    ""image_id"": ""6a634d42be7ea04c456461c5"",
    ""thumbnail"": ""https:\/\/cdn.storeden.net\/secache\/6a634d42be7ea04c456461c5"",
    ""original"": ""https:\/\/egress.storeden.net\/gallery\/6a634d42be7ea04c456461c5""
}"
/Users/anna.nardi/Library/CloudStorage/OneDrive-Raccoltecondivise-DuckyNetworkS.r.l/E-Commerce - FOTO PRODOTTO 2019_2022_2023_2024_2025/DISCHI/W-FIX/WF4104.jpg,WF4104,41160427,OK,"{
    ""image_id"": ""6a634d4be39ee11664306514"",
    ""thumbnail"": ""https:\/\/cdn.storeden.net\/secache\/6a634d4be39ee11664306514"",
    ""original"": ""https:\/\/egress.storeden.net\/gallery\/6a634d4be39ee11664306514""
}"
/Users/anna.nardi/Library/CloudStorage/OneDrive-Raccoltecondivise-DuckyNetworkS.r.l/E-Commerce - FOTO PRODOTTO 2019_2022_2023_2024_2025/DISCHI/W-FIX/WF4105.jpg,WF4105,41160428,OK,"{
    ""image_id"": ""6a634d4fe39ee1c3623065a4"",
    ""thumbnail"": ""https:\/\/cdn.storeden.net\/secache\/6a634d4fe39ee1c3623065a4"",
    ""original"": ""https:\/\/egress.storeden.net\/gallery\/6a634d4fe39ee1c3623065a4""
}"
/Users/anna.nardi/Library/CloudStorage/OneDrive-Raccoltecondivise-DuckyNetworkS.r.l/E-Commerce - FOTO PRODOTTO 2019_2022_2023_2024_2025/DISCHI/W-FIX/WF4106.jpg,WF4106,41160429,OK,"{
    ""image_id"": ""6a634d52be7ea0024d6461b9"",
    ""thumbnail"": ""https:\/\/cdn.storeden.net\/secache\/6a634d52be7ea0024d6461b9"",
    ""original"": ""https:\/\/egress.storeden.net\/gallery\/6a634d52be7ea0024d6461b9""
}"
/Users/anna.nardi/Library/CloudStorage/OneDrive-Raccoltecondivise-DuckyNetworkS.r.l/E-Commerce - FOTO PRODOTTO 2019_2022_2023_2024_2025/DISCHI/W-FIX/WF4108.jpg,WF4108,41160430,OK,"{
    ""image_id"": ""6a634d56be7ea0f34c6461b9"",
    ""thumbnail"": ""https:\/\/cdn.storeden.net\/secache\/6a634d56be7ea0f34c6461b9"",
    ""original"": ""https:\/\/egress.storeden.net\/gallery\/6a634d56be7ea0f34c6461b9""
}"
/Users/anna.nardi/Library/CloudStorage/OneDrive-Raccoltecondivise-DuckyNetworkS.r.l/E-Commerce - FOTO PRODOTTO 2019_2022_2023_2024_2025/DISCHI/W-FIX/WF4501.jpg,WF4501,41160431,OK,"{
    ""image_id"": ""6a634d5ce39ee12864306531"",
    ""thumbnail"": ""https:\/\/cdn.storeden.net\/secache\/6a634d5ce39ee12864306531"",
    ""original"": ""https:\/\/egress.storeden.net\/gallery\/6a634d5ce39ee12864306531""
}"
/Users/anna.nardi/Library/CloudStorage/OneDrive-Raccoltecondivise-DuckyNetworkS.r.l/E-Commerce - FOTO PRODOTTO 2019_2022_2023_2024_2025/DISCHI/W-FIX/WF4504.jpg,WF4504,41160432,OK,"{
    ""image_id"": ""6a634d62e39ee1b263306567"",
    ""thumbnail"": ""https:\/\/cdn.storeden.net\/secache\/6a634d62e39ee1b263306567"",
    ""original"": ""https:\/\/egress.storeden.net\/gallery\/6a634d62e39ee1b263306567""
}"
/Users/anna.nardi/Library/CloudStorage/OneDrive-Raccoltecondivise-DuckyNetworkS.r.l/E-Commerce - FOTO PRODOTTO 2019_2022_2023_2024_2025/DISCHI/W-FIX/WF4505.jpg,WF4505,41160433,OK,"{
    ""image_id"": ""6a634d69be7ea0fe4a6461c9"",
    ""thumbnail"": ""https:\/\/cdn.storeden.net\/secache\/6a634d69be7ea0fe4a6461c9"",
    ""original"": ""https:\/\/egress.storeden.net\/gallery\/6a634d69be7ea0fe4a6461c9""
}"
/Users/anna.nardi/Library/CloudStorage/OneDrive-Raccoltecondivise-DuckyNetworkS.r.l/E-Commerce - FOTO PRODOTTO 2019_2022_2023_2024_2025/DISCHI/W-FIX/WF4506.jpg,WF4506,41160434,OK,"{
    ""image_id"": ""6a634d72e39ee13e64306536"",
    ""thumbnail"": ""https:\/\/cdn.storeden.net\/secache\/6a634d72e39ee13e64306536"",
    ""original"": ""https:\/\/egress.storeden.net\/gallery\/6a634d72e39ee13e64306536""
}"
/Users/anna.nardi/Library/CloudStorage/OneDrive-Raccoltecondivise-DuckyNetworkS.r.l/E-Commerce - FOTO PRODOTTO 2019_2022_2023_2024_2025/DISCHI/W-FIX/WF4507.jpg,WF4507,41160435,OK,"{
    ""image_id"": ""6a634d77e39ee14963306595"",
    ""thumbnail"": ""https:\/\/cdn.storeden.net\/secache\/6a634d77e39ee14963306595"",
    ""original"": ""https:\/\/egress.storeden.net\/gallery\/6a634d77e39ee14963306595""
}"
/Users/anna.nardi/Library/CloudStorage/OneDrive-Raccoltecondivise-DuckyNetworkS.r.l/E-Commerce - FOTO PRODOTTO 2019_2022_2023_2024_2025/DISCHI/W-FIX/WF4508.jpg,WF4508,41160436,OK,"{
    ""image_id"": ""6a634d7ee39ee1d564306514"",
    ""thumbnail"": ""https:\/\/cdn.storeden.net\/secache\/6a634d7ee39ee1d564306514"",
    ""original"": ""https:\/\/egress.storeden.net\/gallery\/6a634d7ee39ee1d564306514""
}"
/Users/anna.nardi/Library/CloudStorage/OneDrive-Raccoltecondivise-DuckyNetworkS.r.l/E-Commerce - FOTO PRODOTTO 2019_2022_2023_2024_2025/DISCHI/W-FIX/WF4509.jpg,WF4509,41160437,OK,"{
    ""image_id"": ""6a634d83e39ee149633065a5"",
    ""thumbnail"": ""https:\/\/cdn.storeden.net\/secache\/6a634d83e39ee149633065a5"",
    ""original"": ""https:\/\/egress.storeden.net\/gallery\/6a634d83e39ee149633065a5""
}"
/Users/anna.nardi/Library/CloudStorage/OneDrive-Raccoltecondivise-DuckyNetworkS.r.l/E-Commerce - FOTO PRODOTTO 2019_2022_2023_2024_2025/DISCHI/W-FIX/WF4510.jpg,WF4510,41160438,OK,"{
    ""image_id"": ""6a634d89e39ee13e64306546"",
    ""thumbnail"": ""https:\/\/cdn.storeden.net\/secache\/6a634d89e39ee13e64306546"",
    ""original"": ""https:\/\/egress.storeden.net\/gallery\/6a634d89e39ee13e64306546""
}"
/Users/anna.nardi/Library/CloudStorage/OneDrive-Raccoltecondivise-DuckyNetworkS.r.l/E-Commerce - FOTO PRODOTTO 2019_2022_2023_2024_2025/DISCHI/W-FIX/WF4511.jpg,WF4511,41160439,OK,"{
    ""image_id"": ""6a634d93be7ea038496461c2"",
    ""thumbnail"": ""https:\/\/cdn.storeden.net\/secache\/6a634d93be7ea038496461c2"",
    ""original"": ""https:\/\/egress.storeden.net\/gallery\/6a634d93be7ea038496461c2""
}"
/Users/anna.nardi/Library/CloudStorage/OneDrive-Raccoltecondivise-DuckyNetworkS.r.l/E-Commerce - FOTO PRODOTTO 2019_2022_2023_2024_2025/DISCHI/W-FIX/WF4512.jpg,WF4512,41160440,OK,"{
    ""image_id"": ""6a634d9de39ee12a64306549"",
    ""thumbnail"": ""https:\/\/cdn.storeden.net\/secache\/6a634d9de39ee12a64306549"",
    ""original"": ""https:\/\/egress.storeden.net\/gallery\/6a634d9de39ee12a64306549""
}"
/Users/anna.nardi/Library/CloudStorage/OneDrive-Raccoltecondivise-DuckyNetworkS.r.l/E-Commerce - FOTO PRODOTTO 2019_2022_2023_2024_2025/DISCHI/W-FIX/WF4513.jpg,WF4513,41160441,OK,"{
    ""image_id"": ""6a634da6e39ee1e464306514"",
    ""thumbnail"": ""https:\/\/cdn.storeden.net\/secache\/6a634da6e39ee1e464306514"",
    ""original"": ""https:\/\/egress.storeden.net\/gallery\/6a634da6e39ee1e464306514""
}"
/Users/anna.nardi/Library/CloudStorage/OneDrive-Raccoltecondivise-DuckyNetworkS.r.l/E-Commerce - FOTO PRODOTTO 2019_2022_2023_2024_2025/DISCHI/W-FIX/WF4514.jpg,WF4514,41160442,OK,"{
    ""image_id"": ""6a634db3e39ee1e464306526"",
    ""thumbnail"": ""https:\/\/cdn.storeden.net\/secache\/6a634db3e39ee1e464306526"",
    ""original"": ""https:\/\/egress.storeden.net\/gallery\/6a634db3e39ee1e464306526""
}"
/Users/anna.nardi/Library/CloudStorage/OneDrive-Raccoltecondivise-DuckyNetworkS.r.l/E-Commerce - FOTO PRODOTTO 2019_2022_2023_2024_2025/DISCHI/W-FIX/WF4515.jpg,WF4515,41160443,OK,"{
    ""image_id"": ""6a634db9e39ee1166430652a"",
    ""thumbnail"": ""https:\/\/cdn.storeden.net\/secache\/6a634db9e39ee1166430652a"",
    ""original"": ""https:\/\/egress.storeden.net\/gallery\/6a634db9e39ee1166430652a""
}"
/Users/anna.nardi/Library/CloudStorage/OneDrive-Raccoltecondivise-DuckyNetworkS.r.l/E-Commerce - FOTO PRODOTTO 2019_2022_2023_2024_2025/DISCHI/W-FIX/WF4516.jpg,WF4516,41160444,OK,"{
    ""image_id"": ""6a634dbce39ee1e46430653b"",
    ""thumbnail"": ""https:\/\/cdn.storeden.net\/secache\/6a634dbce39ee1e46430653b"",
    ""original"": ""https:\/\/egress.storeden.net\/gallery\/6a634dbce39ee1e46430653b""
}"
/Users/anna.nardi/Library/CloudStorage/OneDrive-Raccoltecondivise-DuckyNetworkS.r.l/E-Commerce - FOTO PRODOTTO 2019_2022_2023_2024_2025/DISCHI/W-FIX/WF7101.jpg,WF7101,41160445,OK,"{
    ""image_id"": ""6a634dc0e39ee1f664306514"",
    ""thumbnail"": ""https:\/\/cdn.storeden.net\/secache\/6a634dc0e39ee1f664306514"",
    ""original"": ""https:\/\/egress.storeden.net\/gallery\/6a634dc0e39ee1f664306514""
}"
/Users/anna.nardi/Library/CloudStorage/OneDrive-Raccoltecondivise-DuckyNetworkS.r.l/E-Commerce - FOTO PRODOTTO 2019_2022_2023_2024_2025/DISCHI/W-FIX/WF7102.jpg,WF7102,41160446,OK,"{
    ""image_id"": ""6a634dc8e39ee1c3623065b2"",
    ""thumbnail"": ""https:\/\/cdn.storeden.net\/secache\/6a634dc8e39ee1c3623065b2"",
    ""original"": ""https:\/\/egress.storeden.net\/gallery\/6a634dc8e39ee1c3623065b2""
}"
/Users/anna.nardi/Library/CloudStorage/OneDrive-Raccoltecondivise-DuckyNetworkS.r.l/E-Commerce - FOTO PRODOTTO 2019_2022_2023_2024_2025/DISCHI/W-FIX/WF7103.jpg,WF7103,41160447,OK,"{
    ""image_id"": ""6a634dd2e39ee1f26430651c"",
    ""thumbnail"": ""https:\/\/cdn.storeden.net\/secache\/6a634dd2e39ee1f26430651c"",
    ""original"": ""https:\/\/egress.storeden.net\/gallery\/6a634dd2e39ee1f26430651c""
}"
/Users/anna.nardi/Library/CloudStorage/OneDrive-Raccoltecondivise-DuckyNetworkS.r.l/E-Commerce - FOTO PRODOTTO 2019_2022_2023_2024_2025/DISCHI/W-FIX/WF7104.jpg,WF7104,41160448,OK,"{
    ""image_id"": ""6a634ddebe7ea0c64d6461ba"",
    ""thumbnail"": ""https:\/\/cdn.storeden.net\/secache\/6a634ddebe7ea0c64d6461ba"",
    ""original"": ""https:\/\/egress.storeden.net\/gallery\/6a634ddebe7ea0c64d6461ba""
}"
/Users/anna.nardi/Library/CloudStorage/OneDrive-Raccoltecondivise-DuckyNetworkS.r.l/E-Commerce - FOTO PRODOTTO 2019_2022_2023_2024_2025/DISCHI/W-FIX/WF7106.jpg,WF7106,41160449,OK,"{
    ""image_id"": ""6a634de9e39ee12c6430652a"",
    ""thumbnail"": ""https:\/\/cdn.storeden.net\/secache\/6a634de9e39ee12c6430652a"",
    ""original"": ""https:\/\/egress.storeden.net\/gallery\/6a634de9e39ee12c6430652a""
}"
/Users/anna.nardi/Library/CloudStorage/OneDrive-Raccoltecondivise-DuckyNetworkS.r.l/E-Commerce - FOTO PRODOTTO 2019_2022_2023_2024_2025/DISCHI/W-FIX/WF7107.jpg,WF7107,41160450,OK,"{
    ""image_id"": ""6a634df5be7ea041496461cc"",
    ""thumbnail"": ""https:\/\/cdn.storeden.net\/secache\/6a634df5be7ea041496461cc"",
    ""original"": ""https:\/\/egress.storeden.net\/gallery\/6a634df5be7ea041496461cc""
}"
/Users/anna.nardi/Library/CloudStorage/OneDrive-Raccoltecondivise-DuckyNetworkS.r.l/E-Commerce - FOTO PRODOTTO 2019_2022_2023_2024_2025/DISCHI/W-FIX/WF7108.jpg,WF7108,41160451,OK,"{
    ""image_id"": ""6a634e04be7ea03c4e6461bd"",
    ""thumbnail"": ""https:\/\/cdn.storeden.net\/secache\/6a634e04be7ea03c4e6461bd"",
    ""original"": ""https:\/\/egress.storeden.net\/gallery\/6a634e04be7ea03c4e6461bd""
}"
/Users/anna.nardi/Library/CloudStorage/OneDrive-Raccoltecondivise-DuckyNetworkS.r.l/E-Commerce - FOTO PRODOTTO 2019_2022_2023_2024_2025/DISCHI/W-FIX/WF7109.jpg,WF7109,41160452,OK,"{
    ""image_id"": ""6a634e0bbe7ea0d94a6461cd"",
    ""thumbnail"": ""https:\/\/cdn.storeden.net\/secache\/6a634e0bbe7ea0d94a6461cd"",
    ""original"": ""https:\/\/egress.storeden.net\/gallery\/6a634e0bbe7ea0d94a6461cd""
}"
/Users/anna.nardi/Library/CloudStorage/OneDrive-Raccoltecondivise-DuckyNetworkS.r.l/E-Commerce - FOTO PRODOTTO 2019_2022_2023_2024_2025/DISCHI/W-FIX/WF7110.jpg,WF7110,41160453,OK,"{
    ""image_id"": ""6a634e10be7ea01c456461dd"",
    ""thumbnail"": ""https:\/\/cdn.storeden.net\/secache\/6a634e10be7ea01c456461dd"",
    ""original"": ""https:\/\/egress.storeden.net\/gallery\/6a634e10be7ea01c456461dd""
}"
/Users/anna.nardi/Library/CloudStorage/OneDrive-Raccoltecondivise-DuckyNetworkS.r.l/E-Commerce - FOTO PRODOTTO 2019_2022_2023_2024_2025/DISCHI/W-FIX/WF7501.jpg,WF7501,41160454,OK,"{
    ""image_id"": ""6a634e18e39ee12165306514"",
    ""thumbnail"": ""https:\/\/cdn.storeden.net\/secache\/6a634e18e39ee12165306514"",
    ""original"": ""https:\/\/egress.storeden.net\/gallery\/6a634e18e39ee12165306514""
}"
/Users/anna.nardi/Library/CloudStorage/OneDrive-Raccoltecondivise-DuckyNetworkS.r.l/E-Commerce - FOTO PRODOTTO 2019_2022_2023_2024_2025/DISCHI/W-FIX/WF7502.jpg,WF7502,41160455,OK,"{
    ""image_id"": ""6a634e1fe39ee12c6430653b"",
    ""thumbnail"": ""https:\/\/cdn.storeden.net\/secache\/6a634e1fe39ee12c6430653b"",
    ""original"": ""https:\/\/egress.storeden.net\/gallery\/6a634e1fe39ee12c6430653b""
}"
/Users/anna.nardi/Library/CloudStorage/OneDrive-Raccoltecondivise-DuckyNetworkS.r.l/E-Commerce - FOTO PRODOTTO 2019_2022_2023_2024_2025/DISCHI/W-FIX/WF7503.jpg,WF7503,41160456,OK,"{
    ""image_id"": ""6a634e24e39ee12065306534"",
    ""thumbnail"": ""https:\/\/cdn.storeden.net\/secache\/6a634e24e39ee12065306534"",
    ""original"": ""https:\/\/egress.storeden.net\/gallery\/6a634e24e39ee12065306534""
}"
/Users/anna.nardi/Library/CloudStorage/OneDrive-Raccoltecondivise-DuckyNetworkS.r.l/E-Commerce - FOTO PRODOTTO 2019_2022_2023_2024_2025/DISCHI/W-FIX/WF7504.jpg,WF7504,41160457,OK,"{
    ""image_id"": ""6a634e2be39ee12c6430654c"",
    ""thumbnail"": ""https:\/\/cdn.storeden.net\/secache\/6a634e2be39ee12c6430654c"",
    ""original"": ""https:\/\/egress.storeden.net\/gallery\/6a634e2be39ee12c6430654c""
}"
/Users/anna.nardi/Library/CloudStorage/OneDrive-Raccoltecondivise-DuckyNetworkS.r.l/E-Commerce - FOTO PRODOTTO 2019_2022_2023_2024_2025/DISCHI/W-FIX/WF7507.jpg,WF7507,41160458,OK,"{
    ""image_id"": ""6a634e32e39ee10264306548"",
    ""thumbnail"": ""https:\/\/cdn.storeden.net\/secache\/6a634e32e39ee10264306548"",
    ""original"": ""https:\/\/egress.storeden.net\/gallery\/6a634e32e39ee10264306548""
}"
/Users/anna.nardi/Library/CloudStorage/OneDrive-Raccoltecondivise-DuckyNetworkS.r.l/E-Commerce - FOTO PRODOTTO 2019_2022_2023_2024_2025/DISCHI/W-FIX/WF7508.jpg,WF7508,41160459,OK,"{
    ""image_id"": ""6a634e37e39ee10763306590"",
    ""thumbnail"": ""https:\/\/cdn.storeden.net\/secache\/6a634e37e39ee10763306590"",
    ""original"": ""https:\/\/egress.storeden.net\/gallery\/6a634e37e39ee10763306590""
}"
/Users/anna.nardi/Library/CloudStorage/OneDrive-Raccoltecondivise-DuckyNetworkS.r.l/E-Commerce - FOTO PRODOTTO 2019_2022_2023_2024_2025/DISCHI/W-FIX/WF7509.jpg,WF7509,41160460,OK,"{
    ""image_id"": ""6a634e3fe39ee11664306534"",
    ""thumbnail"": ""https:\/\/cdn.storeden.net\/secache\/6a634e3fe39ee11664306534"",
    ""original"": ""https:\/\/egress.storeden.net\/gallery\/6a634e3fe39ee11664306534""
}"
/Users/anna.nardi/Library/CloudStorage/OneDrive-Raccoltecondivise-DuckyNetworkS.r.l/E-Commerce - FOTO PRODOTTO 2019_2022_2023_2024_2025/DISCHI/W-FIX/WF7510.jpg,WF7510,41160461,OK,"{
    ""image_id"": ""6a634e45be7ea05d4e6461d6"",
    ""thumbnail"": ""https:\/\/cdn.storeden.net\/secache\/6a634e45be7ea05d4e6461d6"",
    ""original"": ""https:\/\/egress.storeden.net\/gallery\/6a634e45be7ea05d4e6461d6""
}"
/Users/anna.nardi/Library/CloudStorage/OneDrive-Raccoltecondivise-DuckyNetworkS.r.l/E-Commerce - FOTO PRODOTTO 2019_2022_2023_2024_2025/DISCHI/W-FIX/WF7511.jpg,WF7511,41160462,OK,"{
    ""image_id"": ""6a634e4fe39ee1f264306534"",
    ""thumbnail"": ""https:\/\/cdn.storeden.net\/secache\/6a634e4fe39ee1f264306534"",
    ""original"": ""https:\/\/egress.storeden.net\/gallery\/6a634e4fe39ee1f264306534""
}"
/Users/anna.nardi/Library/CloudStorage/OneDrive-Raccoltecondivise-DuckyNetworkS.r.l/E-Commerce - FOTO PRODOTTO 2019_2022_2023_2024_2025/DISCHI/W-FIX/WF7512.jpg,WF7512,41160463,OK,"{
    ""image_id"": ""6a634e57e39ee12964306562"",
    ""thumbnail"": ""https:\/\/cdn.storeden.net\/secache\/6a634e57e39ee12964306562"",
    ""original"": ""https:\/\/egress.storeden.net\/gallery\/6a634e57e39ee12964306562""
}"
/Users/anna.nardi/Library/CloudStorage/OneDrive-Raccoltecondivise-DuckyNetworkS.r.l/E-Commerce - FOTO PRODOTTO 2019_2022_2023_2024_2025/DISCHI/W-FIX/WF7513.jpg,WF7513,41160464,OK,"{
    ""image_id"": ""6a634e60e39ee1e964306550"",
    ""thumbnail"": ""https:\/\/cdn.storeden.net\/secache\/6a634e60e39ee1e964306550"",
    ""original"": ""https:\/\/egress.storeden.net\/gallery\/6a634e60e39ee1e964306550""
}"
/Users/anna.nardi/Library/CloudStorage/OneDrive-Raccoltecondivise-DuckyNetworkS.r.l/E-Commerce - FOTO PRODOTTO 2019_2022_2023_2024_2025/DISCHI/W-FIX/WF7514.jpg,WF7514,41160465,OK,"{
    ""image_id"": ""6a634e68e39ee18f65306514"",
    ""thumbnail"": ""https:\/\/cdn.storeden.net\/secache\/6a634e68e39ee18f65306514"",
    ""original"": ""https:\/\/egress.storeden.net\/gallery\/6a634e68e39ee18f65306514""
}"
/Users/anna.nardi/Library/CloudStorage/OneDrive-Raccoltecondivise-DuckyNetworkS.r.l/E-Commerce - FOTO PRODOTTO 2019_2022_2023_2024_2025/DISCHI/W-FIX/WF7515.jpg,WF7515,41160466,OK,"{
    ""image_id"": ""6a634e6fbe7ea01541646262"",
    ""thumbnail"": ""https:\/\/cdn.storeden.net\/secache\/6a634e6fbe7ea01541646262"",
    ""original"": ""https:\/\/egress.storeden.net\/gallery\/6a634e6fbe7ea01541646262""
}"
/Users/anna.nardi/Library/CloudStorage/OneDrive-Raccoltecondivise-DuckyNetworkS.r.l/E-Commerce - FOTO PRODOTTO 2019_2022_2023_2024_2025/DISCHI/W-FIX/WF7516.jpg,WF7516,41160467,OK,"{
    ""image_id"": ""6a634e75e39ee13e6430657d"",
    ""thumbnail"": ""https:\/\/cdn.storeden.net\/secache\/6a634e75e39ee13e6430657d"",
    ""original"": ""https:\/\/egress.storeden.net\/gallery\/6a634e75e39ee13e6430657d""
}"
/Users/anna.nardi/Library/CloudStorage/OneDrive-Raccoltecondivise-DuckyNetworkS.r.l/E-Commerce - FOTO PRODOTTO 2019_2022_2023_2024_2025/DISCHI/W-FIX/WF7517.jpg,WF7517,41160468,OK,"{
    ""image_id"": ""6a634e7dbe7ea063496461c8"",
    ""thumbnail"": ""https:\/\/cdn.storeden.net\/secache\/6a634e7dbe7ea063496461c8"",
    ""original"": ""https:\/\/egress.storeden.net\/gallery\/6a634e7dbe7ea063496461c8""
}"
/Users/anna.nardi/Library/CloudStorage/OneDrive-Raccoltecondivise-DuckyNetworkS.r.l/E-Commerce - FOTO PRODOTTO 2019_2022_2023_2024_2025/DISCHI/W-FIX/WF7518.jpg,WF7518,41160469,OK,"{
    ""image_id"": ""6a634e86e39ee1ff6430651b"",
    ""thumbnail"": ""https:\/\/cdn.storeden.net\/secache\/6a634e86e39ee1ff6430651b"",
    ""original"": ""https:\/\/egress.storeden.net\/gallery\/6a634e86e39ee1ff6430651b""
}"
/Users/anna.nardi/Library/CloudStorage/OneDrive-Raccoltecondivise-DuckyNetworkS.r.l/E-Commerce - FOTO PRODOTTO 2019_2022_2023_2024_2025/DISCHI/W-FIX/WF7519.jpg,WF7519,41160470,OK,"{
    ""image_id"": ""6a634e8de39ee18f6530653d"",
    ""thumbnail"": ""https:\/\/cdn.storeden.net\/secache\/6a634e8de39ee18f6530653d"",
    ""original"": ""https:\/\/egress.storeden.net\/gallery\/6a634e8de39ee18f6530653d""
}"
/Users/anna.nardi/Library/CloudStorage/OneDrive-Raccoltecondivise-DuckyNetworkS.r.l/E-Commerce - FOTO PRODOTTO 2019_2022_2023_2024_2025/DISCHI/W-FIX/WF7520.jpg,WF7520,41160471,OK,"{
    ""image_id"": ""6a634e94e39ee1b465306514"",
    ""thumbnail"": ""https:\/\/cdn.storeden.net\/secache\/6a634e94e39ee1b465306514"",
    ""original"": ""https:\/\/egress.storeden.net\/gallery\/6a634e94e39ee1b465306514""
}"
/Users/anna.nardi/Library/CloudStorage/OneDrive-Raccoltecondivise-DuckyNetworkS.r.l/E-Commerce - FOTO PRODOTTO 2019_2022_2023_2024_2025/DISCHI/W-FIX/WF7521.jpg,WF7521,41160472,OK,"{
    ""image_id"": ""6a634e99e39ee18f6530654e"",
    ""thumbnail"": ""https:\/\/cdn.storeden.net\/secache\/6a634e99e39ee18f6530654e"",
    ""original"": ""https:\/\/egress.storeden.net\/gallery\/6a634e99e39ee18f6530654e""
}"
/Users/anna.nardi/Library/CloudStorage/OneDrive-Raccoltecondivise-DuckyNetworkS.r.l/E-Commerce - FOTO PRODOTTO 2019_2022_2023_2024_2025/DISCHI/W-FIX/WF7522.jpg,WF7522,41160473,OK,"{
    ""image_id"": ""6a634e9ce39ee15c6530652e"",
    ""thumbnail"": ""https:\/\/cdn.storeden.net\/secache\/6a634e9ce39ee15c6530652e"",
    ""original"": ""https:\/\/egress.storeden.net\/gallery\/6a634e9ce39ee15c6530652e""
}"
/Users/anna.nardi/Library/CloudStorage/OneDrive-Raccoltecondivise-DuckyNetworkS.r.l/E-Commerce - FOTO PRODOTTO 2019_2022_2023_2024_2025/DISCHI/W-FIX/WF7523.jpg,WF7523,41160474,OK,"{
    ""image_id"": ""6a634ea2e39ee1e96430657f"",
    ""thumbnail"": ""https:\/\/cdn.storeden.net\/secache\/6a634ea2e39ee1e96430657f"",
    ""original"": ""https:\/\/egress.storeden.net\/gallery\/6a634ea2e39ee1e96430657f""
}"
/Users/anna.nardi/Library/CloudStorage/OneDrive-Raccoltecondivise-DuckyNetworkS.r.l/E-Commerce - FOTO PRODOTTO 2019_2022_2023_2024_2025/DISCHI/W-FIX/WF7524.jpg,WF7524,41160475,OK,"{
    ""image_id"": ""6a634ea8e39ee107633065d4"",
    ""thumbnail"": ""https:\/\/cdn.storeden.net\/secache\/6a634ea8e39ee107633065d4"",
    ""original"": ""https:\/\/egress.storeden.net\/gallery\/6a634ea8e39ee107633065d4""
}"
/Users/anna.nardi/Library/CloudStorage/OneDrive-Raccoltecondivise-DuckyNetworkS.r.l/E-Commerce - FOTO PRODOTTO 2019_2022_2023_2024_2025/DISCHI/W-FIX/WF7525.jpg,WF7525,41160476,OK,"{
    ""image_id"": ""6a634eb0e39ee1fd65306514"",
    ""thumbnail"": ""https:\/\/cdn.storeden.net\/secache\/6a634eb0e39ee1fd65306514"",
    ""original"": ""https:\/\/egress.storeden.net\/gallery\/6a634eb0e39ee1fd65306514""
}"
/Users/anna.nardi/Library/CloudStorage/OneDrive-Raccoltecondivise-DuckyNetworkS.r.l/E-Commerce - FOTO PRODOTTO 2019_2022_2023_2024_2025/DISCHI/W-FIX/WF7526.jpg,WF7526,41160477,OK,"{
    ""image_id"": ""6a634eb7be7ea034506461bc"",
    ""thumbnail"": ""https:\/\/cdn.storeden.net\/secache\/6a634eb7be7ea034506461bc"",
    ""original"": ""https:\/\/egress.storeden.net\/gallery\/6a634eb7be7ea034506461bc""
}"
/Users/anna.nardi/Library/CloudStorage/OneDrive-Raccoltecondivise-DuckyNetworkS.r.l/E-Commerce - FOTO PRODOTTO 2019_2022_2023_2024_2025/DISCHI/W-FIX/WF7527.jpg,WF7527,41160478,OK,"{
    ""image_id"": ""6a634ec2e39ee18e6530651b"",
    ""thumbnail"": ""https:\/\/cdn.storeden.net\/secache\/6a634ec2e39ee18e6530651b"",
    ""original"": ""https:\/\/egress.storeden.net\/gallery\/6a634ec2e39ee18e6530651b""
}"
/Users/anna.nardi/Library/CloudStorage/OneDrive-Raccoltecondivise-DuckyNetworkS.r.l/E-Commerce - FOTO PRODOTTO 2019_2022_2023_2024_2025/DISCHI/W-FIX/WF7528.jpg,WF7528,41160479,OK,"{
    ""image_id"": ""6a634ecae39ee1e96430658e"",
    ""thumbnail"": ""https:\/\/cdn.storeden.net\/secache\/6a634ecae39ee1e96430658e"",
    ""original"": ""https:\/\/egress.storeden.net\/gallery\/6a634ecae39ee1e96430658e""
}"
/Users/anna.nardi/Library/CloudStorage/OneDrive-Raccoltecondivise-DuckyNetworkS.r.l/E-Commerce - FOTO PRODOTTO 2019_2022_2023_2024_2025/DISCHI/W-FIX/WF7529.jpg,WF7529,41160480,OK,"{
    ""image_id"": ""6a634ecfe39ee1296430658d"",
    ""thumbnail"": ""https:\/\/cdn.storeden.net\/secache\/6a634ecfe39ee1296430658d"",
    ""original"": ""https:\/\/egress.storeden.net\/gallery\/6a634ecfe39ee1296430658d""
}"
/Users/anna.nardi/Library/CloudStorage/OneDrive-Raccoltecondivise-DuckyNetworkS.r.l/E-Commerce - FOTO PRODOTTO 2019_2022_2023_2024_2025/DISCHI/W-FIX/WF7530.jpg,WF7530,41160481,OK,"{
    ""image_id"": ""6a634ed5be7ea0ec3d6461e3"",
    ""thumbnail"": ""https:\/\/cdn.storeden.net\/secache\/6a634ed5be7ea0ec3d6461e3"",
    ""original"": ""https:\/\/egress.storeden.net\/gallery\/6a634ed5be7ea0ec3d6461e3""
}"
/Users/anna.nardi/Library/CloudStorage/OneDrive-Raccoltecondivise-DuckyNetworkS.r.l/E-Commerce - FOTO PRODOTTO 2019_2022_2023_2024_2025/DISCHI/W-FIX/WF7531.jpg,WF7531,41160482,OK,"{
    ""image_id"": ""6a634edce39ee13e6430658d"",
    ""thumbnail"": ""https:\/\/cdn.storeden.net\/secache\/6a634edce39ee13e6430658d"",
    ""original"": ""https:\/\/egress.storeden.net\/gallery\/6a634edce39ee13e6430658d""
}"
/Users/anna.nardi/Library/CloudStorage/OneDrive-Raccoltecondivise-DuckyNetworkS.r.l/E-Commerce - FOTO PRODOTTO 2019_2022_2023_2024_2025/DISCHI/W-FIX/WF7532.jpg,WF7532,41160483,OK,"{
    ""image_id"": ""6a634ee7be7ea0a44e6461c4"",
    ""thumbnail"": ""https:\/\/cdn.storeden.net\/secache\/6a634ee7be7ea0a44e6461c4"",
    ""original"": ""https:\/\/egress.storeden.net\/gallery\/6a634ee7be7ea0a44e6461c4""
}"
/Users/anna.nardi/Library/CloudStorage/OneDrive-Raccoltecondivise-DuckyNetworkS.r.l/E-Commerce - FOTO PRODOTTO 2019_2022_2023_2024_2025/DISCHI/W-FIX/WF7533.jpg,WF7533,41160484,OK,"{
    ""image_id"": ""6a634ef1e39ee16065306548"",
    ""thumbnail"": ""https:\/\/cdn.storeden.net\/secache\/6a634ef1e39ee16065306548"",
    ""original"": ""https:\/\/egress.storeden.net\/gallery\/6a634ef1e39ee16065306548""
}"
/Users/anna.nardi/Library/CloudStorage/OneDrive-Raccoltecondivise-DuckyNetworkS.r.l/E-Commerce - FOTO PRODOTTO 2019_2022_2023_2024_2025/DISCHI/W-FIX/WF7534.jpg,WF7534,41160485,OK,"{
    ""image_id"": ""6a634ef3e39ee13c65306538"",
    ""thumbnail"": ""https:\/\/cdn.storeden.net\/secache\/6a634ef3e39ee13c65306538"",
    ""original"": ""https:\/\/egress.storeden.net\/gallery\/6a634ef3e39ee13c65306538""
}"
/Users/anna.nardi/Library/CloudStorage/OneDrive-Raccoltecondivise-DuckyNetworkS.r.l/E-Commerce - FOTO PRODOTTO 2019_2022_2023_2024_2025/DISCHI/W-FIX/WF7535.jpg,WF7535,41160486,OK,"{
    ""image_id"": ""6a634ef9e39ee1f264306588"",
    ""thumbnail"": ""https:\/\/cdn.storeden.net\/secache\/6a634ef9e39ee1f264306588"",
    ""original"": ""https:\/\/egress.storeden.net\/gallery\/6a634ef9e39ee1f264306588""
}"
/Users/anna.nardi/Library/CloudStorage/OneDrive-Raccoltecondivise-DuckyNetworkS.r.l/E-Commerce - FOTO PRODOTTO 2019_2022_2023_2024_2025/DISCHI/W-FIX/WF7537.jpg,WF7537,41160487,OK,"{
    ""image_id"": ""6a634efce39ee16065306557"",
    ""thumbnail"": ""https:\/\/cdn.storeden.net\/secache\/6a634efce39ee16065306557"",
    ""original"": ""https:\/\/egress.storeden.net\/gallery\/6a634efce39ee16065306557""
}"
/Users/anna.nardi/Library/CloudStorage/OneDrive-Raccoltecondivise-DuckyNetworkS.r.l/E-Commerce - FOTO PRODOTTO 2019_2022_2023_2024_2025/DISCHI/W-FIX/WF7538.jpg,WF7538,41160488,OK,"{
    ""image_id"": ""6a634effe39ee13e6430659c"",
    ""thumbnail"": ""https:\/\/cdn.storeden.net\/secache\/6a634effe39ee13e6430659c"",
    ""original"": ""https:\/\/egress.storeden.net\/gallery\/6a634effe39ee13e6430659c""
}"
/Users/anna.nardi/Library/CloudStorage/OneDrive-Raccoltecondivise-DuckyNetworkS.r.l/E-Commerce - FOTO PRODOTTO 2019_2022_2023_2024_2025/DISCHI/W-FIX/WF7539.jpg,WF7539,41160489,OK,"{
    ""image_id"": ""6a634f01e39ee1046630651c"",
    ""thumbnail"": ""https:\/\/cdn.storeden.net\/secache\/6a634f01e39ee1046630651c"",
    ""original"": ""https:\/\/egress.storeden.net\/gallery\/6a634f01e39ee1046630651c""
}"
/Users/anna.nardi/Library/CloudStorage/OneDrive-Raccoltecondivise-DuckyNetworkS.r.l/E-Commerce - FOTO PRODOTTO 2019_2022_2023_2024_2025/DISCHI/W-FIX/WF7540.jpg,WF7540,41160490,OK,"{
    ""image_id"": ""6a634f03e39ee13c65306544"",
    ""thumbnail"": ""https:\/\/cdn.storeden.net\/secache\/6a634f03e39ee13c65306544"",
    ""original"": ""https:\/\/egress.storeden.net\/gallery\/6a634f03e39ee13c65306544""
}"
/Users/anna.nardi/Library/CloudStorage/OneDrive-Raccoltecondivise-DuckyNetworkS.r.l/E-Commerce - FOTO PRODOTTO 2019_2022_2023_2024_2025/DISCHI/W-FIX/WF7542.jpg,WF7542,41160491,OK,"{
    ""image_id"": ""6a634f06e39ee1ff6430652a"",
    ""thumbnail"": ""https:\/\/cdn.storeden.net\/secache\/6a634f06e39ee1ff6430652a"",
    ""original"": ""https:\/\/egress.storeden.net\/gallery\/6a634f06e39ee1ff6430652a""
}"
/Users/anna.nardi/Library/CloudStorage/OneDrive-Raccoltecondivise-DuckyNetworkS.r.l/E-Commerce - FOTO PRODOTTO 2019_2022_2023_2024_2025/DISCHI/W-FIX/WF8101.jpg,WF8101,41160493,OK,"{
    ""image_id"": ""6a634f0ae39ee13c6530654b"",
    ""thumbnail"": ""https:\/\/cdn.storeden.net\/secache\/6a634f0ae39ee13c6530654b"",
    ""original"": ""https:\/\/egress.storeden.net\/gallery\/6a634f0ae39ee13c6530654b""
}"
/Users/anna.nardi/Library/CloudStorage/OneDrive-Raccoltecondivise-DuckyNetworkS.r.l/E-Commerce - FOTO PRODOTTO 2019_2022_2023_2024_2025/DISCHI/W-FIX/WF8102.jpg,WF8102,41160494,OK,"{
    ""image_id"": ""6a634f10be7ea028456461cd"",
    ""thumbnail"": ""https:\/\/cdn.storeden.net\/secache\/6a634f10be7ea028456461cd"",
    ""original"": ""https:\/\/egress.storeden.net\/gallery\/6a634f10be7ea028456461cd""
}"
/Users/anna.nardi/Library/CloudStorage/OneDrive-Raccoltecondivise-DuckyNetworkS.r.l/E-Commerce - FOTO PRODOTTO 2019_2022_2023_2024_2025/DISCHI/W-FIX/WF8103.jpg,WF8103,41160495,OK,"{
    ""image_id"": ""6a634f18e39ee10466306532"",
    ""thumbnail"": ""https:\/\/cdn.storeden.net\/secache\/6a634f18e39ee10466306532"",
    ""original"": ""https:\/\/egress.storeden.net\/gallery\/6a634f18e39ee10466306532""
}"
/Users/anna.nardi/Library/CloudStorage/OneDrive-Raccoltecondivise-DuckyNetworkS.r.l/E-Commerce - FOTO PRODOTTO 2019_2022_2023_2024_2025/DISCHI/W-FIX/WF8105.jpg,WF8105,41160496,OK,"{
    ""image_id"": ""6a634f20e39ee1e9643065a9"",
    ""thumbnail"": ""https:\/\/cdn.storeden.net\/secache\/6a634f20e39ee1e9643065a9"",
    ""original"": ""https:\/\/egress.storeden.net\/gallery\/6a634f20e39ee1e9643065a9""
}"
/Users/anna.nardi/Library/CloudStorage/OneDrive-Raccoltecondivise-DuckyNetworkS.r.l/E-Commerce - FOTO PRODOTTO 2019_2022_2023_2024_2025/DISCHI/W-FIX/WF8106.jpg,WF8106,41160497,OK,"{
    ""image_id"": ""6a634f2ce39ee10466306551"",
    ""thumbnail"": ""https:\/\/cdn.storeden.net\/secache\/6a634f2ce39ee10466306551"",
    ""original"": ""https:\/\/egress.storeden.net\/gallery\/6a634f2ce39ee10466306551""
}"
/Users/anna.nardi/Library/CloudStorage/OneDrive-Raccoltecondivise-DuckyNetworkS.r.l/E-Commerce - FOTO PRODOTTO 2019_2022_2023_2024_2025/DISCHI/W-FIX/WF8111.jpg,WF8111,41160498,OK,"{
    ""image_id"": ""6a634f35e39ee16866306530"",
    ""thumbnail"": ""https:\/\/cdn.storeden.net\/secache\/6a634f35e39ee16866306530"",
    ""original"": ""https:\/\/egress.storeden.net\/gallery\/6a634f35e39ee16866306530""
}"
/Users/anna.nardi/Library/CloudStorage/OneDrive-Raccoltecondivise-DuckyNetworkS.r.l/E-Commerce - FOTO PRODOTTO 2019_2022_2023_2024_2025/DISCHI/W-FIX/WF8112.jpg,WF8112,41160499,OK,"{
    ""image_id"": ""6a634f3ebe7ea03f456461eb"",
    ""thumbnail"": ""https:\/\/cdn.storeden.net\/secache\/6a634f3ebe7ea03f456461eb"",
    ""original"": ""https:\/\/egress.storeden.net\/gallery\/6a634f3ebe7ea03f456461eb""
}"
/Users/anna.nardi/Library/CloudStorage/OneDrive-Raccoltecondivise-DuckyNetworkS.r.l/E-Commerce - FOTO PRODOTTO 2019_2022_2023_2024_2025/DISCHI/W-FIX/WF8113.jpg,WF8113,41160500,OK,"{
    ""image_id"": ""6a634f4abe7ea04a576461bd"",
    ""thumbnail"": ""https:\/\/cdn.storeden.net\/secache\/6a634f4abe7ea04a576461bd"",
    ""original"": ""https:\/\/egress.storeden.net\/gallery\/6a634f4abe7ea04a576461bd""
}"
/Users/anna.nardi/Library/CloudStorage/OneDrive-Raccoltecondivise-DuckyNetworkS.r.l/E-Commerce - FOTO PRODOTTO 2019_2022_2023_2024_2025/DISCHI/W-FIX/WF8114.jpg,WF8114,41160501,OK,"{
    ""image_id"": ""6a634f56e39ee15c6630653b"",
    ""thumbnail"": ""https:\/\/cdn.storeden.net\/secache\/6a634f56e39ee15c6630653b"",
    ""original"": ""https:\/\/egress.storeden.net\/gallery\/6a634f56e39ee15c6630653b""
}"
/Users/anna.nardi/Library/CloudStorage/OneDrive-Raccoltecondivise-DuckyNetworkS.r.l/E-Commerce - FOTO PRODOTTO 2019_2022_2023_2024_2025/DISCHI/W-FIX/WF8115.jpg,WF8115,41160502,OK,"{
    ""image_id"": ""6a634f5be39ee10466306574"",
    ""thumbnail"": ""https:\/\/cdn.storeden.net\/secache\/6a634f5be39ee10466306574"",
    ""original"": ""https:\/\/egress.storeden.net\/gallery\/6a634f5be39ee10466306574""
}"
/Users/anna.nardi/Library/CloudStorage/OneDrive-Raccoltecondivise-DuckyNetworkS.r.l/E-Commerce - FOTO PRODOTTO 2019_2022_2023_2024_2025/DISCHI/W-FIX/WF8117.jpg,WF8117,41160503,OK,"{
    ""image_id"": ""6a634f63e39ee1e9643065bf"",
    ""thumbnail"": ""https:\/\/cdn.storeden.net\/secache\/6a634f63e39ee1e9643065bf"",
    ""original"": ""https:\/\/egress.storeden.net\/gallery\/6a634f63e39ee1e9643065bf""
}"
/Users/anna.nardi/Library/CloudStorage/OneDrive-Raccoltecondivise-DuckyNetworkS.r.l/E-Commerce - FOTO PRODOTTO 2019_2022_2023_2024_2025/DISCHI/W-FIX/WF8118.jpg,WF8118,41160504,OK,"{
    ""image_id"": ""6a634f6de39ee1116630652e"",
    ""thumbnail"": ""https:\/\/cdn.storeden.net\/secache\/6a634f6de39ee1116630652e"",
    ""original"": ""https:\/\/egress.storeden.net\/gallery\/6a634f6de39ee1116630652e""
}"
/Users/anna.nardi/Library/CloudStorage/OneDrive-Raccoltecondivise-DuckyNetworkS.r.l/E-Commerce - FOTO PRODOTTO 2019_2022_2023_2024_2025/DISCHI/W-FIX/WF8119.jpg,WF8119,41160505,OK,"{
    ""image_id"": ""6a634f78e39ee1f2643065a0"",
    ""thumbnail"": ""https:\/\/cdn.storeden.net\/secache\/6a634f78e39ee1f2643065a0"",
    ""original"": ""https:\/\/egress.storeden.net\/gallery\/6a634f78e39ee1f2643065a0""
}"
/Users/anna.nardi/Library/CloudStorage/OneDrive-Raccoltecondivise-DuckyNetworkS.r.l/E-Commerce - FOTO PRODOTTO 2019_2022_2023_2024_2025/DISCHI/W-FIX/WF8120.jpg,WF8120,41160506,OK,"{
    ""image_id"": ""6a634f82e39ee1606630653a"",
    ""thumbnail"": ""https:\/\/cdn.storeden.net\/secache\/6a634f82e39ee1606630653a"",
    ""original"": ""https:\/\/egress.storeden.net\/gallery\/6a634f82e39ee1606630653a""
}"
/Users/anna.nardi/Library/CloudStorage/OneDrive-Raccoltecondivise-DuckyNetworkS.r.l/E-Commerce - FOTO PRODOTTO 2019_2022_2023_2024_2025/DISCHI/W-FIX/WF8501.jpg,WF8501,41160507,OK,"{
    ""image_id"": ""6a634f8fe39ee10466306583"",
    ""thumbnail"": ""https:\/\/cdn.storeden.net\/secache\/6a634f8fe39ee10466306583"",
    ""original"": ""https:\/\/egress.storeden.net\/gallery\/6a634f8fe39ee10466306583""
}"
/Users/anna.nardi/Library/CloudStorage/OneDrive-Raccoltecondivise-DuckyNetworkS.r.l/E-Commerce - FOTO PRODOTTO 2019_2022_2023_2024_2025/DISCHI/W-FIX/WF8502.JPG,WF8502,41160508,OK,"{
    ""image_id"": ""6a634f97e39ee15f6630655a"",
    ""thumbnail"": ""https:\/\/cdn.storeden.net\/secache\/6a634f97e39ee15f6630655a"",
    ""original"": ""https:\/\/egress.storeden.net\/gallery\/6a634f97e39ee15f6630655a""
}"
/Users/anna.nardi/Library/CloudStorage/OneDrive-Raccoltecondivise-DuckyNetworkS.r.l/E-Commerce - FOTO PRODOTTO 2019_2022_2023_2024_2025/DISCHI/W-FIX/WF8503.jpg,WF8503,41160509,OK,"{
    ""image_id"": ""6a634f9be39ee19966306515"",
    ""thumbnail"": ""https:\/\/cdn.storeden.net\/secache\/6a634f9be39ee19966306515"",
    ""original"": ""https:\/\/egress.storeden.net\/gallery\/6a634f9be39ee19966306515""
}"
/Users/anna.nardi/Library/CloudStorage/OneDrive-Raccoltecondivise-DuckyNetworkS.r.l/E-Commerce - FOTO PRODOTTO 2019_2022_2023_2024_2025/DISCHI/W-FIX/WF8504.jpg,WF8504,41232136,OK,"{
    ""image_id"": ""6a634fa3e39ee11166306544"",
    ""thumbnail"": ""https:\/\/cdn.storeden.net\/secache\/6a634fa3e39ee11166306544"",
    ""original"": ""https:\/\/egress.storeden.net\/gallery\/6a634fa3e39ee11166306544""
}"
/Users/anna.nardi/Library/CloudStorage/OneDrive-Raccoltecondivise-DuckyNetworkS.r.l/E-Commerce - FOTO PRODOTTO 2019_2022_2023_2024_2025/DISCHI/W-FIX/WF8505.jpg,WF8505,41160510,OK,"{
    ""image_id"": ""6a634fade39ee1606630654f"",
    ""thumbnail"": ""https:\/\/cdn.storeden.net\/secache\/6a634fade39ee1606630654f"",
    ""original"": ""https:\/\/egress.storeden.net\/gallery\/6a634fade39ee1606630654f""
}"
/Users/anna.nardi/Library/CloudStorage/OneDrive-Raccoltecondivise-DuckyNetworkS.r.l/E-Commerce - FOTO PRODOTTO 2019_2022_2023_2024_2025/DISCHI/W-FIX/WF8506.jpg,WF8506,41160511,OK,"{
    ""image_id"": ""6a634fbbe39ee1686630655a"",
    ""thumbnail"": ""https:\/\/cdn.storeden.net\/secache\/6a634fbbe39ee1686630655a"",
    ""original"": ""https:\/\/egress.storeden.net\/gallery\/6a634fbbe39ee1686630655a""
}"
/Users/anna.nardi/Library/CloudStorage/OneDrive-Raccoltecondivise-DuckyNetworkS.r.l/E-Commerce - FOTO PRODOTTO 2019_2022_2023_2024_2025/DISCHI/W-FIX/WF8507.jpg,WF8507,41160512,OK,"{
    ""image_id"": ""6a634fc5e39ee10466306598"",
    ""thumbnail"": ""https:\/\/cdn.storeden.net\/secache\/6a634fc5e39ee10466306598"",
    ""original"": ""https:\/\/egress.storeden.net\/gallery\/6a634fc5e39ee10466306598""
}"
/Users/anna.nardi/Library/CloudStorage/OneDrive-Raccoltecondivise-DuckyNetworkS.r.l/E-Commerce - FOTO PRODOTTO 2019_2022_2023_2024_2025/DISCHI/W-FIX/WF8508.jpg,WF8508,41160513,OK,"{
    ""image_id"": ""6a634fcfe39ee15c65306574"",
    ""thumbnail"": ""https:\/\/cdn.storeden.net\/secache\/6a634fcfe39ee15c65306574"",
    ""original"": ""https:\/\/egress.storeden.net\/gallery\/6a634fcfe39ee15c65306574""
}"
/Users/anna.nardi/Library/CloudStorage/OneDrive-Raccoltecondivise-DuckyNetworkS.r.l/E-Commerce - FOTO PRODOTTO 2019_2022_2023_2024_2025/DISCHI/W-FIX/WF8510.jpg,WF8510,41160514,OK,"{
    ""image_id"": ""6a634fd6e39ee13c65306594"",
    ""thumbnail"": ""https:\/\/cdn.storeden.net\/secache\/6a634fd6e39ee13c65306594"",
    ""original"": ""https:\/\/egress.storeden.net\/gallery\/6a634fd6e39ee13c65306594""
}"
/Users/anna.nardi/Library/CloudStorage/OneDrive-Raccoltecondivise-DuckyNetworkS.r.l/E-Commerce - FOTO PRODOTTO 2019_2022_2023_2024_2025/DISCHI/W-FIX/WF8511.jpg,WF8511,41160515,OK,"{
    ""image_id"": ""6a634fddbe7ea08a3f646215"",
    ""thumbnail"": ""https:\/\/cdn.storeden.net\/secache\/6a634fddbe7ea08a3f646215"",
    ""original"": ""https:\/\/egress.storeden.net\/gallery\/6a634fddbe7ea08a3f646215""
}"
/Users/anna.nardi/Library/CloudStorage/OneDrive-Raccoltecondivise-DuckyNetworkS.r.l/E-Commerce - FOTO PRODOTTO 2019_2022_2023_2024_2025/DISCHI/W-FIX/WF8512.jpg,WF8512,41160516,OK,"{
    ""image_id"": ""6a634fe7e39ee15c6630657b"",
    ""thumbnail"": ""https:\/\/cdn.storeden.net\/secache\/6a634fe7e39ee15c6630657b"",
    ""original"": ""https:\/\/egress.storeden.net\/gallery\/6a634fe7e39ee15c6630657b""
}"
/Users/anna.nardi/Library/CloudStorage/OneDrive-Raccoltecondivise-DuckyNetworkS.r.l/E-Commerce - FOTO PRODOTTO 2019_2022_2023_2024_2025/DISCHI/W-FIX/WF8514.jpg,WF8514,41160517,OK,"{
    ""image_id"": ""6a634fede39ee1f2643065db"",
    ""thumbnail"": ""https:\/\/cdn.storeden.net\/secache\/6a634fede39ee1f2643065db"",
    ""original"": ""https:\/\/egress.storeden.net\/gallery\/6a634fede39ee1f2643065db""
}"
/Users/anna.nardi/Library/CloudStorage/OneDrive-Raccoltecondivise-DuckyNetworkS.r.l/E-Commerce - FOTO PRODOTTO 2019_2022_2023_2024_2025/DISCHI/W-FIX/WF8515.jpg,WF8515,41160518,OK,"{
    ""image_id"": ""6a634ff4e39ee15c6630658b"",
    ""thumbnail"": ""https:\/\/cdn.storeden.net\/secache\/6a634ff4e39ee15c6630658b"",
    ""original"": ""https:\/\/egress.storeden.net\/gallery\/6a634ff4e39ee15c6630658b""
}"
/Users/anna.nardi/Library/CloudStorage/OneDrive-Raccoltecondivise-DuckyNetworkS.r.l/E-Commerce - FOTO PRODOTTO 2019_2022_2023_2024_2025/DISCHI/W-FIX/WF8516.jpg,WF8516,41160519,OK,"{
    ""image_id"": ""6a634ff6be7ea04d4e6461eb"",
    ""thumbnail"": ""https:\/\/cdn.storeden.net\/secache\/6a634ff6be7ea04d4e6461eb"",
    ""original"": ""https:\/\/egress.storeden.net\/gallery\/6a634ff6be7ea04d4e6461eb""
}"
/Users/anna.nardi/Library/CloudStorage/OneDrive-Raccoltecondivise-DuckyNetworkS.r.l/E-Commerce - FOTO PRODOTTO 2019_2022_2023_2024_2025/DISCHI/W-FIX/WF9101.jpg,WF9101,41160520,OK,"{
    ""image_id"": ""6a631ca300f22022c23d64d8"",
    ""thumbnail"": ""https:\/\/cdn.storeden.net\/secache\/6a631ca300f22022c23d64d8"",
    ""original"": ""https:\/\/egress.storeden.net\/gallery\/6a631ca300f22022c23d64d8""
}"
/Users/anna.nardi/Library/CloudStorage/OneDrive-Raccoltecondivise-DuckyNetworkS.r.l/E-Commerce - FOTO PRODOTTO 2019_2022_2023_2024_2025/DISCHI/W-FIX/WF9501.jpg,WF9501,41160521,OK,"{
    ""image_id"": ""6a631c7dbe7ea0f7616461c2"",
    ""thumbnail"": ""https:\/\/cdn.storeden.net\/secache\/6a631c7dbe7ea0f7616461c2"",
    ""original"": ""https:\/\/egress.storeden.net\/gallery\/6a631c7dbe7ea0f7616461c2""
}"
/Users/anna.nardi/Library/CloudStorage/OneDrive-Raccoltecondivise-DuckyNetworkS.r.l/E-Commerce - FOTO PRODOTTO 2019_2022_2023_2024_2025/DISCHI/W-FLO/WH7003.jpg,WH7003,41160522,OK,"{
    ""image_id"": ""6a635009e39ee1116630656a"",
    ""thumbnail"": ""https:\/\/cdn.storeden.net\/secache\/6a635009e39ee1116630656a"",
    ""original"": ""https:\/\/egress.storeden.net\/gallery\/6a635009e39ee1116630656a""
}"
/Users/anna.nardi/Library/CloudStorage/OneDrive-Raccoltecondivise-DuckyNetworkS.r.l/E-Commerce - FOTO PRODOTTO 2019_2022_2023_2024_2025/DISCHI/W-FLO/WH7004.jpg,WH7004,41160523,OK,"{
    ""image_id"": ""6a635010e39ee1db66306521"",
    ""thumbnail"": ""https:\/\/cdn.storeden.net\/secache\/6a635010e39ee1db66306521"",
    ""original"": ""https:\/\/egress.storeden.net\/gallery\/6a635010e39ee1db66306521""
}"
/Users/anna.nardi/Library/CloudStorage/OneDrive-Raccoltecondivise-DuckyNetworkS.r.l/E-Commerce - FOTO PRODOTTO 2019_2022_2023_2024_2025/DISCHI/W-FLO/WH7006L.jpg,WH7006L,41160524,OK,"{
    ""image_id"": ""6a635018e39ee15c663065a2"",
    ""thumbnail"": ""https:\/\/cdn.storeden.net\/secache\/6a635018e39ee15c663065a2"",
    ""original"": ""https:\/\/egress.storeden.net\/gallery\/6a635018e39ee15c663065a2""
}"
/Users/anna.nardi/Library/CloudStorage/OneDrive-Raccoltecondivise-DuckyNetworkS.r.l/E-Commerce - FOTO PRODOTTO 2019_2022_2023_2024_2025/DISCHI/W-FLO/WH7006R.jpg,WH7006R,41160525,OK,"{
    ""image_id"": ""6a635022e39ee10067306518"",
    ""thumbnail"": ""https:\/\/cdn.storeden.net\/secache\/6a635022e39ee10067306518"",
    ""original"": ""https:\/\/egress.storeden.net\/gallery\/6a635022e39ee10067306518""
}"
/Users/anna.nardi/Library/CloudStorage/OneDrive-Raccoltecondivise-DuckyNetworkS.r.l/E-Commerce - FOTO PRODOTTO 2019_2022_2023_2024_2025/DISCHI/W-FLO/WH8101L.jpg,WH8101L,41160526,OK,"{
    ""image_id"": ""6a635029e39ee1046730651a"",
    ""thumbnail"": ""https:\/\/cdn.storeden.net\/secache\/6a635029e39ee1046730651a"",
    ""original"": ""https:\/\/egress.storeden.net\/gallery\/6a635029e39ee1046730651a""
}"
/Users/anna.nardi/Library/CloudStorage/OneDrive-Raccoltecondivise-DuckyNetworkS.r.l/E-Commerce - FOTO PRODOTTO 2019_2022_2023_2024_2025/DISCHI/W-FLO/WH8101R.jpg,WH8101R,41160527,OK,"{
    ""image_id"": ""6a635031e39ee1986630652a"",
    ""thumbnail"": ""https:\/\/cdn.storeden.net\/secache\/6a635031e39ee1986630652a"",
    ""original"": ""https:\/\/egress.storeden.net\/gallery\/6a635031e39ee1986630652a""
}"
/Users/anna.nardi/Library/CloudStorage/OneDrive-Raccoltecondivise-DuckyNetworkS.r.l/E-Commerce - FOTO PRODOTTO 2019_2022_2023_2024_2025/DISCHI/W-FLO/WH8102.jpg,WH8102,41160528,OK,"{
    ""image_id"": ""6a63503be39ee10867306518"",
    ""thumbnail"": ""https:\/\/cdn.storeden.net\/secache\/6a63503be39ee10867306518"",
    ""original"": ""https:\/\/egress.storeden.net\/gallery\/6a63503be39ee10867306518""
}"
/Users/anna.nardi/Library/CloudStorage/OneDrive-Raccoltecondivise-DuckyNetworkS.r.l/E-Commerce - FOTO PRODOTTO 2019_2022_2023_2024_2025/DISCHI/W-FLO/WH8501.jpg,WH8501,41160529,OK,"{
    ""image_id"": ""6a635043e39ee1e9643065f0"",
    ""thumbnail"": ""https:\/\/cdn.storeden.net\/secache\/6a635043e39ee1e9643065f0"",
    ""original"": ""https:\/\/egress.storeden.net\/gallery\/6a635043e39ee1e9643065f0""
}"
/Users/anna.nardi/Library/CloudStorage/OneDrive-Raccoltecondivise-DuckyNetworkS.r.l/E-Commerce - FOTO PRODOTTO 2019_2022_2023_2024_2025/DISCHI/SK2/WK001L.jpg,WK001L,41160530,OK,"{
    ""image_id"": ""6a63504ce39ee10467306538"",
    ""thumbnail"": ""https:\/\/cdn.storeden.net\/secache\/6a63504ce39ee10467306538"",
    ""original"": ""https:\/\/egress.storeden.net\/gallery\/6a63504ce39ee10467306538""
}"
/Users/anna.nardi/Library/CloudStorage/OneDrive-Raccoltecondivise-DuckyNetworkS.r.l/E-Commerce - FOTO PRODOTTO 2019_2022_2023_2024_2025/DISCHI/SK2/WK001R.jpg,WK001R,41160531,OK,"{
    ""image_id"": ""6a635055be7ea064576461cd"",
    ""thumbnail"": ""https:\/\/cdn.storeden.net\/secache\/6a635055be7ea064576461cd"",
    ""original"": ""https:\/\/egress.storeden.net\/gallery\/6a635055be7ea064576461cd""
}"
/Users/anna.nardi/Library/CloudStorage/OneDrive-Raccoltecondivise-DuckyNetworkS.r.l/E-Commerce - FOTO PRODOTTO 2019_2022_2023_2024_2025/DISCHI/SK2/WK004L.jpg,WK004L,41160532,OK,"{
    ""image_id"": ""6a635060e39ee19866306553"",
    ""thumbnail"": ""https:\/\/cdn.storeden.net\/secache\/6a635060e39ee19866306553"",
    ""original"": ""https:\/\/egress.storeden.net\/gallery\/6a635060e39ee19866306553""
}"
/Users/anna.nardi/Library/CloudStorage/OneDrive-Raccoltecondivise-DuckyNetworkS.r.l/E-Commerce - FOTO PRODOTTO 2019_2022_2023_2024_2025/DISCHI/SK2/WK004R.jpg,WK004R,41160533,OK,"{
    ""image_id"": ""6a635066e39ee10b6730653b"",
    ""thumbnail"": ""https:\/\/cdn.storeden.net\/secache\/6a635066e39ee10b6730653b"",
    ""original"": ""https:\/\/egress.storeden.net\/gallery\/6a635066e39ee10b6730653b""
}"
/Users/anna.nardi/Library/CloudStorage/OneDrive-Raccoltecondivise-DuckyNetworkS.r.l/E-Commerce - FOTO PRODOTTO 2019_2022_2023_2024_2025/DISCHI/SK2/WK005L.jpg,WK005L,41160534,OK,"{
    ""image_id"": ""6a63506de39ee1006730653f"",
    ""thumbnail"": ""https:\/\/cdn.storeden.net\/secache\/6a63506de39ee1006730653f"",
    ""original"": ""https:\/\/egress.storeden.net\/gallery\/6a63506de39ee1006730653f""
}"
/Users/anna.nardi/Library/CloudStorage/OneDrive-Raccoltecondivise-DuckyNetworkS.r.l/E-Commerce - FOTO PRODOTTO 2019_2022_2023_2024_2025/DISCHI/SK2/WK005R.jpg,WK005R,41160535,OK,"{
    ""image_id"": ""6a635077e39ee10867306543"",
    ""thumbnail"": ""https:\/\/cdn.storeden.net\/secache\/6a635077e39ee10867306543"",
    ""original"": ""https:\/\/egress.storeden.net\/gallery\/6a635077e39ee10867306543""
}"
/Users/anna.nardi/Library/CloudStorage/OneDrive-Raccoltecondivise-DuckyNetworkS.r.l/E-Commerce - FOTO PRODOTTO 2019_2022_2023_2024_2025/DISCHI/SK2/WK006L.jpg,WK006L,41160536,OK,"{
    ""image_id"": ""6a635081e39ee15667306514"",
    ""thumbnail"": ""https:\/\/cdn.storeden.net\/secache\/6a635081e39ee15667306514"",
    ""original"": ""https:\/\/egress.storeden.net\/gallery\/6a635081e39ee15667306514""
}"
/Users/anna.nardi/Library/CloudStorage/OneDrive-Raccoltecondivise-DuckyNetworkS.r.l/E-Commerce - FOTO PRODOTTO 2019_2022_2023_2024_2025/DISCHI/SK2/WK006R.jpg,WK006R,41160537,OK,"{
    ""image_id"": ""6a63508be39ee12567306534"",
    ""thumbnail"": ""https:\/\/cdn.storeden.net\/secache\/6a63508be39ee12567306534"",
    ""original"": ""https:\/\/egress.storeden.net\/gallery\/6a63508be39ee12567306534""
}"
/Users/anna.nardi/Library/CloudStorage/OneDrive-Raccoltecondivise-DuckyNetworkS.r.l/E-Commerce - FOTO PRODOTTO 2019_2022_2023_2024_2025/DISCHI/SK2/WK008L.jpg,WK008L,41160538,OK,"{
    ""image_id"": ""6a635094be7ea05a576461c9"",
    ""thumbnail"": ""https:\/\/cdn.storeden.net\/secache\/6a635094be7ea05a576461c9"",
    ""original"": ""https:\/\/egress.storeden.net\/gallery\/6a635094be7ea05a576461c9""
}"
/Users/anna.nardi/Library/CloudStorage/OneDrive-Raccoltecondivise-DuckyNetworkS.r.l/E-Commerce - FOTO PRODOTTO 2019_2022_2023_2024_2025/DISCHI/SK2/WK008R.jpg,WK008R,41160539,OK,"{
    ""image_id"": ""6a6350a0e39ee1086730658c"",
    ""thumbnail"": ""https:\/\/cdn.storeden.net\/secache\/6a6350a0e39ee1086730658c"",
    ""original"": ""https:\/\/egress.storeden.net\/gallery\/6a6350a0e39ee1086730658c""
}"
/Users/anna.nardi/Library/CloudStorage/OneDrive-Raccoltecondivise-DuckyNetworkS.r.l/E-Commerce - FOTO PRODOTTO 2019_2022_2023_2024_2025/DISCHI/SK2/WK009L.jpg,WK009L,41160540,OK,"{
    ""image_id"": ""6a6350a9e39ee1086730659e"",
    ""thumbnail"": ""https:\/\/cdn.storeden.net\/secache\/6a6350a9e39ee1086730659e"",
    ""original"": ""https:\/\/egress.storeden.net\/gallery\/6a6350a9e39ee1086730659e""
}"
/Users/anna.nardi/Library/CloudStorage/OneDrive-Raccoltecondivise-DuckyNetworkS.r.l/E-Commerce - FOTO PRODOTTO 2019_2022_2023_2024_2025/DISCHI/SK2/WK009R.jpg,WK009R,41160541,OK,"{
    ""image_id"": ""6a6350b1e39ee10067306561"",
    ""thumbnail"": ""https:\/\/cdn.storeden.net\/secache\/6a6350b1e39ee10067306561"",
    ""original"": ""https:\/\/egress.storeden.net\/gallery\/6a6350b1e39ee10067306561""
}"
/Users/anna.nardi/Library/CloudStorage/OneDrive-Raccoltecondivise-DuckyNetworkS.r.l/E-Commerce - FOTO PRODOTTO 2019_2022_2023_2024_2025/DISCHI/SK2/WK010L.jpg,WK010L,41160542,OK,"{
    ""image_id"": ""6a6350bce39ee19966306558"",
    ""thumbnail"": ""https:\/\/cdn.storeden.net\/secache\/6a6350bce39ee19966306558"",
    ""original"": ""https:\/\/egress.storeden.net\/gallery\/6a6350bce39ee19966306558""
}"
/Users/anna.nardi/Library/CloudStorage/OneDrive-Raccoltecondivise-DuckyNetworkS.r.l/E-Commerce - FOTO PRODOTTO 2019_2022_2023_2024_2025/DISCHI/SK2/WK010R.jpg,WK010R,41160543,OK,"{
    ""image_id"": ""6a6350c7be7ea0e44464622e"",
    ""thumbnail"": ""https:\/\/cdn.storeden.net\/secache\/6a6350c7be7ea0e44464622e"",
    ""original"": ""https:\/\/egress.storeden.net\/gallery\/6a6350c7be7ea0e44464622e""
}"
/Users/anna.nardi/Library/CloudStorage/OneDrive-Raccoltecondivise-DuckyNetworkS.r.l/E-Commerce - FOTO PRODOTTO 2019_2022_2023_2024_2025/DISCHI/SK2/WK012L.jpg,WK012L,41160544,OK,"{
    ""image_id"": ""6a6350d5e39ee111663065b3"",
    ""thumbnail"": ""https:\/\/cdn.storeden.net\/secache\/6a6350d5e39ee111663065b3"",
    ""original"": ""https:\/\/egress.storeden.net\/gallery\/6a6350d5e39ee111663065b3""
}"
/Users/anna.nardi/Library/CloudStorage/OneDrive-Raccoltecondivise-DuckyNetworkS.r.l/E-Commerce - FOTO PRODOTTO 2019_2022_2023_2024_2025/DISCHI/SK2/WK012R.jpg,WK012R,41160545,OK,"{
    ""image_id"": ""6a6350dfe39ee10b67306554"",
    ""thumbnail"": ""https:\/\/cdn.storeden.net\/secache\/6a6350dfe39ee10b67306554"",
    ""original"": ""https:\/\/egress.storeden.net\/gallery\/6a6350dfe39ee10b67306554""
}"
/Users/anna.nardi/Library/CloudStorage/OneDrive-Raccoltecondivise-DuckyNetworkS.r.l/E-Commerce - FOTO PRODOTTO 2019_2022_2023_2024_2025/DISCHI/SK2/WK015L.jpg,WK015L,41160546,OK,"{
    ""image_id"": ""6a6350ebe39ee1776730652a"",
    ""thumbnail"": ""https:\/\/cdn.storeden.net\/secache\/6a6350ebe39ee1776730652a"",
    ""original"": ""https:\/\/egress.storeden.net\/gallery\/6a6350ebe39ee1776730652a""
}"
/Users/anna.nardi/Library/CloudStorage/OneDrive-Raccoltecondivise-DuckyNetworkS.r.l/E-Commerce - FOTO PRODOTTO 2019_2022_2023_2024_2025/DISCHI/SK2/WK015R.jpg,WK015R,41160547,OK,"{
    ""image_id"": ""6a6350f8e39ee15c6630661a"",
    ""thumbnail"": ""https:\/\/cdn.storeden.net\/secache\/6a6350f8e39ee15c6630661a"",
    ""original"": ""https:\/\/egress.storeden.net\/gallery\/6a6350f8e39ee15c6630661a""
}"
/Users/anna.nardi/Library/CloudStorage/OneDrive-Raccoltecondivise-DuckyNetworkS.r.l/E-Commerce - FOTO PRODOTTO 2019_2022_2023_2024_2025/DISCHI/SK2/WK020L.jpg,WK020L,41160548,OK,"{
    ""image_id"": ""6a635106e39ee111663065ce"",
    ""thumbnail"": ""https:\/\/cdn.storeden.net\/secache\/6a635106e39ee111663065ce"",
    ""original"": ""https:\/\/egress.storeden.net\/gallery\/6a635106e39ee111663065ce""
}"
/Users/anna.nardi/Library/CloudStorage/OneDrive-Raccoltecondivise-DuckyNetworkS.r.l/E-Commerce - FOTO PRODOTTO 2019_2022_2023_2024_2025/DISCHI/SK2/WK020R.jpg,WK020R,41160549,OK,"{
    ""image_id"": ""6a635112e39ee108673065c7"",
    ""thumbnail"": ""https:\/\/cdn.storeden.net\/secache\/6a635112e39ee108673065c7"",
    ""original"": ""https:\/\/egress.storeden.net\/gallery\/6a635112e39ee108673065c7""
}"
/Users/anna.nardi/Library/CloudStorage/OneDrive-Raccoltecondivise-DuckyNetworkS.r.l/E-Commerce - FOTO PRODOTTO 2019_2022_2023_2024_2025/DISCHI/SK2/WK021L.jpg,WK021L,41160550,OK,"{
    ""image_id"": ""6a63511ee39ee1006730659b"",
    ""thumbnail"": ""https:\/\/cdn.storeden.net\/secache\/6a63511ee39ee1006730659b"",
    ""original"": ""https:\/\/egress.storeden.net\/gallery\/6a63511ee39ee1006730659b""
}"
/Users/anna.nardi/Library/CloudStorage/OneDrive-Raccoltecondivise-DuckyNetworkS.r.l/E-Commerce - FOTO PRODOTTO 2019_2022_2023_2024_2025/DISCHI/SK2/WK021R.jpg,WK021R,41160551,OK,"{
    ""image_id"": ""6a63512be39ee1946730651c"",
    ""thumbnail"": ""https:\/\/cdn.storeden.net\/secache\/6a63512be39ee1946730651c"",
    ""original"": ""https:\/\/egress.storeden.net\/gallery\/6a63512be39ee1946730651c""
}"
/Users/anna.nardi/Library/CloudStorage/OneDrive-Raccoltecondivise-DuckyNetworkS.r.l/E-Commerce - FOTO PRODOTTO 2019_2022_2023_2024_2025/DISCHI/SK2/WK029L.jpg,WK029L,41160552,OK,"{
    ""image_id"": ""6a635137e39ee100673065ae"",
    ""thumbnail"": ""https:\/\/cdn.storeden.net\/secache\/6a635137e39ee100673065ae"",
    ""original"": ""https:\/\/egress.storeden.net\/gallery\/6a635137e39ee100673065ae""
}"
/Users/anna.nardi/Library/CloudStorage/OneDrive-Raccoltecondivise-DuckyNetworkS.r.l/E-Commerce - FOTO PRODOTTO 2019_2022_2023_2024_2025/DISCHI/SK2/WK029R.jpg,WK029R,41160553,OK,"{
    ""image_id"": ""6a635142be7ea07b536461d6"",
    ""thumbnail"": ""https:\/\/cdn.storeden.net\/secache\/6a635142be7ea07b536461d6"",
    ""original"": ""https:\/\/egress.storeden.net\/gallery\/6a635142be7ea07b536461d6""
}"
/Users/anna.nardi/Library/CloudStorage/OneDrive-Raccoltecondivise-DuckyNetworkS.r.l/E-Commerce - FOTO PRODOTTO 2019_2022_2023_2024_2025/DISCHI/SK2/WK030L.jpg,WK030L,41160554,OK,"{
    ""image_id"": ""6a635150e39ee1c167306516"",
    ""thumbnail"": ""https:\/\/cdn.storeden.net\/secache\/6a635150e39ee1c167306516"",
    ""original"": ""https:\/\/egress.storeden.net\/gallery\/6a635150e39ee1c167306516""
}"
/Users/anna.nardi/Library/CloudStorage/OneDrive-Raccoltecondivise-DuckyNetworkS.r.l/E-Commerce - FOTO PRODOTTO 2019_2022_2023_2024_2025/DISCHI/SK2/WK030R.jpg,WK030R,41232137,OK,"{
    ""image_id"": ""6a63515be39ee1bd67306518"",
    ""thumbnail"": ""https:\/\/cdn.storeden.net\/secache\/6a63515be39ee1bd67306518"",
    ""original"": ""https:\/\/egress.storeden.net\/gallery\/6a63515be39ee1bd67306518""
}"
/Users/anna.nardi/Library/CloudStorage/OneDrive-Raccoltecondivise-DuckyNetworkS.r.l/E-Commerce - FOTO PRODOTTO 2019_2022_2023_2024_2025/DISCHI/SK2/WK033L.jpg,WK033L,41160555,OK,"{
    ""image_id"": ""6a635167be7ea03b576461db"",
    ""thumbnail"": ""https:\/\/cdn.storeden.net\/secache\/6a635167be7ea03b576461db"",
    ""original"": ""https:\/\/egress.storeden.net\/gallery\/6a635167be7ea03b576461db""
}"
/Users/anna.nardi/Library/CloudStorage/OneDrive-Raccoltecondivise-DuckyNetworkS.r.l/E-Commerce - FOTO PRODOTTO 2019_2022_2023_2024_2025/DISCHI/SK2/WK033R.jpg,WK033R,41160556,OK,"{
    ""image_id"": ""6a635173e39ee1206730656a"",
    ""thumbnail"": ""https:\/\/cdn.storeden.net\/secache\/6a635173e39ee1206730656a"",
    ""original"": ""https:\/\/egress.storeden.net\/gallery\/6a635173e39ee1206730656a""
}"
/Users/anna.nardi/Library/CloudStorage/OneDrive-Raccoltecondivise-DuckyNetworkS.r.l/E-Commerce - FOTO PRODOTTO 2019_2022_2023_2024_2025/DISCHI/SK2/WK036L.jpg,WK036L,41160557,OK,"{
    ""image_id"": ""6a63517be39ee15c66306640"",
    ""thumbnail"": ""https:\/\/cdn.storeden.net\/secache\/6a63517be39ee15c66306640"",
    ""original"": ""https:\/\/egress.storeden.net\/gallery\/6a63517be39ee15c66306640""
}"
/Users/anna.nardi/Library/CloudStorage/OneDrive-Raccoltecondivise-DuckyNetworkS.r.l/E-Commerce - FOTO PRODOTTO 2019_2022_2023_2024_2025/DISCHI/SK2/WK036R.jpg,WK036R,41160558,OK,"{
    ""image_id"": ""6a635184be7ea0865f6461bd"",
    ""thumbnail"": ""https:\/\/cdn.storeden.net\/secache\/6a635184be7ea0865f6461bd"",
    ""original"": ""https:\/\/egress.storeden.net\/gallery\/6a635184be7ea0865f6461bd""
}"
/Users/anna.nardi/Library/CloudStorage/OneDrive-Raccoltecondivise-DuckyNetworkS.r.l/E-Commerce - FOTO PRODOTTO 2019_2022_2023_2024_2025/DISCHI/SK2/WK038L.jpg,WK038L,41160559,OK,"{
    ""image_id"": ""6a63518be39ee100673065c7"",
    ""thumbnail"": ""https:\/\/cdn.storeden.net\/secache\/6a63518be39ee100673065c7"",
    ""original"": ""https:\/\/egress.storeden.net\/gallery\/6a63518be39ee100673065c7""
}"
/Users/anna.nardi/Library/CloudStorage/OneDrive-Raccoltecondivise-DuckyNetworkS.r.l/E-Commerce - FOTO PRODOTTO 2019_2022_2023_2024_2025/DISCHI/SK2/WK038R.jpg,WK038R,41160560,OK,"{
    ""image_id"": ""6a635196be7ea0a75f6461b9"",
    ""thumbnail"": ""https:\/\/cdn.storeden.net\/secache\/6a635196be7ea0a75f6461b9"",
    ""original"": ""https:\/\/egress.storeden.net\/gallery\/6a635196be7ea0a75f6461b9""
}"
/Users/anna.nardi/Library/CloudStorage/OneDrive-Raccoltecondivise-DuckyNetworkS.r.l/E-Commerce - FOTO PRODOTTO 2019_2022_2023_2024_2025/DISCHI/SK2/WK039L.jpg,WK039L,41160561,OK,"{
    ""image_id"": ""6a6351a4e39ee1c167306530"",
    ""thumbnail"": ""https:\/\/cdn.storeden.net\/secache\/6a6351a4e39ee1c167306530"",
    ""original"": ""https:\/\/egress.storeden.net\/gallery\/6a6351a4e39ee1c167306530""
}"
/Users/anna.nardi/Library/CloudStorage/OneDrive-Raccoltecondivise-DuckyNetworkS.r.l/E-Commerce - FOTO PRODOTTO 2019_2022_2023_2024_2025/DISCHI/SK2/WK039R.jpg,WK039R,41160562,OK,"{
    ""image_id"": ""6a6351b1e39ee1bd67306536"",
    ""thumbnail"": ""https:\/\/cdn.storeden.net\/secache\/6a6351b1e39ee1bd67306536"",
    ""original"": ""https:\/\/egress.storeden.net\/gallery\/6a6351b1e39ee1bd67306536""
}"
/Users/anna.nardi/Library/CloudStorage/OneDrive-Raccoltecondivise-DuckyNetworkS.r.l/E-Commerce - FOTO PRODOTTO 2019_2022_2023_2024_2025/DISCHI/SK2/WK040L.jpg,WK040L,41160563,OK,"{
    ""image_id"": ""6a6351bae39ee1f76730651d"",
    ""thumbnail"": ""https:\/\/cdn.storeden.net\/secache\/6a6351bae39ee1f76730651d"",
    ""original"": ""https:\/\/egress.storeden.net\/gallery\/6a6351bae39ee1f76730651d""
}"
/Users/anna.nardi/Library/CloudStorage/OneDrive-Raccoltecondivise-DuckyNetworkS.r.l/E-Commerce - FOTO PRODOTTO 2019_2022_2023_2024_2025/DISCHI/SK2/WK040R.jpg,WK040R,41160564,OK,"{
    ""image_id"": ""6a6351c3e39ee1bd6730654a"",
    ""thumbnail"": ""https:\/\/cdn.storeden.net\/secache\/6a6351c3e39ee1bd6730654a"",
    ""original"": ""https:\/\/egress.storeden.net\/gallery\/6a6351c3e39ee1bd6730654a""
}"
/Users/anna.nardi/Library/CloudStorage/OneDrive-Raccoltecondivise-DuckyNetworkS.r.l/E-Commerce - FOTO PRODOTTO 2019_2022_2023_2024_2025/DISCHI/SK2/WK041L.jpg,WK041L,41160565,OK,"{
    ""image_id"": ""6a6351cfe39ee1c167306546"",
    ""thumbnail"": ""https:\/\/cdn.storeden.net\/secache\/6a6351cfe39ee1c167306546"",
    ""original"": ""https:\/\/egress.storeden.net\/gallery\/6a6351cfe39ee1c167306546""
}"
/Users/anna.nardi/Library/CloudStorage/OneDrive-Raccoltecondivise-DuckyNetworkS.r.l/E-Commerce - FOTO PRODOTTO 2019_2022_2023_2024_2025/DISCHI/SK2/WK041R.jpg,WK041R,41160566,OK,"{
    ""image_id"": ""6a6351dce39ee12067306587"",
    ""thumbnail"": ""https:\/\/cdn.storeden.net\/secache\/6a6351dce39ee12067306587"",
    ""original"": ""https:\/\/egress.storeden.net\/gallery\/6a6351dce39ee12067306587""
}"
/Users/anna.nardi/Library/CloudStorage/OneDrive-Raccoltecondivise-DuckyNetworkS.r.l/E-Commerce - FOTO PRODOTTO 2019_2022_2023_2024_2025/DISCHI/SK2/WK042R.jpg,WK042R,41160567,OK,"{
    ""image_id"": ""6a6351e5e39ee1bc6730653b"",
    ""thumbnail"": ""https:\/\/cdn.storeden.net\/secache\/6a6351e5e39ee1bc6730653b"",
    ""original"": ""https:\/\/egress.storeden.net\/gallery\/6a6351e5e39ee1bc6730653b""
}"
/Users/anna.nardi/Library/CloudStorage/OneDrive-Raccoltecondivise-DuckyNetworkS.r.l/E-Commerce - FOTO PRODOTTO 2019_2022_2023_2024_2025/DISCHI/SK2/WK043L.jpg,WK043L,41160568,OK,"{
    ""image_id"": ""6a6351efe39ee15c6630668b"",
    ""thumbnail"": ""https:\/\/cdn.storeden.net\/secache\/6a6351efe39ee15c6630668b"",
    ""original"": ""https:\/\/egress.storeden.net\/gallery\/6a6351efe39ee15c6630668b""
}"
/Users/anna.nardi/Library/CloudStorage/OneDrive-Raccoltecondivise-DuckyNetworkS.r.l/E-Commerce - FOTO PRODOTTO 2019_2022_2023_2024_2025/DISCHI/SK2/WK043R.jpg,WK043R,41160569,OK,"{
    ""image_id"": ""6a6351f8be7ea0895f6461be"",
    ""thumbnail"": ""https:\/\/cdn.storeden.net\/secache\/6a6351f8be7ea0895f6461be"",
    ""original"": ""https:\/\/egress.storeden.net\/gallery\/6a6351f8be7ea0895f6461be""
}"
/Users/anna.nardi/Library/CloudStorage/OneDrive-Raccoltecondivise-DuckyNetworkS.r.l/E-Commerce - FOTO PRODOTTO 2019_2022_2023_2024_2025/DISCHI/SK2/WK046L.jpg,WK046L,41160570,OK,"{
    ""image_id"": ""6a635200e39ee1f767306539"",
    ""thumbnail"": ""https:\/\/cdn.storeden.net\/secache\/6a635200e39ee1f767306539"",
    ""original"": ""https:\/\/egress.storeden.net\/gallery\/6a635200e39ee1f767306539""
}"
/Users/anna.nardi/Library/CloudStorage/OneDrive-Raccoltecondivise-DuckyNetworkS.r.l/E-Commerce - FOTO PRODOTTO 2019_2022_2023_2024_2025/DISCHI/SK2/WK046R.jpg,WK046R,41160571,OK,"{
    ""image_id"": ""6a635207e39ee1116630660e"",
    ""thumbnail"": ""https:\/\/cdn.storeden.net\/secache\/6a635207e39ee1116630660e"",
    ""original"": ""https:\/\/egress.storeden.net\/gallery\/6a635207e39ee1116630660e""
}"
/Users/anna.nardi/Library/CloudStorage/OneDrive-Raccoltecondivise-DuckyNetworkS.r.l/E-Commerce - FOTO PRODOTTO 2019_2022_2023_2024_2025/DISCHI/SK2/WK047L.jpg,WK047L,41160572,OK,"{
    ""image_id"": ""6a63520ee39ee15c6630669f"",
    ""thumbnail"": ""https:\/\/cdn.storeden.net\/secache\/6a63520ee39ee15c6630669f"",
    ""original"": ""https:\/\/egress.storeden.net\/gallery\/6a63520ee39ee15c6630669f""
}"
/Users/anna.nardi/Library/CloudStorage/OneDrive-Raccoltecondivise-DuckyNetworkS.r.l/E-Commerce - FOTO PRODOTTO 2019_2022_2023_2024_2025/DISCHI/SK2/WK047R.jpg,WK047R,41160573,OK,"{
    ""image_id"": ""6a635219e39ee1f867306539"",
    ""thumbnail"": ""https:\/\/cdn.storeden.net\/secache\/6a635219e39ee1f867306539"",
    ""original"": ""https:\/\/egress.storeden.net\/gallery\/6a635219e39ee1f867306539""
}"
/Users/anna.nardi/Library/CloudStorage/OneDrive-Raccoltecondivise-DuckyNetworkS.r.l/E-Commerce - FOTO PRODOTTO 2019_2022_2023_2024_2025/DISCHI/SK2/WK048L.jpg,WK048L,41160574,OK,"{
    ""image_id"": ""6a635223e39ee1e964306669"",
    ""thumbnail"": ""https:\/\/cdn.storeden.net\/secache\/6a635223e39ee1e964306669"",
    ""original"": ""https:\/\/egress.storeden.net\/gallery\/6a635223e39ee1e964306669""
}"
/Users/anna.nardi/Library/CloudStorage/OneDrive-Raccoltecondivise-DuckyNetworkS.r.l/E-Commerce - FOTO PRODOTTO 2019_2022_2023_2024_2025/DISCHI/SK2/WK048R.jpg,WK048R,41160575,OK,"{
    ""image_id"": ""6a63522be39ee108673065fd"",
    ""thumbnail"": ""https:\/\/cdn.storeden.net\/secache\/6a63522be39ee108673065fd"",
    ""original"": ""https:\/\/egress.storeden.net\/gallery\/6a63522be39ee108673065fd""
}"
/Users/anna.nardi/Library/CloudStorage/OneDrive-Raccoltecondivise-DuckyNetworkS.r.l/E-Commerce - FOTO PRODOTTO 2019_2022_2023_2024_2025/DISCHI/SK2/WK050L.jpg,WK050L,41160576,OK,"{
    ""image_id"": ""6a635232e39ee1086730660e"",
    ""thumbnail"": ""https:\/\/cdn.storeden.net\/secache\/6a635232e39ee1086730660e"",
    ""original"": ""https:\/\/egress.storeden.net\/gallery\/6a635232e39ee1086730660e""
}"
/Users/anna.nardi/Library/CloudStorage/OneDrive-Raccoltecondivise-DuckyNetworkS.r.l/E-Commerce - FOTO PRODOTTO 2019_2022_2023_2024_2025/DISCHI/SK2/WK051L.jpg,WK051L,41160577,OK,"{
    ""image_id"": ""6a63523be39ee1bc6730654e"",
    ""thumbnail"": ""https:\/\/cdn.storeden.net\/secache\/6a63523be39ee1bc6730654e"",
    ""original"": ""https:\/\/egress.storeden.net\/gallery\/6a63523be39ee1bc6730654e""
}"
/Users/anna.nardi/Library/CloudStorage/OneDrive-Raccoltecondivise-DuckyNetworkS.r.l/E-Commerce - FOTO PRODOTTO 2019_2022_2023_2024_2025/DISCHI/SK2/WK054L.jpg,WK054L,41160578,OK,"{
    ""image_id"": ""6a635243e39ee15a68306515"",
    ""thumbnail"": ""https:\/\/cdn.storeden.net\/secache\/6a635243e39ee15a68306515"",
    ""original"": ""https:\/\/egress.storeden.net\/gallery\/6a635243e39ee15a68306515""
}"
/Users/anna.nardi/Library/CloudStorage/OneDrive-Raccoltecondivise-DuckyNetworkS.r.l/E-Commerce - FOTO PRODOTTO 2019_2022_2023_2024_2025/DISCHI/SK2/WK055L.jpg,WK055L,41160579,OK,"{
    ""image_id"": ""6a63524ae39ee1816730654e"",
    ""thumbnail"": ""https:\/\/cdn.storeden.net\/secache\/6a63524ae39ee1816730654e"",
    ""original"": ""https:\/\/egress.storeden.net\/gallery\/6a63524ae39ee1816730654e""
}"
/Users/anna.nardi/Library/CloudStorage/OneDrive-Raccoltecondivise-DuckyNetworkS.r.l/E-Commerce - FOTO PRODOTTO 2019_2022_2023_2024_2025/DISCHI/SK2/WK059L.jpg,WK059L,41160580,OK,"{
    ""image_id"": ""6a635252e39ee120673065aa"",
    ""thumbnail"": ""https:\/\/cdn.storeden.net\/secache\/6a635252e39ee120673065aa"",
    ""original"": ""https:\/\/egress.storeden.net\/gallery\/6a635252e39ee120673065aa""
}"
/Users/anna.nardi/Library/CloudStorage/OneDrive-Raccoltecondivise-DuckyNetworkS.r.l/E-Commerce - FOTO PRODOTTO 2019_2022_2023_2024_2025/DISCHI/SK2/WK062L.jpg,WK062L,41160581,OK,"{
    ""image_id"": ""6a63525ce39ee1be67306539"",
    ""thumbnail"": ""https:\/\/cdn.storeden.net\/secache\/6a63525ce39ee1be67306539"",
    ""original"": ""https:\/\/egress.storeden.net\/gallery\/6a63525ce39ee1be67306539""
}"
/Users/anna.nardi/Library/CloudStorage/OneDrive-Raccoltecondivise-DuckyNetworkS.r.l/E-Commerce - FOTO PRODOTTO 2019_2022_2023_2024_2025/DISCHI/SK2/WK062R.jpg,WK062R,41160582,OK,"{
    ""image_id"": ""6a635266e39ee120673065ba"",
    ""thumbnail"": ""https:\/\/cdn.storeden.net\/secache\/6a635266e39ee120673065ba"",
    ""original"": ""https:\/\/egress.storeden.net\/gallery\/6a635266e39ee120673065ba""
}"
/Users/anna.nardi/Library/CloudStorage/OneDrive-Raccoltecondivise-DuckyNetworkS.r.l/E-Commerce - FOTO PRODOTTO 2019_2022_2023_2024_2025/DISCHI/SK2/WK066L.jpg,WK066L,41160583,OK,"{
    ""image_id"": ""6a63526fe39ee11e6830656d"",
    ""thumbnail"": ""https:\/\/cdn.storeden.net\/secache\/6a63526fe39ee11e6830656d"",
    ""original"": ""https:\/\/egress.storeden.net\/gallery\/6a63526fe39ee11e6830656d""
}"
/Users/anna.nardi/Library/CloudStorage/OneDrive-Raccoltecondivise-DuckyNetworkS.r.l/E-Commerce - FOTO PRODOTTO 2019_2022_2023_2024_2025/DISCHI/SK2/WK066R.jpg,WK066R,41160584,OK,"{
    ""image_id"": ""6a635278e39ee1f76730666a"",
    ""thumbnail"": ""https:\/\/cdn.storeden.net\/secache\/6a635278e39ee1f76730666a"",
    ""original"": ""https:\/\/egress.storeden.net\/gallery\/6a635278e39ee1f76730666a""
}"
/Users/anna.nardi/Library/CloudStorage/OneDrive-Raccoltecondivise-DuckyNetworkS.r.l/E-Commerce - FOTO PRODOTTO 2019_2022_2023_2024_2025/DISCHI/SK2/WK066L.jpg,WK066L,41160583,OK,"{
    ""image_id"": ""6a63526fe39ee11e6830656d"",
    ""thumbnail"": ""https:\/\/cdn.storeden.net\/secache\/6a63526fe39ee11e6830656d"",
    ""original"": ""https:\/\/egress.storeden.net\/gallery\/6a63526fe39ee11e6830656d""
}"
/Users/anna.nardi/Library/CloudStorage/OneDrive-Raccoltecondivise-DuckyNetworkS.r.l/E-Commerce - FOTO PRODOTTO 2019_2022_2023_2024_2025/DISCHI/SK2/WK066R.jpg,WK066R,41160584,OK,"{
    ""image_id"": ""6a635278e39ee1f76730666a"",
    ""thumbnail"": ""https:\/\/cdn.storeden.net\/secache\/6a635278e39ee1f76730666a"",
    ""original"": ""https:\/\/egress.storeden.net\/gallery\/6a635278e39ee1f76730666a""
}"
/Users/anna.nardi/Library/CloudStorage/OneDrive-Raccoltecondivise-DuckyNetworkS.r.l/E-Commerce - FOTO PRODOTTO 2019_2022_2023_2024_2025/DISCHI/SK2/WK067L.jpg,WK067L,41160585,OK,"{
    ""image_id"": ""6a63527de39ee11e6830657f"",
    ""thumbnail"": ""https:\/\/cdn.storeden.net\/secache\/6a63527de39ee11e6830657f"",
    ""original"": ""https:\/\/egress.storeden.net\/gallery\/6a63527de39ee11e6830657f""
}"
/Users/anna.nardi/Library/CloudStorage/OneDrive-Raccoltecondivise-DuckyNetworkS.r.l/E-Commerce - FOTO PRODOTTO 2019_2022_2023_2024_2025/DISCHI/SK2/WK067R.jpg,WK067R,41160586,OK,"{
    ""image_id"": ""6a635350e39ee15a68306543"",
    ""thumbnail"": ""https:\/\/cdn.storeden.net\/secache\/6a635350e39ee15a68306543"",
    ""original"": ""https:\/\/egress.storeden.net\/gallery\/6a635350e39ee15a68306543""
}"
/Users/anna.nardi/Library/CloudStorage/OneDrive-Raccoltecondivise-DuckyNetworkS.r.l/E-Commerce - FOTO PRODOTTO 2019_2022_2023_2024_2025/DISCHI/SK2/WK068L.jpg,WK068L,41160587,OK,"{
    ""image_id"": ""6a635358e39ee15a68306554"",
    ""thumbnail"": ""https:\/\/cdn.storeden.net\/secache\/6a635358e39ee15a68306554"",
    ""original"": ""https:\/\/egress.storeden.net\/gallery\/6a635358e39ee15a68306554""
}"
/Users/anna.nardi/Library/CloudStorage/OneDrive-Raccoltecondivise-DuckyNetworkS.r.l/E-Commerce - FOTO PRODOTTO 2019_2022_2023_2024_2025/DISCHI/SK2/WK068R.jpg,WK068R,41160588,OK,"{
    ""image_id"": ""6a63535ee39ee1da6830651d"",
    ""thumbnail"": ""https:\/\/cdn.storeden.net\/secache\/6a63535ee39ee1da6830651d"",
    ""original"": ""https:\/\/egress.storeden.net\/gallery\/6a63535ee39ee1da6830651d""
}"
/Users/anna.nardi/Library/CloudStorage/OneDrive-Raccoltecondivise-DuckyNetworkS.r.l/E-Commerce - FOTO PRODOTTO 2019_2022_2023_2024_2025/DISCHI/SK2/WK069L.jpg,WK069L,41160589,OK,"{
    ""image_id"": ""6a635365e39ee1dd6830652a"",
    ""thumbnail"": ""https:\/\/cdn.storeden.net\/secache\/6a635365e39ee1dd6830652a"",
    ""original"": ""https:\/\/egress.storeden.net\/gallery\/6a635365e39ee1dd6830652a""
}"
/Users/anna.nardi/Library/CloudStorage/OneDrive-Raccoltecondivise-DuckyNetworkS.r.l/E-Commerce - FOTO PRODOTTO 2019_2022_2023_2024_2025/DISCHI/SK2/WK069R.jpg,WK069R,41160590,OK,"{
    ""image_id"": ""6a635370e39ee1316930651a"",
    ""thumbnail"": ""https:\/\/cdn.storeden.net\/secache\/6a635370e39ee1316930651a"",
    ""original"": ""https:\/\/egress.storeden.net\/gallery\/6a635370e39ee1316930651a""
}"
/Users/anna.nardi/Library/CloudStorage/OneDrive-Raccoltecondivise-DuckyNetworkS.r.l/E-Commerce - FOTO PRODOTTO 2019_2022_2023_2024_2025/DISCHI/SK2/WK070L.jpg,WK070L,41160591,OK,"{
    ""image_id"": ""6a63537de39ee1ed68306535"",
    ""thumbnail"": ""https:\/\/cdn.storeden.net\/secache\/6a63537de39ee1ed68306535"",
    ""original"": ""https:\/\/egress.storeden.net\/gallery\/6a63537de39ee1ed68306535""
}"
/Users/anna.nardi/Library/CloudStorage/OneDrive-Raccoltecondivise-DuckyNetworkS.r.l/E-Commerce - FOTO PRODOTTO 2019_2022_2023_2024_2025/DISCHI/SK2/WK070R.jpg,WK070R,41160592,OK,"{
    ""image_id"": ""6a635386be7ea02e686461be"",
    ""thumbnail"": ""https:\/\/cdn.storeden.net\/secache\/6a635386be7ea02e686461be"",
    ""original"": ""https:\/\/egress.storeden.net\/gallery\/6a635386be7ea02e686461be""
}"
/Users/anna.nardi/Library/CloudStorage/OneDrive-Raccoltecondivise-DuckyNetworkS.r.l/E-Commerce - FOTO PRODOTTO 2019_2022_2023_2024_2025/DISCHI/SK2/WK071L.jpg,WK071L,41160593,OK,"{
    ""image_id"": ""6a635391e39ee1ed68306546"",
    ""thumbnail"": ""https:\/\/cdn.storeden.net\/secache\/6a635391e39ee1ed68306546"",
    ""original"": ""https:\/\/egress.storeden.net\/gallery\/6a635391e39ee1ed68306546""
}"
/Users/anna.nardi/Library/CloudStorage/OneDrive-Raccoltecondivise-DuckyNetworkS.r.l/E-Commerce - FOTO PRODOTTO 2019_2022_2023_2024_2025/DISCHI/SK2/WK071R.jpg,WK071R,41160594,OK,"{
    ""image_id"": ""6a635397e39ee16469306515"",
    ""thumbnail"": ""https:\/\/cdn.storeden.net\/secache\/6a635397e39ee16469306515"",
    ""original"": ""https:\/\/egress.storeden.net\/gallery\/6a635397e39ee16469306515""
}"
/Users/anna.nardi/Library/CloudStorage/OneDrive-Raccoltecondivise-DuckyNetworkS.r.l/E-Commerce - FOTO PRODOTTO 2019_2022_2023_2024_2025/DISCHI/SK2/WK073L.jpg,WK073L,41160595,OK,"{
    ""image_id"": ""6a63539ce39ee13169306546"",
    ""thumbnail"": ""https:\/\/cdn.storeden.net\/secache\/6a63539ce39ee13169306546"",
    ""original"": ""https:\/\/egress.storeden.net\/gallery\/6a63539ce39ee13169306546""
}"
/Users/anna.nardi/Library/CloudStorage/OneDrive-Raccoltecondivise-DuckyNetworkS.r.l/E-Commerce - FOTO PRODOTTO 2019_2022_2023_2024_2025/DISCHI/SK2/WK073R.jpg,WK073R,41160596,OK,"{
    ""image_id"": ""6a6353a1e39ee16a69306514"",
    ""thumbnail"": ""https:\/\/cdn.storeden.net\/secache\/6a6353a1e39ee16a69306514"",
    ""original"": ""https:\/\/egress.storeden.net\/gallery\/6a6353a1e39ee16a69306514""
}"
/Users/anna.nardi/Library/CloudStorage/OneDrive-Raccoltecondivise-DuckyNetworkS.r.l/E-Commerce - FOTO PRODOTTO 2019_2022_2023_2024_2025/DISCHI/SK2/WK074L.jpg,WK074L,41160597,OK,"{
    ""image_id"": ""6a6353a9be7ea0fa4a646287"",
    ""thumbnail"": ""https:\/\/cdn.storeden.net\/secache\/6a6353a9be7ea0fa4a646287"",
    ""original"": ""https:\/\/egress.storeden.net\/gallery\/6a6353a9be7ea0fa4a646287""
}"
/Users/anna.nardi/Library/CloudStorage/OneDrive-Raccoltecondivise-DuckyNetworkS.r.l/E-Commerce - FOTO PRODOTTO 2019_2022_2023_2024_2025/DISCHI/SK2/WK076L.jpg,WK076L,41160598,OK,"{
    ""image_id"": ""6a6353b6e39ee16f69306514"",
    ""thumbnail"": ""https:\/\/cdn.storeden.net\/secache\/6a6353b6e39ee16f69306514"",
    ""original"": ""https:\/\/egress.storeden.net\/gallery\/6a6353b6e39ee16f69306514""
}"
/Users/anna.nardi/Library/CloudStorage/OneDrive-Raccoltecondivise-DuckyNetworkS.r.l/E-Commerce - FOTO PRODOTTO 2019_2022_2023_2024_2025/DISCHI/SK2/WK076R.jpg,WK076R,41160599,OK,"{
    ""image_id"": ""6a6353bfe39ee1f168306524"",
    ""thumbnail"": ""https:\/\/cdn.storeden.net\/secache\/6a6353bfe39ee1f168306524"",
    ""original"": ""https:\/\/egress.storeden.net\/gallery\/6a6353bfe39ee1f168306524""
}"
/Users/anna.nardi/Library/CloudStorage/OneDrive-Raccoltecondivise-DuckyNetworkS.r.l/E-Commerce - FOTO PRODOTTO 2019_2022_2023_2024_2025/DISCHI/SK2/WK077L.jpg,WK077L,41160600,OK,"{
    ""image_id"": ""6a6353c7e39ee15d68306564"",
    ""thumbnail"": ""https:\/\/cdn.storeden.net\/secache\/6a6353c7e39ee15d68306564"",
    ""original"": ""https:\/\/egress.storeden.net\/gallery\/6a6353c7e39ee15d68306564""
}"
/Users/anna.nardi/Library/CloudStorage/OneDrive-Raccoltecondivise-DuckyNetworkS.r.l/E-Commerce - FOTO PRODOTTO 2019_2022_2023_2024_2025/DISCHI/SK2/WK078L.jpg,WK078L,41160601,OK,"{
    ""image_id"": ""6a6353d1be7ea0ae5764630d"",
    ""thumbnail"": ""https:\/\/cdn.storeden.net\/secache\/6a6353d1be7ea0ae5764630d"",
    ""original"": ""https:\/\/egress.storeden.net\/gallery\/6a6353d1be7ea0ae5764630d""
}"
/Users/anna.nardi/Library/CloudStorage/OneDrive-Raccoltecondivise-DuckyNetworkS.r.l/E-Commerce - FOTO PRODOTTO 2019_2022_2023_2024_2025/DISCHI/SK2/WK078R.jpg,WK078R,41160602,OK,"{
    ""image_id"": ""6a6353dbbe7ea0d84a64624f"",
    ""thumbnail"": ""https:\/\/cdn.storeden.net\/secache\/6a6353dbbe7ea0d84a64624f"",
    ""original"": ""https:\/\/egress.storeden.net\/gallery\/6a6353dbbe7ea0d84a64624f""
}"
/Users/anna.nardi/Library/CloudStorage/OneDrive-Raccoltecondivise-DuckyNetworkS.r.l/E-Commerce - FOTO PRODOTTO 2019_2022_2023_2024_2025/DISCHI/SK2/WK079L.jpg,WK079L,41160603,OK,"{
    ""image_id"": ""6a6353e6be7ea0e94f64620c"",
    ""thumbnail"": ""https:\/\/cdn.storeden.net\/secache\/6a6353e6be7ea0e94f64620c"",
    ""original"": ""https:\/\/egress.storeden.net\/gallery\/6a6353e6be7ea0e94f64620c""
}"
/Users/anna.nardi/Library/CloudStorage/OneDrive-Raccoltecondivise-DuckyNetworkS.r.l/E-Commerce - FOTO PRODOTTO 2019_2022_2023_2024_2025/DISCHI/SK2/WK083L.jpg,WK083L,41160604,OK,"{
    ""image_id"": ""6a6353ede39ee17469306527"",
    ""thumbnail"": ""https:\/\/cdn.storeden.net\/secache\/6a6353ede39ee17469306527"",
    ""original"": ""https:\/\/egress.storeden.net\/gallery\/6a6353ede39ee17469306527""
}"
/Users/anna.nardi/Library/CloudStorage/OneDrive-Raccoltecondivise-DuckyNetworkS.r.l/E-Commerce - FOTO PRODOTTO 2019_2022_2023_2024_2025/DISCHI/SK2/WK083R.jpg,WK083R,41160605,OK,"{
    ""image_id"": ""6a6353efe39ee1ed6830655e"",
    ""thumbnail"": ""https:\/\/cdn.storeden.net\/secache\/6a6353efe39ee1ed6830655e"",
    ""original"": ""https:\/\/egress.storeden.net\/gallery\/6a6353efe39ee1ed6830655e""
}"
/Users/anna.nardi/Library/CloudStorage/OneDrive-Raccoltecondivise-DuckyNetworkS.r.l/E-Commerce - FOTO PRODOTTO 2019_2022_2023_2024_2025/DISCHI/SK2/WK086L.jpg,WK086L,41160606,OK,"{
    ""image_id"": ""6a6353f5e39ee1746930652d"",
    ""thumbnail"": ""https:\/\/cdn.storeden.net\/secache\/6a6353f5e39ee1746930652d"",
    ""original"": ""https:\/\/egress.storeden.net\/gallery\/6a6353f5e39ee1746930652d""
}"
/Users/anna.nardi/Library/CloudStorage/OneDrive-Raccoltecondivise-DuckyNetworkS.r.l/E-Commerce - FOTO PRODOTTO 2019_2022_2023_2024_2025/DISCHI/SK2/WK087L.jpg,WK087L,41160607,OK,"{
    ""image_id"": ""6a6353fcbe7ea0eb4f646240"",
    ""thumbnail"": ""https:\/\/cdn.storeden.net\/secache\/6a6353fcbe7ea0eb4f646240"",
    ""original"": ""https:\/\/egress.storeden.net\/gallery\/6a6353fcbe7ea0eb4f646240""
}"
/Users/anna.nardi/Library/CloudStorage/OneDrive-Raccoltecondivise-DuckyNetworkS.r.l/E-Commerce - FOTO PRODOTTO 2019_2022_2023_2024_2025/DISCHI/SK2/WK089L.jpg,WK089L,41160608,OK,"{
    ""image_id"": ""6a635406be7ea0494e646251"",
    ""thumbnail"": ""https:\/\/cdn.storeden.net\/secache\/6a635406be7ea0494e646251"",
    ""original"": ""https:\/\/egress.storeden.net\/gallery\/6a635406be7ea0494e646251""
}"
/Users/anna.nardi/Library/CloudStorage/OneDrive-Raccoltecondivise-DuckyNetworkS.r.l/E-Commerce - FOTO PRODOTTO 2019_2022_2023_2024_2025/DISCHI/SK2/WK089R.jpg,WK089R,41160609,OK,"{
    ""image_id"": ""6a635411e39ee17869306519"",
    ""thumbnail"": ""https:\/\/cdn.storeden.net\/secache\/6a635411e39ee17869306519"",
    ""original"": ""https:\/\/egress.storeden.net\/gallery\/6a635411e39ee17869306519""
}"
/Users/anna.nardi/Library/CloudStorage/OneDrive-Raccoltecondivise-DuckyNetworkS.r.l/E-Commerce - FOTO PRODOTTO 2019_2022_2023_2024_2025/DISCHI/SK2/WK090L.jpg,WK090L,41160610,OK,"{
    ""image_id"": ""6a635415e39ee18b69306514"",
    ""thumbnail"": ""https:\/\/cdn.storeden.net\/secache\/6a635415e39ee18b69306514"",
    ""original"": ""https:\/\/egress.storeden.net\/gallery\/6a635415e39ee18b69306514""
}"
/Users/anna.nardi/Library/CloudStorage/OneDrive-Raccoltecondivise-DuckyNetworkS.r.l/E-Commerce - FOTO PRODOTTO 2019_2022_2023_2024_2025/DISCHI/SK2/WK090R.jpg,WK090R,41160611,OK,"{
    ""image_id"": ""6a63541ebe7ea02b4964621c"",
    ""thumbnail"": ""https:\/\/cdn.storeden.net\/secache\/6a63541ebe7ea02b4964621c"",
    ""original"": ""https:\/\/egress.storeden.net\/gallery\/6a63541ebe7ea02b4964621c""
}"
/Users/anna.nardi/Library/CloudStorage/OneDrive-Raccoltecondivise-DuckyNetworkS.r.l/E-Commerce - FOTO PRODOTTO 2019_2022_2023_2024_2025/DISCHI/SK2/WK092L.jpg,WK092L,41160612,OK,"{
    ""image_id"": ""6a63542ae39ee1796930651a"",
    ""thumbnail"": ""https:\/\/cdn.storeden.net\/secache\/6a63542ae39ee1796930651a"",
    ""original"": ""https:\/\/egress.storeden.net\/gallery\/6a63542ae39ee1796930651a""
}"
/Users/anna.nardi/Library/CloudStorage/OneDrive-Raccoltecondivise-DuckyNetworkS.r.l/E-Commerce - FOTO PRODOTTO 2019_2022_2023_2024_2025/DISCHI/SK2/WK092R.jpg,WK092R,41160613,OK,"{
    ""image_id"": ""6a635432e39ee15a6830658d"",
    ""thumbnail"": ""https:\/\/cdn.storeden.net\/secache\/6a635432e39ee15a6830658d"",
    ""original"": ""https:\/\/egress.storeden.net\/gallery\/6a635432e39ee15a6830658d""
}"
/Users/anna.nardi/Library/CloudStorage/OneDrive-Raccoltecondivise-DuckyNetworkS.r.l/E-Commerce - FOTO PRODOTTO 2019_2022_2023_2024_2025/DISCHI/SK2/WK093L.jpg,WK093L,41160614,OK,"{
    ""image_id"": ""6a635438e39ee17269306521"",
    ""thumbnail"": ""https:\/\/cdn.storeden.net\/secache\/6a635438e39ee17269306521"",
    ""original"": ""https:\/\/egress.storeden.net\/gallery\/6a635438e39ee17269306521""
}"
/Users/anna.nardi/Library/CloudStorage/OneDrive-Raccoltecondivise-DuckyNetworkS.r.l/E-Commerce - FOTO PRODOTTO 2019_2022_2023_2024_2025/DISCHI/SK2/WK093R.jpg,WK093R,41160615,OK,"{
    ""image_id"": ""6a63543ebe7ea02b686461c5"",
    ""thumbnail"": ""https:\/\/cdn.storeden.net\/secache\/6a63543ebe7ea02b686461c5"",
    ""original"": ""https:\/\/egress.storeden.net\/gallery\/6a63543ebe7ea02b686461c5""
}"
/Users/anna.nardi/Library/CloudStorage/OneDrive-Raccoltecondivise-DuckyNetworkS.r.l/E-Commerce - FOTO PRODOTTO 2019_2022_2023_2024_2025/DISCHI/SK2/WK094L.jpg,WK094L,41160616,OK,"{
    ""image_id"": ""6a635446e39ee17469306547"",
    ""thumbnail"": ""https:\/\/cdn.storeden.net\/secache\/6a635446e39ee17469306547"",
    ""original"": ""https:\/\/egress.storeden.net\/gallery\/6a635446e39ee17469306547""
}"
/Users/anna.nardi/Library/CloudStorage/OneDrive-Raccoltecondivise-DuckyNetworkS.r.l/E-Commerce - FOTO PRODOTTO 2019_2022_2023_2024_2025/DISCHI/SK2/WK094R.jpg,WK094R,41160617,OK,"{
    ""image_id"": ""6a63544de39ee17b69306518"",
    ""thumbnail"": ""https:\/\/cdn.storeden.net\/secache\/6a63544de39ee17b69306518"",
    ""original"": ""https:\/\/egress.storeden.net\/gallery\/6a63544de39ee17b69306518""
}"
/Users/anna.nardi/Library/CloudStorage/OneDrive-Raccoltecondivise-DuckyNetworkS.r.l/E-Commerce - FOTO PRODOTTO 2019_2022_2023_2024_2025/DISCHI/SK2/WK095L.jpg,WK095L,41160618,OK,"{
    ""image_id"": ""6a635454e39ee17b69306529"",
    ""thumbnail"": ""https:\/\/cdn.storeden.net\/secache\/6a635454e39ee17b69306529"",
    ""original"": ""https:\/\/egress.storeden.net\/gallery\/6a635454e39ee17b69306529""
}"
/Users/anna.nardi/Library/CloudStorage/OneDrive-Raccoltecondivise-DuckyNetworkS.r.l/E-Commerce - FOTO PRODOTTO 2019_2022_2023_2024_2025/DISCHI/SK2/WK095R.jpg,WK095R,41160619,OK,"{
    ""image_id"": ""6a635459e39ee19469306514"",
    ""thumbnail"": ""https:\/\/cdn.storeden.net\/secache\/6a635459e39ee19469306514"",
    ""original"": ""https:\/\/egress.storeden.net\/gallery\/6a635459e39ee19469306514""
}"
/Users/anna.nardi/Library/CloudStorage/OneDrive-Raccoltecondivise-DuckyNetworkS.r.l/E-Commerce - FOTO PRODOTTO 2019_2022_2023_2024_2025/DISCHI/SK2/WK096L.jpg,WK096L,41160620,OK,"{
    ""image_id"": ""6a635461e39ee17b6930653b"",
    ""thumbnail"": ""https:\/\/cdn.storeden.net\/secache\/6a635461e39ee17b6930653b"",
    ""original"": ""https:\/\/egress.storeden.net\/gallery\/6a635461e39ee17b6930653b""
}"
/Users/anna.nardi/Library/CloudStorage/OneDrive-Raccoltecondivise-DuckyNetworkS.r.l/E-Commerce - FOTO PRODOTTO 2019_2022_2023_2024_2025/DISCHI/SK2/WK096R.jpg,WK096R,41160621,OK,"{
    ""image_id"": ""6a635467e39ee1796930652d"",
    ""thumbnail"": ""https:\/\/cdn.storeden.net\/secache\/6a635467e39ee1796930652d"",
    ""original"": ""https:\/\/egress.storeden.net\/gallery\/6a635467e39ee1796930652d""
}"
/Users/anna.nardi/Library/CloudStorage/OneDrive-Raccoltecondivise-DuckyNetworkS.r.l/E-Commerce - FOTO PRODOTTO 2019_2022_2023_2024_2025/DISCHI/SK2/WK097L.jpg,WK097L,41160622,OK,"{
    ""image_id"": ""6a63546ee39ee1796930653e"",
    ""thumbnail"": ""https:\/\/cdn.storeden.net\/secache\/6a63546ee39ee1796930653e"",
    ""original"": ""https:\/\/egress.storeden.net\/gallery\/6a63546ee39ee1796930653e""
}"
/Users/anna.nardi/Library/CloudStorage/OneDrive-Raccoltecondivise-DuckyNetworkS.r.l/E-Commerce - FOTO PRODOTTO 2019_2022_2023_2024_2025/DISCHI/SK2/WK097R.jpg,WK097R,41160623,OK,"{
    ""image_id"": ""6a635474e39ee19669306514"",
    ""thumbnail"": ""https:\/\/cdn.storeden.net\/secache\/6a635474e39ee19669306514"",
    ""original"": ""https:\/\/egress.storeden.net\/gallery\/6a635474e39ee19669306514""
}"
/Users/anna.nardi/Library/CloudStorage/OneDrive-Raccoltecondivise-DuckyNetworkS.r.l/E-Commerce - FOTO PRODOTTO 2019_2022_2023_2024_2025/DISCHI/SK2/WK098L.jpg,WK098L,41160624,OK,"{
    ""image_id"": ""6a63547fe39ee15d68306595"",
    ""thumbnail"": ""https:\/\/cdn.storeden.net\/secache\/6a63547fe39ee15d68306595"",
    ""original"": ""https:\/\/egress.storeden.net\/gallery\/6a63547fe39ee15d68306595""
}"
/Users/anna.nardi/Library/CloudStorage/OneDrive-Raccoltecondivise-DuckyNetworkS.r.l/E-Commerce - FOTO PRODOTTO 2019_2022_2023_2024_2025/DISCHI/SK2/WK098R.jpg,WK098R,41160625,OK,"{
    ""image_id"": ""6a63548abe7ea0875f6461d0"",
    ""thumbnail"": ""https:\/\/cdn.storeden.net\/secache\/6a63548abe7ea0875f6461d0"",
    ""original"": ""https:\/\/egress.storeden.net\/gallery\/6a63548abe7ea0875f6461d0""
}"
/Users/anna.nardi/Library/CloudStorage/OneDrive-Raccoltecondivise-DuckyNetworkS.r.l/E-Commerce - FOTO PRODOTTO 2019_2022_2023_2024_2025/DISCHI/SK2/WK101L.jpg,WK101L,41160626,OK,"{
    ""image_id"": ""6a635498e39ee19669306526"",
    ""thumbnail"": ""https:\/\/cdn.storeden.net\/secache\/6a635498e39ee19669306526"",
    ""original"": ""https:\/\/egress.storeden.net\/gallery\/6a635498e39ee19669306526""
}"
/Users/anna.nardi/Library/CloudStorage/OneDrive-Raccoltecondivise-DuckyNetworkS.r.l/E-Commerce - FOTO PRODOTTO 2019_2022_2023_2024_2025/DISCHI/SK2/WK101R.jpg,WK101R,41160627,OK,"{
    ""image_id"": ""6a63549fe39ee10e6a306514"",
    ""thumbnail"": ""https:\/\/cdn.storeden.net\/secache\/6a63549fe39ee10e6a306514"",
    ""original"": ""https:\/\/egress.storeden.net\/gallery\/6a63549fe39ee10e6a306514""
}"
/Users/anna.nardi/Library/CloudStorage/OneDrive-Raccoltecondivise-DuckyNetworkS.r.l/E-Commerce - FOTO PRODOTTO 2019_2022_2023_2024_2025/DISCHI/SK2/WK102L.jpg,WK102L,41160628,OK,"{
    ""image_id"": ""6a6354a6e39ee1a669306522"",
    ""thumbnail"": ""https:\/\/cdn.storeden.net\/secache\/6a6354a6e39ee1a669306522"",
    ""original"": ""https:\/\/egress.storeden.net\/gallery\/6a6354a6e39ee1a669306522""
}"
/Users/anna.nardi/Library/CloudStorage/OneDrive-Raccoltecondivise-DuckyNetworkS.r.l/E-Commerce - FOTO PRODOTTO 2019_2022_2023_2024_2025/DISCHI/SK2/WK102R.jpg,WK102R,41160629,OK,"{
    ""image_id"": ""6a6354aee39ee181673065b1"",
    ""thumbnail"": ""https:\/\/cdn.storeden.net\/secache\/6a6354aee39ee181673065b1"",
    ""original"": ""https:\/\/egress.storeden.net\/gallery\/6a6354aee39ee181673065b1""
}"
/Users/anna.nardi/Library/CloudStorage/OneDrive-Raccoltecondivise-DuckyNetworkS.r.l/E-Commerce - FOTO PRODOTTO 2019_2022_2023_2024_2025/DISCHI/SK2/WK103R.jpg,WK103R,41160630,OK,"{
    ""image_id"": ""6a6354b5e39ee1386a30651c"",
    ""thumbnail"": ""https:\/\/cdn.storeden.net\/secache\/6a6354b5e39ee1386a30651c"",
    ""original"": ""https:\/\/egress.storeden.net\/gallery\/6a6354b5e39ee1386a30651c""
}"
/Users/anna.nardi/Library/CloudStorage/OneDrive-Raccoltecondivise-DuckyNetworkS.r.l/E-Commerce - FOTO PRODOTTO 2019_2022_2023_2024_2025/DISCHI/SK2/WK104L.jpg,WK104L,41160631,OK,"{
    ""image_id"": ""6a6354bce39ee13b6a306514"",
    ""thumbnail"": ""https:\/\/cdn.storeden.net\/secache\/6a6354bce39ee13b6a306514"",
    ""original"": ""https:\/\/egress.storeden.net\/gallery\/6a6354bce39ee13b6a306514""
}"
/Users/anna.nardi/Library/CloudStorage/OneDrive-Raccoltecondivise-DuckyNetworkS.r.l/E-Commerce - FOTO PRODOTTO 2019_2022_2023_2024_2025/DISCHI/SK2/WK104R.jpg,WK104R,41160632,OK,"{
    ""image_id"": ""6a6354c7e39ee13e6a306514"",
    ""thumbnail"": ""https:\/\/cdn.storeden.net\/secache\/6a6354c7e39ee13e6a306514"",
    ""original"": ""https:\/\/egress.storeden.net\/gallery\/6a6354c7e39ee13e6a306514""
}"
/Users/anna.nardi/Library/CloudStorage/OneDrive-Raccoltecondivise-DuckyNetworkS.r.l/E-Commerce - FOTO PRODOTTO 2019_2022_2023_2024_2025/DISCHI/SK2/WK105L.jpg,WK105L,41160633,OK,"{
    ""image_id"": ""6a6354d2be7ea06557646204"",
    ""thumbnail"": ""https:\/\/cdn.storeden.net\/secache\/6a6354d2be7ea06557646204"",
    ""original"": ""https:\/\/egress.storeden.net\/gallery\/6a6354d2be7ea06557646204""
}"
/Users/anna.nardi/Library/CloudStorage/OneDrive-Raccoltecondivise-DuckyNetworkS.r.l/E-Commerce - FOTO PRODOTTO 2019_2022_2023_2024_2025/DISCHI/SK2/WK105R.jpg,WK105R,41160634,OK,"{
    ""image_id"": ""6a6354dfe39ee17469306560"",
    ""thumbnail"": ""https:\/\/cdn.storeden.net\/secache\/6a6354dfe39ee17469306560"",
    ""original"": ""https:\/\/egress.storeden.net\/gallery\/6a6354dfe39ee17469306560""
}"
/Users/anna.nardi/Library/CloudStorage/OneDrive-Raccoltecondivise-DuckyNetworkS.r.l/E-Commerce - FOTO PRODOTTO 2019_2022_2023_2024_2025/DISCHI/SK2/WK106L.jpg,WK106L,41160635,OK,"{
    ""image_id"": ""6a6354eae39ee13b6a306526"",
    ""thumbnail"": ""https:\/\/cdn.storeden.net\/secache\/6a6354eae39ee13b6a306526"",
    ""original"": ""https:\/\/egress.storeden.net\/gallery\/6a6354eae39ee13b6a306526""
}"
/Users/anna.nardi/Library/CloudStorage/OneDrive-Raccoltecondivise-DuckyNetworkS.r.l/E-Commerce - FOTO PRODOTTO 2019_2022_2023_2024_2025/DISCHI/SK2/WK106R.jpg,WK106R,41160636,OK,"{
    ""image_id"": ""6a6354f0e39ee17469306572"",
    ""thumbnail"": ""https:\/\/cdn.storeden.net\/secache\/6a6354f0e39ee17469306572"",
    ""original"": ""https:\/\/egress.storeden.net\/gallery\/6a6354f0e39ee17469306572""
}"
/Users/anna.nardi/Library/CloudStorage/OneDrive-Raccoltecondivise-DuckyNetworkS.r.l/E-Commerce - FOTO PRODOTTO 2019_2022_2023_2024_2025/DISCHI/SK2/WK107R.jpg,WK107R,41160637,OK,"{
    ""image_id"": ""6a6354f6e39ee18869306555"",
    ""thumbnail"": ""https:\/\/cdn.storeden.net\/secache\/6a6354f6e39ee18869306555"",
    ""original"": ""https:\/\/egress.storeden.net\/gallery\/6a6354f6e39ee18869306555""
}"
/Users/anna.nardi/Library/CloudStorage/OneDrive-Raccoltecondivise-DuckyNetworkS.r.l/E-Commerce - FOTO PRODOTTO 2019_2022_2023_2024_2025/DISCHI/SK2/WK108L.jpg,WK108L,41160638,OK,"{
    ""image_id"": ""6a6354fce39ee13e6a306526"",
    ""thumbnail"": ""https:\/\/cdn.storeden.net\/secache\/6a6354fce39ee13e6a306526"",
    ""original"": ""https:\/\/egress.storeden.net\/gallery\/6a6354fce39ee13e6a306526""
}"
/Users/anna.nardi/Library/CloudStorage/OneDrive-Raccoltecondivise-DuckyNetworkS.r.l/E-Commerce - FOTO PRODOTTO 2019_2022_2023_2024_2025/DISCHI/SK2/WK108R.jpg,WK108R,41160639,OK,"{
    ""image_id"": ""6a635503e39ee10e6a30652e"",
    ""thumbnail"": ""https:\/\/cdn.storeden.net\/secache\/6a635503e39ee10e6a30652e"",
    ""original"": ""https:\/\/egress.storeden.net\/gallery\/6a635503e39ee10e6a30652e""
}"
/Users/anna.nardi/Library/CloudStorage/OneDrive-Raccoltecondivise-DuckyNetworkS.r.l/E-Commerce - FOTO PRODOTTO 2019_2022_2023_2024_2025/DISCHI/SK2/WK109L.jpg,WK109L,41160640,OK,"{
    ""image_id"": ""6a63550ae39ee18b6930655d"",
    ""thumbnail"": ""https:\/\/cdn.storeden.net\/secache\/6a63550ae39ee18b6930655d"",
    ""original"": ""https:\/\/egress.storeden.net\/gallery\/6a63550ae39ee18b6930655d""
}"
/Users/anna.nardi/Library/CloudStorage/OneDrive-Raccoltecondivise-DuckyNetworkS.r.l/E-Commerce - FOTO PRODOTTO 2019_2022_2023_2024_2025/DISCHI/SK2/WK109R.jpg,WK109R,41160641,OK,"{
    ""image_id"": ""6a63550fe39ee13e6a306536"",
    ""thumbnail"": ""https:\/\/cdn.storeden.net\/secache\/6a63550fe39ee13e6a306536"",
    ""original"": ""https:\/\/egress.storeden.net\/gallery\/6a63550fe39ee13e6a306536""
}"
/Users/anna.nardi/Library/CloudStorage/OneDrive-Raccoltecondivise-DuckyNetworkS.r.l/E-Commerce - FOTO PRODOTTO 2019_2022_2023_2024_2025/DISCHI/SK2/WK110L.jpg,WK110L,41160642,OK,"{
    ""image_id"": ""6a635516e39ee12f6a30651c"",
    ""thumbnail"": ""https:\/\/cdn.storeden.net\/secache\/6a635516e39ee12f6a30651c"",
    ""original"": ""https:\/\/egress.storeden.net\/gallery\/6a635516e39ee12f6a30651c""
}"
/Users/anna.nardi/Library/CloudStorage/OneDrive-Raccoltecondivise-DuckyNetworkS.r.l/E-Commerce - FOTO PRODOTTO 2019_2022_2023_2024_2025/DISCHI/SK2/WK110R.jpg,WK110R,41160643,OK,"{
    ""image_id"": ""6a63551ee39ee13e6a306544"",
    ""thumbnail"": ""https:\/\/cdn.storeden.net\/secache\/6a63551ee39ee13e6a306544"",
    ""original"": ""https:\/\/egress.storeden.net\/gallery\/6a63551ee39ee13e6a306544""
}"
/Users/anna.nardi/Library/CloudStorage/OneDrive-Raccoltecondivise-DuckyNetworkS.r.l/E-Commerce - FOTO PRODOTTO 2019_2022_2023_2024_2025/DISCHI/SK2/WK111L.jpg,WK111L,41160644,OK,"{
    ""image_id"": ""6a635528e39ee1676a306514"",
    ""thumbnail"": ""https:\/\/cdn.storeden.net\/secache\/6a635528e39ee1676a306514"",
    ""original"": ""https:\/\/egress.storeden.net\/gallery\/6a635528e39ee1676a306514""
}"
/Users/anna.nardi/Library/CloudStorage/OneDrive-Raccoltecondivise-DuckyNetworkS.r.l/E-Commerce - FOTO PRODOTTO 2019_2022_2023_2024_2025/DISCHI/SK2/WK111R.jpg,WK111R,41160645,OK,"{
    ""image_id"": ""6a635531e39ee18b69306579"",
    ""thumbnail"": ""https:\/\/cdn.storeden.net\/secache\/6a635531e39ee18b69306579"",
    ""original"": ""https:\/\/egress.storeden.net\/gallery\/6a635531e39ee18b69306579""
}"
/Users/anna.nardi/Library/CloudStorage/OneDrive-Raccoltecondivise-DuckyNetworkS.r.l/E-Commerce - FOTO PRODOTTO 2019_2022_2023_2024_2025/DISCHI/SK2/WK112L.jpg,WK112L,41160646,OK,"{
    ""image_id"": ""6a63553be39ee1676a306525"",
    ""thumbnail"": ""https:\/\/cdn.storeden.net\/secache\/6a63553be39ee1676a306525"",
    ""original"": ""https:\/\/egress.storeden.net\/gallery\/6a63553be39ee1676a306525""
}"
/Users/anna.nardi/Library/CloudStorage/OneDrive-Raccoltecondivise-DuckyNetworkS.r.l/E-Commerce - FOTO PRODOTTO 2019_2022_2023_2024_2025/DISCHI/SK2/WK112R.jpg,WK112R,41160647,OK,"{
    ""image_id"": ""6a635543e39ee16f6a306514"",
    ""thumbnail"": ""https:\/\/cdn.storeden.net\/secache\/6a635543e39ee16f6a306514"",
    ""original"": ""https:\/\/egress.storeden.net\/gallery\/6a635543e39ee16f6a306514""
}"
/Users/anna.nardi/Library/CloudStorage/OneDrive-Raccoltecondivise-DuckyNetworkS.r.l/E-Commerce - FOTO PRODOTTO 2019_2022_2023_2024_2025/DISCHI/SK2/WK113L.jpg,WK113L,41160648,OK,"{
    ""image_id"": ""6a63554be39ee12f6a30652f"",
    ""thumbnail"": ""https:\/\/cdn.storeden.net\/secache\/6a63554be39ee12f6a30652f"",
    ""original"": ""https:\/\/egress.storeden.net\/gallery\/6a63554be39ee12f6a30652f""
}"
/Users/anna.nardi/Library/CloudStorage/OneDrive-Raccoltecondivise-DuckyNetworkS.r.l/E-Commerce - FOTO PRODOTTO 2019_2022_2023_2024_2025/DISCHI/SK2/WK113R.jpg,WK113R,41160649,OK,"{
    ""image_id"": ""6a635552e39ee18b6a306514"",
    ""thumbnail"": ""https:\/\/cdn.storeden.net\/secache\/6a635552e39ee18b6a306514"",
    ""original"": ""https:\/\/egress.storeden.net\/gallery\/6a635552e39ee18b6a306514""
}"
/Users/anna.nardi/Library/CloudStorage/OneDrive-Raccoltecondivise-DuckyNetworkS.r.l/E-Commerce - FOTO PRODOTTO 2019_2022_2023_2024_2025/DISCHI/SK2/WK114L.jpg,WK114L,41160650,OK,"{
    ""image_id"": ""6a63555ce39ee13e6a306557"",
    ""thumbnail"": ""https:\/\/cdn.storeden.net\/secache\/6a63555ce39ee13e6a306557"",
    ""original"": ""https:\/\/egress.storeden.net\/gallery\/6a63555ce39ee13e6a306557""
}"
/Users/anna.nardi/Library/CloudStorage/OneDrive-Raccoltecondivise-DuckyNetworkS.r.l/E-Commerce - FOTO PRODOTTO 2019_2022_2023_2024_2025/DISCHI/SK2/WK114R.jpg,WK114R,41160651,OK,"{
    ""image_id"": ""6a635565e39ee1916a306514"",
    ""thumbnail"": ""https:\/\/cdn.storeden.net\/secache\/6a635565e39ee1916a306514"",
    ""original"": ""https:\/\/egress.storeden.net\/gallery\/6a635565e39ee1916a306514""
}"
/Users/anna.nardi/Library/CloudStorage/OneDrive-Raccoltecondivise-DuckyNetworkS.r.l/E-Commerce - FOTO PRODOTTO 2019_2022_2023_2024_2025/DISCHI/SK2/WK115L.jpg,WK115L,41160652,OK,"{
    ""image_id"": ""6a63556ee39ee13e6a30656c"",
    ""thumbnail"": ""https:\/\/cdn.storeden.net\/secache\/6a63556ee39ee13e6a30656c"",
    ""original"": ""https:\/\/egress.storeden.net\/gallery\/6a63556ee39ee13e6a30656c""
}"
/Users/anna.nardi/Library/CloudStorage/OneDrive-Raccoltecondivise-DuckyNetworkS.r.l/E-Commerce - FOTO PRODOTTO 2019_2022_2023_2024_2025/DISCHI/SK2/WK117L.jpg,WK117L,41160653,OK,"{
    ""image_id"": ""6a635576e39ee1596a30652c"",
    ""thumbnail"": ""https:\/\/cdn.storeden.net\/secache\/6a635576e39ee1596a30652c"",
    ""original"": ""https:\/\/egress.storeden.net\/gallery\/6a635576e39ee1596a30652c""
}"
/Users/anna.nardi/Library/CloudStorage/OneDrive-Raccoltecondivise-DuckyNetworkS.r.l/E-Commerce - FOTO PRODOTTO 2019_2022_2023_2024_2025/DISCHI/SK2/WK117R.jpg,WK117R,41160654,OK,"{
    ""image_id"": ""6a63557be39ee18b6930658c"",
    ""thumbnail"": ""https:\/\/cdn.storeden.net\/secache\/6a63557be39ee18b6930658c"",
    ""original"": ""https:\/\/egress.storeden.net\/gallery\/6a63557be39ee18b6930658c""
}"
/Users/anna.nardi/Library/CloudStorage/OneDrive-Raccoltecondivise-DuckyNetworkS.r.l/E-Commerce - FOTO PRODOTTO 2019_2022_2023_2024_2025/DISCHI/SK2/WK118L.jpg,WK118L,41160655,OK,"{
    ""image_id"": ""6a635581be7ea0f14c646235"",
    ""thumbnail"": ""https:\/\/cdn.storeden.net\/secache\/6a635581be7ea0f14c646235"",
    ""original"": ""https:\/\/egress.storeden.net\/gallery\/6a635581be7ea0f14c646235""
}"
/Users/anna.nardi/Library/CloudStorage/OneDrive-Raccoltecondivise-DuckyNetworkS.r.l/E-Commerce - FOTO PRODOTTO 2019_2022_2023_2024_2025/DISCHI/SK2/WK118R.jpg,WK118R,41160656,OK,"{
    ""image_id"": ""6a635589be7ea01d45646329"",
    ""thumbnail"": ""https:\/\/cdn.storeden.net\/secache\/6a635589be7ea01d45646329"",
    ""original"": ""https:\/\/egress.storeden.net\/gallery\/6a635589be7ea01d45646329""
}"
/Users/anna.nardi/Library/CloudStorage/OneDrive-Raccoltecondivise-DuckyNetworkS.r.l/E-Commerce - FOTO PRODOTTO 2019_2022_2023_2024_2025/DISCHI/SK2/WK120L.jpg,WK120L,41160657,OK,"{
    ""image_id"": ""6a635592e39ee19c6a306514"",
    ""thumbnail"": ""https:\/\/cdn.storeden.net\/secache\/6a635592e39ee19c6a306514"",
    ""original"": ""https:\/\/egress.storeden.net\/gallery\/6a635592e39ee19c6a306514""
}"
/Users/anna.nardi/Library/CloudStorage/OneDrive-Raccoltecondivise-DuckyNetworkS.r.l/E-Commerce - FOTO PRODOTTO 2019_2022_2023_2024_2025/DISCHI/SK2/WK121R.jpg,WK121R,41160658,OK,"{
    ""image_id"": ""6a635599e39ee18b6a30654d"",
    ""thumbnail"": ""https:\/\/cdn.storeden.net\/secache\/6a635599e39ee18b6a30654d"",
    ""original"": ""https:\/\/egress.storeden.net\/gallery\/6a635599e39ee18b6a30654d""
}"
/Users/anna.nardi/Library/CloudStorage/OneDrive-Raccoltecondivise-DuckyNetworkS.r.l/E-Commerce - FOTO PRODOTTO 2019_2022_2023_2024_2025/DISCHI/SK2/WK122L.jpg,WK122L,41160659,OK,"{
    ""image_id"": ""6a6355a1e39ee17469306590"",
    ""thumbnail"": ""https:\/\/cdn.storeden.net\/secache\/6a6355a1e39ee17469306590"",
    ""original"": ""https:\/\/egress.storeden.net\/gallery\/6a6355a1e39ee17469306590""
}"
/Users/anna.nardi/Library/CloudStorage/OneDrive-Raccoltecondivise-DuckyNetworkS.r.l/E-Commerce - FOTO PRODOTTO 2019_2022_2023_2024_2025/DISCHI/SK2/WK122R.jpg,WK122R,41160660,OK,"{
    ""image_id"": ""6a6355a6e39ee1996a306537"",
    ""thumbnail"": ""https:\/\/cdn.storeden.net\/secache\/6a6355a6e39ee1996a306537"",
    ""original"": ""https:\/\/egress.storeden.net\/gallery\/6a6355a6e39ee1996a306537""
}"
/Users/anna.nardi/Library/CloudStorage/OneDrive-Raccoltecondivise-DuckyNetworkS.r.l/E-Commerce - FOTO PRODOTTO 2019_2022_2023_2024_2025/DISCHI/SK2/WK123R.jpg,WK123R,41160661,OK,"{
    ""image_id"": ""6a6355aee39ee18b6a30655e"",
    ""thumbnail"": ""https:\/\/cdn.storeden.net\/secache\/6a6355aee39ee18b6a30655e"",
    ""original"": ""https:\/\/egress.storeden.net\/gallery\/6a6355aee39ee18b6a30655e""
}"
/Users/anna.nardi/Library/CloudStorage/OneDrive-Raccoltecondivise-DuckyNetworkS.r.l/E-Commerce - FOTO PRODOTTO 2019_2022_2023_2024_2025/DISCHI/SK2/WK124L.jpg,WK124L,41160662,OK,"{
    ""image_id"": ""6a6355b6be7ea0a2686461f1"",
    ""thumbnail"": ""https:\/\/cdn.storeden.net\/secache\/6a6355b6be7ea0a2686461f1"",
    ""original"": ""https:\/\/egress.storeden.net\/gallery\/6a6355b6be7ea0a2686461f1""
}"
/Users/anna.nardi/Library/CloudStorage/OneDrive-Raccoltecondivise-DuckyNetworkS.r.l/E-Commerce - FOTO PRODOTTO 2019_2022_2023_2024_2025/DISCHI/SK2/WK125L.jpg,WK125L,41160663,OK,"{
    ""image_id"": ""6a6355bee39ee1676a30662f"",
    ""thumbnail"": ""https:\/\/cdn.storeden.net\/secache\/6a6355bee39ee1676a30662f"",
    ""original"": ""https:\/\/egress.storeden.net\/gallery\/6a6355bee39ee1676a30662f""
}"
/Users/anna.nardi/Library/CloudStorage/OneDrive-Raccoltecondivise-DuckyNetworkS.r.l/E-Commerce - FOTO PRODOTTO 2019_2022_2023_2024_2025/DISCHI/SK2/WK125R.jpg,WK125R,41160664,OK,"{
    ""image_id"": ""6a6355c4e39ee1e16a306514"",
    ""thumbnail"": ""https:\/\/cdn.storeden.net\/secache\/6a6355c4e39ee1e16a306514"",
    ""original"": ""https:\/\/egress.storeden.net\/gallery\/6a6355c4e39ee1e16a306514""
}"
/Users/anna.nardi/Library/CloudStorage/OneDrive-Raccoltecondivise-DuckyNetworkS.r.l/E-Commerce - FOTO PRODOTTO 2019_2022_2023_2024_2025/DISCHI/SK2/WK128L.jpg,WK128L,41160665,OK,"{
    ""image_id"": ""6a6355cae39ee1996a306548"",
    ""thumbnail"": ""https:\/\/cdn.storeden.net\/secache\/6a6355cae39ee1996a306548"",
    ""original"": ""https:\/\/egress.storeden.net\/gallery\/6a6355cae39ee1996a306548""
}"
/Users/anna.nardi/Library/CloudStorage/OneDrive-Raccoltecondivise-DuckyNetworkS.r.l/E-Commerce - FOTO PRODOTTO 2019_2022_2023_2024_2025/DISCHI/SK2/WK129L.jpg,WK129L,41160666,OK,"{
    ""image_id"": ""6a6355d0e39ee19669306560"",
    ""thumbnail"": ""https:\/\/cdn.storeden.net\/secache\/6a6355d0e39ee19669306560"",
    ""original"": ""https:\/\/egress.storeden.net\/gallery\/6a6355d0e39ee19669306560""
}"
/Users/anna.nardi/Library/CloudStorage/OneDrive-Raccoltecondivise-DuckyNetworkS.r.l/E-Commerce - FOTO PRODOTTO 2019_2022_2023_2024_2025/DISCHI/SK2/WK130L.jpg,WK130L,41160667,OK,"{
    ""image_id"": ""6a6355d7e39ee19c6a306526"",
    ""thumbnail"": ""https:\/\/cdn.storeden.net\/secache\/6a6355d7e39ee19c6a306526"",
    ""original"": ""https:\/\/egress.storeden.net\/gallery\/6a6355d7e39ee19c6a306526""
}"
/Users/anna.nardi/Library/CloudStorage/OneDrive-Raccoltecondivise-DuckyNetworkS.r.l/E-Commerce - FOTO PRODOTTO 2019_2022_2023_2024_2025/DISCHI/SK2/WK130R.jpg,WK130R,41160668,OK,"{
    ""image_id"": ""6a6355dde39ee18e6a306515"",
    ""thumbnail"": ""https:\/\/cdn.storeden.net\/secache\/6a6355dde39ee18e6a306515"",
    ""original"": ""https:\/\/egress.storeden.net\/gallery\/6a6355dde39ee18e6a306515""
}"
/Users/anna.nardi/Library/CloudStorage/OneDrive-Raccoltecondivise-DuckyNetworkS.r.l/E-Commerce - FOTO PRODOTTO 2019_2022_2023_2024_2025/DISCHI/SK2/WK131L.jpg,WK131L,41160669,OK,"{
    ""image_id"": ""6a6355e1e39ee19c6a306537"",
    ""thumbnail"": ""https:\/\/cdn.storeden.net\/secache\/6a6355e1e39ee19c6a306537"",
    ""original"": ""https:\/\/egress.storeden.net\/gallery\/6a6355e1e39ee19c6a306537""
}"
/Users/anna.nardi/Library/CloudStorage/OneDrive-Raccoltecondivise-DuckyNetworkS.r.l/E-Commerce - FOTO PRODOTTO 2019_2022_2023_2024_2025/DISCHI/SK2/WK133L.jpg,WK133L,41160670,OK,"{
    ""image_id"": ""6a6355e7e39ee1e16a306527"",
    ""thumbnail"": ""https:\/\/cdn.storeden.net\/secache\/6a6355e7e39ee1e16a306527"",
    ""original"": ""https:\/\/egress.storeden.net\/gallery\/6a6355e7e39ee1e16a306527""
}"
/Users/anna.nardi/Library/CloudStorage/OneDrive-Raccoltecondivise-DuckyNetworkS.r.l/E-Commerce - FOTO PRODOTTO 2019_2022_2023_2024_2025/DISCHI/SK2/WK133R.jpg,WK133R,41160671,OK,"{
    ""image_id"": ""6a6355ede39ee1996a30655d"",
    ""thumbnail"": ""https:\/\/cdn.storeden.net\/secache\/6a6355ede39ee1996a30655d"",
    ""original"": ""https:\/\/egress.storeden.net\/gallery\/6a6355ede39ee1996a30655d""
}"
/Users/anna.nardi/Library/CloudStorage/OneDrive-Raccoltecondivise-DuckyNetworkS.r.l/E-Commerce - FOTO PRODOTTO 2019_2022_2023_2024_2025/DISCHI/SK2/WK134L.jpg,WK134L,41160672,OK,"{
    ""image_id"": ""6a6355f2e39ee18e6a306540"",
    ""thumbnail"": ""https:\/\/cdn.storeden.net\/secache\/6a6355f2e39ee18e6a306540"",
    ""original"": ""https:\/\/egress.storeden.net\/gallery\/6a6355f2e39ee18e6a306540""
}"
/Users/anna.nardi/Library/CloudStorage/OneDrive-Raccoltecondivise-DuckyNetworkS.r.l/E-Commerce - FOTO PRODOTTO 2019_2022_2023_2024_2025/DISCHI/SK2/WK134R.jpg,WK134R,41160673,OK,"{
    ""image_id"": ""6a6355f8e39ee1376b306514"",
    ""thumbnail"": ""https:\/\/cdn.storeden.net\/secache\/6a6355f8e39ee1376b306514"",
    ""original"": ""https:\/\/egress.storeden.net\/gallery\/6a6355f8e39ee1376b306514""
}"
/Users/anna.nardi/Library/CloudStorage/OneDrive-Raccoltecondivise-DuckyNetworkS.r.l/E-Commerce - FOTO PRODOTTO 2019_2022_2023_2024_2025/DISCHI/SK2/WK135L.jpg,WK135L,41227137,OK,"{
    ""image_id"": ""6a635603e39ee1996a30656e"",
    ""thumbnail"": ""https:\/\/cdn.storeden.net\/secache\/6a635603e39ee1996a30656e"",
    ""original"": ""https:\/\/egress.storeden.net\/gallery\/6a635603e39ee1996a30656e""
}"
/Users/anna.nardi/Library/CloudStorage/OneDrive-Raccoltecondivise-DuckyNetworkS.r.l/E-Commerce - FOTO PRODOTTO 2019_2022_2023_2024_2025/DISCHI/SK2/WK136L.jpg,WK136L,41160674,OK,"{
    ""image_id"": ""6a635608e39ee18b6a30658b"",
    ""thumbnail"": ""https:\/\/cdn.storeden.net\/secache\/6a635608e39ee18b6a30658b"",
    ""original"": ""https:\/\/egress.storeden.net\/gallery\/6a635608e39ee18b6a30658b""
}"
/Users/anna.nardi/Library/CloudStorage/OneDrive-Raccoltecondivise-DuckyNetworkS.r.l/E-Commerce - FOTO PRODOTTO 2019_2022_2023_2024_2025/DISCHI/SK2/WK136R.jpg,WK136R,41160675,OK,"{
    ""image_id"": ""6a63560fbe7ea0875f6461ff"",
    ""thumbnail"": ""https:\/\/cdn.storeden.net\/secache\/6a63560fbe7ea0875f6461ff"",
    ""original"": ""https:\/\/egress.storeden.net\/gallery\/6a63560fbe7ea0875f6461ff""
}"
/Users/anna.nardi/Library/CloudStorage/OneDrive-Raccoltecondivise-DuckyNetworkS.r.l/E-Commerce - FOTO PRODOTTO 2019_2022_2023_2024_2025/DISCHI/SK2/WK139L.jpg,WK139L,41160676,OK,"{
    ""image_id"": ""6a635619e39ee16f6a306534"",
    ""thumbnail"": ""https:\/\/cdn.storeden.net\/secache\/6a635619e39ee16f6a306534"",
    ""original"": ""https:\/\/egress.storeden.net\/gallery\/6a635619e39ee16f6a306534""
}"
/Users/anna.nardi/Library/CloudStorage/OneDrive-Raccoltecondivise-DuckyNetworkS.r.l/E-Commerce - FOTO PRODOTTO 2019_2022_2023_2024_2025/DISCHI/SK2/WK139R.jpg,WK139R,41160677,OK,"{
    ""image_id"": ""6a63561fe39ee18b6a3065a0"",
    ""thumbnail"": ""https:\/\/cdn.storeden.net\/secache\/6a63561fe39ee18b6a3065a0"",
    ""original"": ""https:\/\/egress.storeden.net\/gallery\/6a63561fe39ee18b6a3065a0""
}"
/Users/anna.nardi/Library/CloudStorage/OneDrive-Raccoltecondivise-DuckyNetworkS.r.l/E-Commerce - FOTO PRODOTTO 2019_2022_2023_2024_2025/DISCHI/SK2/WK140L.jpg,WK140L,41160678,OK,"{
    ""image_id"": ""6a635625e39ee19c6a30654f"",
    ""thumbnail"": ""https:\/\/cdn.storeden.net\/secache\/6a635625e39ee19c6a30654f"",
    ""original"": ""https:\/\/egress.storeden.net\/gallery\/6a635625e39ee19c6a30654f""
}"
/Users/anna.nardi/Library/CloudStorage/OneDrive-Raccoltecondivise-DuckyNetworkS.r.l/E-Commerce - FOTO PRODOTTO 2019_2022_2023_2024_2025/DISCHI/SK2/WK140R.jpg,WK140R,41160679,OK,"{
    ""image_id"": ""6a63562ee39ee1556b30651f"",
    ""thumbnail"": ""https:\/\/cdn.storeden.net\/secache\/6a63562ee39ee1556b30651f"",
    ""original"": ""https:\/\/egress.storeden.net\/gallery\/6a63562ee39ee1556b30651f""
}"
/Users/anna.nardi/Library/CloudStorage/OneDrive-Raccoltecondivise-DuckyNetworkS.r.l/E-Commerce - FOTO PRODOTTO 2019_2022_2023_2024_2025/DISCHI/SK2/WK142L.jpg,WK142L,41160680,OK,"{
    ""image_id"": ""6a635636be7ea06957646248"",
    ""thumbnail"": ""https:\/\/cdn.storeden.net\/secache\/6a635636be7ea06957646248"",
    ""original"": ""https:\/\/egress.storeden.net\/gallery\/6a635636be7ea06957646248""
}"
/Users/anna.nardi/Library/CloudStorage/OneDrive-Raccoltecondivise-DuckyNetworkS.r.l/E-Commerce - FOTO PRODOTTO 2019_2022_2023_2024_2025/DISCHI/SK2/WK142R.jpg,WK142R,41160681,OK,"{
    ""image_id"": ""6a63563de39ee1e16a306580"",
    ""thumbnail"": ""https:\/\/cdn.storeden.net\/secache\/6a63563de39ee1e16a306580"",
    ""original"": ""https:\/\/egress.storeden.net\/gallery\/6a63563de39ee1e16a306580""
}"
/Users/anna.nardi/Library/CloudStorage/OneDrive-Raccoltecondivise-DuckyNetworkS.r.l/E-Commerce - FOTO PRODOTTO 2019_2022_2023_2024_2025/DISCHI/SK2/WK144L.jpg,WK144L,41160682,OK,"{
    ""image_id"": ""6a635646e39ee19c6a30656e"",
    ""thumbnail"": ""https:\/\/cdn.storeden.net\/secache\/6a635646e39ee19c6a30656e"",
    ""original"": ""https:\/\/egress.storeden.net\/gallery\/6a635646e39ee19c6a30656e""
}"
/Users/anna.nardi/Library/CloudStorage/OneDrive-Raccoltecondivise-DuckyNetworkS.r.l/E-Commerce - FOTO PRODOTTO 2019_2022_2023_2024_2025/DISCHI/SK2/WK144R.jpg,WK144R,41160683,OK,"{
    ""image_id"": ""6a63564fe39ee1376b306539"",
    ""thumbnail"": ""https:\/\/cdn.storeden.net\/secache\/6a63564fe39ee1376b306539"",
    ""original"": ""https:\/\/egress.storeden.net\/gallery\/6a63564fe39ee1376b306539""
}"
/Users/anna.nardi/Library/CloudStorage/OneDrive-Raccoltecondivise-DuckyNetworkS.r.l/E-Commerce - FOTO PRODOTTO 2019_2022_2023_2024_2025/DISCHI/SK2/WK145L.jpg,WK145L,41160684,OK,"{
    ""image_id"": ""6a635656e39ee1e16a3065cc"",
    ""thumbnail"": ""https:\/\/cdn.storeden.net\/secache\/6a635656e39ee1e16a3065cc"",
    ""original"": ""https:\/\/egress.storeden.net\/gallery\/6a635656e39ee1e16a3065cc""
}"
/Users/anna.nardi/Library/CloudStorage/OneDrive-Raccoltecondivise-DuckyNetworkS.r.l/E-Commerce - FOTO PRODOTTO 2019_2022_2023_2024_2025/DISCHI/SK2/WK145R.jpg,WK145R,41160685,OK,"{
    ""image_id"": ""6a63565ee39ee1726b30652a"",
    ""thumbnail"": ""https:\/\/cdn.storeden.net\/secache\/6a63565ee39ee1726b30652a"",
    ""original"": ""https:\/\/egress.storeden.net\/gallery\/6a63565ee39ee1726b30652a""
}"
/Users/anna.nardi/Library/CloudStorage/OneDrive-Raccoltecondivise-DuckyNetworkS.r.l/E-Commerce - FOTO PRODOTTO 2019_2022_2023_2024_2025/DISCHI/SK2/WK146L.jpg,WK146L,41160686,OK,"{
    ""image_id"": ""6a635665e39ee16d6a306574"",
    ""thumbnail"": ""https:\/\/cdn.storeden.net\/secache\/6a635665e39ee16d6a306574"",
    ""original"": ""https:\/\/egress.storeden.net\/gallery\/6a635665e39ee16d6a306574""
}"
/Users/anna.nardi/Library/CloudStorage/OneDrive-Raccoltecondivise-DuckyNetworkS.r.l/E-Commerce - FOTO PRODOTTO 2019_2022_2023_2024_2025/DISCHI/SK2/WK146R.jpg,WK146R,41160687,OK,"{
    ""image_id"": ""6a63566be39ee18e6a306594"",
    ""thumbnail"": ""https:\/\/cdn.storeden.net\/secache\/6a63566be39ee18e6a306594"",
    ""original"": ""https:\/\/egress.storeden.net\/gallery\/6a63566be39ee18e6a306594""
}"
/Users/anna.nardi/Library/CloudStorage/OneDrive-Raccoltecondivise-DuckyNetworkS.r.l/E-Commerce - FOTO PRODOTTO 2019_2022_2023_2024_2025/DISCHI/SK2/WK147L.jpg,WK147L,41160688,OK,"{
    ""image_id"": ""6a635672be7ea0675f646206"",
    ""thumbnail"": ""https:\/\/cdn.storeden.net\/secache\/6a635672be7ea0675f646206"",
    ""original"": ""https:\/\/egress.storeden.net\/gallery\/6a635672be7ea0675f646206""
}"
/Users/anna.nardi/Library/CloudStorage/OneDrive-Raccoltecondivise-DuckyNetworkS.r.l/E-Commerce - FOTO PRODOTTO 2019_2022_2023_2024_2025/DISCHI/SK2/WK147R.jpg,WK147R,41160689,OK,"{
    ""image_id"": ""6a63567de39ee18b6a3065da"",
    ""thumbnail"": ""https:\/\/cdn.storeden.net\/secache\/6a63567de39ee18b6a3065da"",
    ""original"": ""https:\/\/egress.storeden.net\/gallery\/6a63567de39ee18b6a3065da""
}"
/Users/anna.nardi/Library/CloudStorage/OneDrive-Raccoltecondivise-DuckyNetworkS.r.l/E-Commerce - FOTO PRODOTTO 2019_2022_2023_2024_2025/DISCHI/SK2/WK148L.jpg,WK148L,41160690,OK,"{
    ""image_id"": ""6a635683e39ee1516b30654b"",
    ""thumbnail"": ""https:\/\/cdn.storeden.net\/secache\/6a635683e39ee1516b30654b"",
    ""original"": ""https:\/\/egress.storeden.net\/gallery\/6a635683e39ee1516b30654b""
}"
/Users/anna.nardi/Library/CloudStorage/OneDrive-Raccoltecondivise-DuckyNetworkS.r.l/E-Commerce - FOTO PRODOTTO 2019_2022_2023_2024_2025/DISCHI/SK2/WK148R.jpg,WK148R,41160691,OK,"{
    ""image_id"": ""6a63568be39ee1516b306561"",
    ""thumbnail"": ""https:\/\/cdn.storeden.net\/secache\/6a63568be39ee1516b306561"",
    ""original"": ""https:\/\/egress.storeden.net\/gallery\/6a63568be39ee1516b306561""
}"
/Users/anna.nardi/Library/CloudStorage/OneDrive-Raccoltecondivise-DuckyNetworkS.r.l/E-Commerce - FOTO PRODOTTO 2019_2022_2023_2024_2025/DISCHI/SK2/WK149L.jpg,WK149L,41160692,OK,"{
    ""image_id"": ""6a635695e39ee14e6b306582"",
    ""thumbnail"": ""https:\/\/cdn.storeden.net\/secache\/6a635695e39ee14e6b306582"",
    ""original"": ""https:\/\/egress.storeden.net\/gallery\/6a635695e39ee14e6b306582""
}"
/Users/anna.nardi/Library/CloudStorage/OneDrive-Raccoltecondivise-DuckyNetworkS.r.l/E-Commerce - FOTO PRODOTTO 2019_2022_2023_2024_2025/DISCHI/SK2/WK149R.jpg,WK149R,41160693,OK,"{
    ""image_id"": ""6a63569be39ee16f6a306597"",
    ""thumbnail"": ""https:\/\/cdn.storeden.net\/secache\/6a63569be39ee16f6a306597"",
    ""original"": ""https:\/\/egress.storeden.net\/gallery\/6a63569be39ee16f6a306597""
}"
/Users/anna.nardi/Library/CloudStorage/OneDrive-Raccoltecondivise-DuckyNetworkS.r.l/E-Commerce - FOTO PRODOTTO 2019_2022_2023_2024_2025/DISCHI/SK2/WK150L.jpg,WK150L,41160694,OK,"{
    ""image_id"": ""6a6356a1e39ee1e16a30660f"",
    ""thumbnail"": ""https:\/\/cdn.storeden.net\/secache\/6a6356a1e39ee1e16a30660f"",
    ""original"": ""https:\/\/egress.storeden.net\/gallery\/6a6356a1e39ee1e16a30660f""
}"
/Users/anna.nardi/Library/CloudStorage/OneDrive-Raccoltecondivise-DuckyNetworkS.r.l/E-Commerce - FOTO PRODOTTO 2019_2022_2023_2024_2025/DISCHI/SK2/WK150R.jpg,WK150R,41160695,OK,"{
    ""image_id"": ""6a6356a8be7ea0ba63646201"",
    ""thumbnail"": ""https:\/\/cdn.storeden.net\/secache\/6a6356a8be7ea0ba63646201"",
    ""original"": ""https:\/\/egress.storeden.net\/gallery\/6a6356a8be7ea0ba63646201""
}"
/Users/anna.nardi/Library/CloudStorage/OneDrive-Raccoltecondivise-DuckyNetworkS.r.l/E-Commerce - FOTO PRODOTTO 2019_2022_2023_2024_2025/DISCHI/SK2/WK151L.jpg,WK151L,41160696,OK,"{
    ""image_id"": ""6a6356b2e39ee1596a3065bd"",
    ""thumbnail"": ""https:\/\/cdn.storeden.net\/secache\/6a6356b2e39ee1596a3065bd"",
    ""original"": ""https:\/\/egress.storeden.net\/gallery\/6a6356b2e39ee1596a3065bd""
}"
/Users/anna.nardi/Library/CloudStorage/OneDrive-Raccoltecondivise-DuckyNetworkS.r.l/E-Commerce - FOTO PRODOTTO 2019_2022_2023_2024_2025/DISCHI/SK2/WK151R.jpg,WK151R,41160697,OK,"{
    ""image_id"": ""6a6356b8e39ee1516b30658a"",
    ""thumbnail"": ""https:\/\/cdn.storeden.net\/secache\/6a6356b8e39ee1516b30658a"",
    ""original"": ""https:\/\/egress.storeden.net\/gallery\/6a6356b8e39ee1516b30658a""
}"
/Users/anna.nardi/Library/CloudStorage/OneDrive-Raccoltecondivise-DuckyNetworkS.r.l/E-Commerce - FOTO PRODOTTO 2019_2022_2023_2024_2025/DISCHI/SK2/WK152L.jpg,WK152L,41160698,OK,"{
    ""image_id"": ""6a6356bde39ee1596a3065d4"",
    ""thumbnail"": ""https:\/\/cdn.storeden.net\/secache\/6a6356bde39ee1596a3065d4"",
    ""original"": ""https:\/\/egress.storeden.net\/gallery\/6a6356bde39ee1596a3065d4""
}"
/Users/anna.nardi/Library/CloudStorage/OneDrive-Raccoltecondivise-DuckyNetworkS.r.l/E-Commerce - FOTO PRODOTTO 2019_2022_2023_2024_2025/DISCHI/SK2/WK152R.jpg,WK152R,41160699,OK,"{
    ""image_id"": ""6a6356c2be7ea0a65e646255"",
    ""thumbnail"": ""https:\/\/cdn.storeden.net\/secache\/6a6356c2be7ea0a65e646255"",
    ""original"": ""https:\/\/egress.storeden.net\/gallery\/6a6356c2be7ea0a65e646255""
}"
/Users/anna.nardi/Library/CloudStorage/OneDrive-Raccoltecondivise-DuckyNetworkS.r.l/E-Commerce - FOTO PRODOTTO 2019_2022_2023_2024_2025/DISCHI/SK2/WK153L.jpg,WK153L,41160700,OK,"{
    ""image_id"": ""6a6356cae39ee1e16a306634"",
    ""thumbnail"": ""https:\/\/cdn.storeden.net\/secache\/6a6356cae39ee1e16a306634"",
    ""original"": ""https:\/\/egress.storeden.net\/gallery\/6a6356cae39ee1e16a306634""
}"
/Users/anna.nardi/Library/CloudStorage/OneDrive-Raccoltecondivise-DuckyNetworkS.r.l/E-Commerce - FOTO PRODOTTO 2019_2022_2023_2024_2025/DISCHI/SK2/WK153R.jpg,WK153R,41160701,OK,"{
    ""image_id"": ""6a6356d1e39ee1916b306536"",
    ""thumbnail"": ""https:\/\/cdn.storeden.net\/secache\/6a6356d1e39ee1916b306536"",
    ""original"": ""https:\/\/egress.storeden.net\/gallery\/6a6356d1e39ee1916b306536""
}"
/Users/anna.nardi/Library/CloudStorage/OneDrive-Raccoltecondivise-DuckyNetworkS.r.l/E-Commerce - FOTO PRODOTTO 2019_2022_2023_2024_2025/DISCHI/SK2/WK154L.jpg,WK154L,41160702,OK,"{
    ""image_id"": ""6a6356d9e39ee1596a3065f2"",
    ""thumbnail"": ""https:\/\/cdn.storeden.net\/secache\/6a6356d9e39ee1596a3065f2"",
    ""original"": ""https:\/\/egress.storeden.net\/gallery\/6a6356d9e39ee1596a3065f2""
}"
/Users/anna.nardi/Library/CloudStorage/OneDrive-Raccoltecondivise-DuckyNetworkS.r.l/E-Commerce - FOTO PRODOTTO 2019_2022_2023_2024_2025/DISCHI/SK2/WK154R.jpg,WK154R,41160703,OK,"{
    ""image_id"": ""6a6356e4be7ea0545764633a"",
    ""thumbnail"": ""https:\/\/cdn.storeden.net\/secache\/6a6356e4be7ea0545764633a"",
    ""original"": ""https:\/\/egress.storeden.net\/gallery\/6a6356e4be7ea0545764633a""
}"
/Users/anna.nardi/Library/CloudStorage/OneDrive-Raccoltecondivise-DuckyNetworkS.r.l/E-Commerce - FOTO PRODOTTO 2019_2022_2023_2024_2025/DISCHI/WK3/WK3001L.jpg,WK3001L,41160704,OK,"{
    ""image_id"": ""6a6356eae39ee1516b3065b8"",
    ""thumbnail"": ""https:\/\/cdn.storeden.net\/secache\/6a6356eae39ee1516b3065b8"",
    ""original"": ""https:\/\/egress.storeden.net\/gallery\/6a6356eae39ee1516b3065b8""
}"
/Users/anna.nardi/Library/CloudStorage/OneDrive-Raccoltecondivise-DuckyNetworkS.r.l/E-Commerce - FOTO PRODOTTO 2019_2022_2023_2024_2025/DISCHI/WK3/WK3001R.jpg,WK3001R,41160705,OK,"{
    ""image_id"": ""6a6356ece39ee1986b306536"",
    ""thumbnail"": ""https:\/\/cdn.storeden.net\/secache\/6a6356ece39ee1986b306536"",
    ""original"": ""https:\/\/egress.storeden.net\/gallery\/6a6356ece39ee1986b306536""
}"
/Users/anna.nardi/Library/CloudStorage/OneDrive-Raccoltecondivise-DuckyNetworkS.r.l/E-Commerce - FOTO PRODOTTO 2019_2022_2023_2024_2025/DISCHI/WK3/WK3005L.jpg,WK3005L,41160706,OK,"{
    ""image_id"": ""6a6356efe39ee1916b306558"",
    ""thumbnail"": ""https:\/\/cdn.storeden.net\/secache\/6a6356efe39ee1916b306558"",
    ""original"": ""https:\/\/egress.storeden.net\/gallery\/6a6356efe39ee1916b306558""
}"
/Users/anna.nardi/Library/CloudStorage/OneDrive-Raccoltecondivise-DuckyNetworkS.r.l/E-Commerce - FOTO PRODOTTO 2019_2022_2023_2024_2025/DISCHI/WK3/WK3005R.jpg,WK3005R,41160707,OK,"{
    ""image_id"": ""6a6356f1e39ee18b6a306628"",
    ""thumbnail"": ""https:\/\/cdn.storeden.net\/secache\/6a6356f1e39ee18b6a306628"",
    ""original"": ""https:\/\/egress.storeden.net\/gallery\/6a6356f1e39ee18b6a306628""
}"
/Users/anna.nardi/Library/CloudStorage/OneDrive-Raccoltecondivise-DuckyNetworkS.r.l/E-Commerce - FOTO PRODOTTO 2019_2022_2023_2024_2025/DISCHI/WK3/WK3008L.jpg,WK3008L,41160708,OK,"{
    ""image_id"": ""6a6356f3e39ee1916b306560"",
    ""thumbnail"": ""https:\/\/cdn.storeden.net\/secache\/6a6356f3e39ee1916b306560"",
    ""original"": ""https:\/\/egress.storeden.net\/gallery\/6a6356f3e39ee1916b306560""
}"
/Users/anna.nardi/Library/CloudStorage/OneDrive-Raccoltecondivise-DuckyNetworkS.r.l/E-Commerce - FOTO PRODOTTO 2019_2022_2023_2024_2025/DISCHI/WK3/WK3008R.jpg,WK3008R,41160709,OK,"{
    ""image_id"": ""6a6356f5e39ee18b6a30662e"",
    ""thumbnail"": ""https:\/\/cdn.storeden.net\/secache\/6a6356f5e39ee18b6a30662e"",
    ""original"": ""https:\/\/egress.storeden.net\/gallery\/6a6356f5e39ee18b6a30662e""
}"
/Users/anna.nardi/Library/CloudStorage/OneDrive-Raccoltecondivise-DuckyNetworkS.r.l/E-Commerce - FOTO PRODOTTO 2019_2022_2023_2024_2025/DISCHI/WK3/WK3020L.jpg,WK3020L,41160710,OK,"{
    ""image_id"": ""6a6356f8e39ee16f6a3065d8"",
    ""thumbnail"": ""https:\/\/cdn.storeden.net\/secache\/6a6356f8e39ee16f6a3065d8"",
    ""original"": ""https:\/\/egress.storeden.net\/gallery\/6a6356f8e39ee16f6a3065d8""
}"
/Users/anna.nardi/Library/CloudStorage/OneDrive-Raccoltecondivise-DuckyNetworkS.r.l/E-Commerce - FOTO PRODOTTO 2019_2022_2023_2024_2025/DISCHI/WK3/WK3020R.jpg,WK3020R,41160711,OK,"{
    ""image_id"": ""6a6356fae39ee16f6a3065e2"",
    ""thumbnail"": ""https:\/\/cdn.storeden.net\/secache\/6a6356fae39ee16f6a3065e2"",
    ""original"": ""https:\/\/egress.storeden.net\/gallery\/6a6356fae39ee16f6a3065e2""
}"
/Users/anna.nardi/Library/CloudStorage/OneDrive-Raccoltecondivise-DuckyNetworkS.r.l/E-Commerce - FOTO PRODOTTO 2019_2022_2023_2024_2025/DISCHI/WK3/WK3021L.jpg,WK3021L,41160712,OK,"{
    ""image_id"": ""6a6356fce39ee1c26b306515"",
    ""thumbnail"": ""https:\/\/cdn.storeden.net\/secache\/6a6356fce39ee1c26b306515"",
    ""original"": ""https:\/\/egress.storeden.net\/gallery\/6a6356fce39ee1c26b306515""
}"
/Users/anna.nardi/Library/CloudStorage/OneDrive-Raccoltecondivise-DuckyNetworkS.r.l/E-Commerce - FOTO PRODOTTO 2019_2022_2023_2024_2025/DISCHI/WK3/WK3021R.jpg,WK3021R,41160713,OK,"{
    ""image_id"": ""6a6356ffbe7ea09853646284"",
    ""thumbnail"": ""https:\/\/cdn.storeden.net\/secache\/6a6356ffbe7ea09853646284"",
    ""original"": ""https:\/\/egress.storeden.net\/gallery\/6a6356ffbe7ea09853646284""
}"
/Users/anna.nardi/Library/CloudStorage/OneDrive-Raccoltecondivise-DuckyNetworkS.r.l/E-Commerce - FOTO PRODOTTO 2019_2022_2023_2024_2025/DISCHI/WK3/WK3036L.jpg,WK3036L,41160714,OK,"{
    ""image_id"": ""6a635702e39ee1376b30659d"",
    ""thumbnail"": ""https:\/\/cdn.storeden.net\/secache\/6a635702e39ee1376b30659d"",
    ""original"": ""https:\/\/egress.storeden.net\/gallery\/6a635702e39ee1376b30659d""
}"
/Users/anna.nardi/Library/CloudStorage/OneDrive-Raccoltecondivise-DuckyNetworkS.r.l/E-Commerce - FOTO PRODOTTO 2019_2022_2023_2024_2025/DISCHI/WK3/WK3036R.jpg,WK3036R,41160715,OK,"{
    ""image_id"": ""6a635704e39ee1e16a30667b"",
    ""thumbnail"": ""https:\/\/cdn.storeden.net\/secache\/6a635704e39ee1e16a30667b"",
    ""original"": ""https:\/\/egress.storeden.net\/gallery\/6a635704e39ee1e16a30667b""
}"
/Users/anna.nardi/Library/CloudStorage/OneDrive-Raccoltecondivise-DuckyNetworkS.r.l/E-Commerce - FOTO PRODOTTO 2019_2022_2023_2024_2025/DISCHI/WK3/WK3038L.jpg,WK3038L,41160716,OK,"{
    ""image_id"": ""6a635706e39ee1986b30654c"",
    ""thumbnail"": ""https:\/\/cdn.storeden.net\/secache\/6a635706e39ee1986b30654c"",
    ""original"": ""https:\/\/egress.storeden.net\/gallery\/6a635706e39ee1986b30654c""
}"
/Users/anna.nardi/Library/CloudStorage/OneDrive-Raccoltecondivise-DuckyNetworkS.r.l/E-Commerce - FOTO PRODOTTO 2019_2022_2023_2024_2025/DISCHI/WK3/WK3038R.jpg,WK3038R,41160717,OK,"{
    ""image_id"": ""6a635709e39ee16d6a3065e7"",
    ""thumbnail"": ""https:\/\/cdn.storeden.net\/secache\/6a635709e39ee16d6a3065e7"",
    ""original"": ""https:\/\/egress.storeden.net\/gallery\/6a635709e39ee16d6a3065e7""
}"
/Users/anna.nardi/Library/CloudStorage/OneDrive-Raccoltecondivise-DuckyNetworkS.r.l/E-Commerce - FOTO PRODOTTO 2019_2022_2023_2024_2025/DISCHI/WK3/WK3039L.jpg,WK3039L,41232154,OK,"{
    ""image_id"": ""6a63570be39ee1876b30655c"",
    ""thumbnail"": ""https:\/\/cdn.storeden.net\/secache\/6a63570be39ee1876b30655c"",
    ""original"": ""https:\/\/egress.storeden.net\/gallery\/6a63570be39ee1876b30655c""
}"
/Users/anna.nardi/Library/CloudStorage/OneDrive-Raccoltecondivise-DuckyNetworkS.r.l/E-Commerce - FOTO PRODOTTO 2019_2022_2023_2024_2025/DISCHI/WK3/WK3039R.jpg,WK3039R,41232155,OK,"{
    ""image_id"": ""6a63570de39ee1986b306556"",
    ""thumbnail"": ""https:\/\/cdn.storeden.net\/secache\/6a63570de39ee1986b306556"",
    ""original"": ""https:\/\/egress.storeden.net\/gallery\/6a63570de39ee1986b306556""
}"
/Users/anna.nardi/Library/CloudStorage/OneDrive-Raccoltecondivise-DuckyNetworkS.r.l/E-Commerce - FOTO PRODOTTO 2019_2022_2023_2024_2025/DISCHI/WK3/WK3040L.jpg,WK3040L,41160718,OK,"{
    ""image_id"": ""6a635710e39ee1be6b306531"",
    ""thumbnail"": ""https:\/\/cdn.storeden.net\/secache\/6a635710e39ee1be6b306531"",
    ""original"": ""https:\/\/egress.storeden.net\/gallery\/6a635710e39ee1be6b306531""
}"
/Users/anna.nardi/Library/CloudStorage/OneDrive-Raccoltecondivise-DuckyNetworkS.r.l/E-Commerce - FOTO PRODOTTO 2019_2022_2023_2024_2025/DISCHI/WK3/WK3040R.jpg,WK3040R,41160719,OK,"{
    ""image_id"": ""6a635712e39ee1996b306542"",
    ""thumbnail"": ""https:\/\/cdn.storeden.net\/secache\/6a635712e39ee1996b306542"",
    ""original"": ""https:\/\/egress.storeden.net\/gallery\/6a635712e39ee1996b306542""
}"
/Users/anna.nardi/Library/CloudStorage/OneDrive-Raccoltecondivise-DuckyNetworkS.r.l/E-Commerce - FOTO PRODOTTO 2019_2022_2023_2024_2025/DISCHI/WK3/WK3041L.jpg,WK3041L,41160720,OK,"{
    ""image_id"": ""6a635714be7ea0a35f646326"",
    ""thumbnail"": ""https:\/\/cdn.storeden.net\/secache\/6a635714be7ea0a35f646326"",
    ""original"": ""https:\/\/egress.storeden.net\/gallery\/6a635714be7ea0a35f646326""
}"
/Users/anna.nardi/Library/CloudStorage/OneDrive-Raccoltecondivise-DuckyNetworkS.r.l/E-Commerce - FOTO PRODOTTO 2019_2022_2023_2024_2025/DISCHI/WK3/WK3041R.jpg,WK3041R,41160721,OK,"{
    ""image_id"": ""6a635717be7ea03150646466"",
    ""thumbnail"": ""https:\/\/cdn.storeden.net\/secache\/6a635717be7ea03150646466"",
    ""original"": ""https:\/\/egress.storeden.net\/gallery\/6a635717be7ea03150646466""
}"
/Users/anna.nardi/Library/CloudStorage/OneDrive-Raccoltecondivise-DuckyNetworkS.r.l/E-Commerce - FOTO PRODOTTO 2019_2022_2023_2024_2025/DISCHI/WK3/WK3043L.jpg,WK3043L,41160722,OK,"{
    ""image_id"": ""6a635719e39ee16d6a3065f2"",
    ""thumbnail"": ""https:\/\/cdn.storeden.net\/secache\/6a635719e39ee16d6a3065f2"",
    ""original"": ""https:\/\/egress.storeden.net\/gallery\/6a635719e39ee16d6a3065f2""
}"
/Users/anna.nardi/Library/CloudStorage/OneDrive-Raccoltecondivise-DuckyNetworkS.r.l/E-Commerce - FOTO PRODOTTO 2019_2022_2023_2024_2025/DISCHI/WK3/WK3043R.jpg,WK3043R,41160723,OK,"{
    ""image_id"": ""6a63571cbe7ea0694d646244"",
    ""thumbnail"": ""https:\/\/cdn.storeden.net\/secache\/6a63571cbe7ea0694d646244"",
    ""original"": ""https:\/\/egress.storeden.net\/gallery\/6a63571cbe7ea0694d646244""
}"
/Users/anna.nardi/Library/CloudStorage/OneDrive-Raccoltecondivise-DuckyNetworkS.r.l/E-Commerce - FOTO PRODOTTO 2019_2022_2023_2024_2025/DISCHI/WK3/WK3046L.jpg,WK3046L,41160724,OK,"{
    ""image_id"": ""6a63571ee39ee1986b306566"",
    ""thumbnail"": ""https:\/\/cdn.storeden.net\/secache\/6a63571ee39ee1986b306566"",
    ""original"": ""https:\/\/egress.storeden.net\/gallery\/6a63571ee39ee1986b306566""
}"
/Users/anna.nardi/Library/CloudStorage/OneDrive-Raccoltecondivise-DuckyNetworkS.r.l/E-Commerce - FOTO PRODOTTO 2019_2022_2023_2024_2025/DISCHI/WK3/WK3046R.jpg,WK3046R,41160725,OK,"{
    ""image_id"": ""6a635721e39ee1b56b306530"",
    ""thumbnail"": ""https:\/\/cdn.storeden.net\/secache\/6a635721e39ee1b56b306530"",
    ""original"": ""https:\/\/egress.storeden.net\/gallery\/6a635721e39ee1b56b306530""
}"
/Users/anna.nardi/Library/CloudStorage/OneDrive-Raccoltecondivise-DuckyNetworkS.r.l/E-Commerce - FOTO PRODOTTO 2019_2022_2023_2024_2025/DISCHI/WK3/WK3047L.jpg,WK3047L,41160726,OK,"{
    ""image_id"": ""6a635723e39ee1916b306584"",
    ""thumbnail"": ""https:\/\/cdn.storeden.net\/secache\/6a635723e39ee1916b306584"",
    ""original"": ""https:\/\/egress.storeden.net\/gallery\/6a635723e39ee1916b306584""
}"
/Users/anna.nardi/Library/CloudStorage/OneDrive-Raccoltecondivise-DuckyNetworkS.r.l/E-Commerce - FOTO PRODOTTO 2019_2022_2023_2024_2025/DISCHI/WK3/WK3047R.jpg,WK3047R,41160727,OK,"{
    ""image_id"": ""6a635725be7ea0eb60646221"",
    ""thumbnail"": ""https:\/\/cdn.storeden.net\/secache\/6a635725be7ea0eb60646221"",
    ""original"": ""https:\/\/egress.storeden.net\/gallery\/6a635725be7ea0eb60646221""
}"
/Users/anna.nardi/Library/CloudStorage/OneDrive-Raccoltecondivise-DuckyNetworkS.r.l/E-Commerce - FOTO PRODOTTO 2019_2022_2023_2024_2025/DISCHI/WK3/WK3050L.jpg,WK3050L,41160728,OK,"{
    ""image_id"": ""6a635728be7ea09ea26461c5"",
    ""thumbnail"": ""https:\/\/cdn.storeden.net\/secache\/6a635728be7ea09ea26461c5"",
    ""original"": ""https:\/\/egress.storeden.net\/gallery\/6a635728be7ea09ea26461c5""
}"
/Users/anna.nardi/Library/CloudStorage/OneDrive-Raccoltecondivise-DuckyNetworkS.r.l/E-Commerce - FOTO PRODOTTO 2019_2022_2023_2024_2025/DISCHI/WK3/WK3051L.jpg,WK3051L,41160729,OK,"{
    ""image_id"": ""6a63572ae39ee16f6a3065f8"",
    ""thumbnail"": ""https:\/\/cdn.storeden.net\/secache\/6a63572ae39ee16f6a3065f8"",
    ""original"": ""https:\/\/egress.storeden.net\/gallery\/6a63572ae39ee16f6a3065f8""
}"
/Users/anna.nardi/Library/CloudStorage/OneDrive-Raccoltecondivise-DuckyNetworkS.r.l/E-Commerce - FOTO PRODOTTO 2019_2022_2023_2024_2025/DISCHI/WK3/WK3054L.jpg,WK3054L,41160730,OK,"{
    ""image_id"": ""6a63572de39ee1996b306553"",
    ""thumbnail"": ""https:\/\/cdn.storeden.net\/secache\/6a63572de39ee1996b306553"",
    ""original"": ""https:\/\/egress.storeden.net\/gallery\/6a63572de39ee1996b306553""
}"
/Users/anna.nardi/Library/CloudStorage/OneDrive-Raccoltecondivise-DuckyNetworkS.r.l/E-Commerce - FOTO PRODOTTO 2019_2022_2023_2024_2025/DISCHI/WK3/WK3055L.jpg,WK3055L,41160731,OK,"{
    ""image_id"": ""6a635731e39ee1be6b30653f"",
    ""thumbnail"": ""https:\/\/cdn.storeden.net\/secache\/6a635731e39ee1be6b30653f"",
    ""original"": ""https:\/\/egress.storeden.net\/gallery\/6a635731e39ee1be6b30653f""
}"
/Users/anna.nardi/Library/CloudStorage/OneDrive-Raccoltecondivise-DuckyNetworkS.r.l/E-Commerce - FOTO PRODOTTO 2019_2022_2023_2024_2025/DISCHI/WK3/WK3062L.jpg,WK3062L,41160732,OK,"{
    ""image_id"": ""6a635734e39ee1d96b30651e"",
    ""thumbnail"": ""https:\/\/cdn.storeden.net\/secache\/6a635734e39ee1d96b30651e"",
    ""original"": ""https:\/\/egress.storeden.net\/gallery\/6a635734e39ee1d96b30651e""
}"
/Users/anna.nardi/Library/CloudStorage/OneDrive-Raccoltecondivise-DuckyNetworkS.r.l/E-Commerce - FOTO PRODOTTO 2019_2022_2023_2024_2025/DISCHI/WK3/WK3062R.jpg,WK3062R,41160733,OK,"{
    ""image_id"": ""6a635736e39ee1516b3065e0"",
    ""thumbnail"": ""https:\/\/cdn.storeden.net\/secache\/6a635736e39ee1516b3065e0"",
    ""original"": ""https:\/\/egress.storeden.net\/gallery\/6a635736e39ee1516b3065e0""
}"
/Users/anna.nardi/Library/CloudStorage/OneDrive-Raccoltecondivise-DuckyNetworkS.r.l/E-Commerce - FOTO PRODOTTO 2019_2022_2023_2024_2025/DISCHI/WK3/WK3066L.jpg,WK3066L,41160734,OK,"{
    ""image_id"": ""6a635738be7ea0315064646e"",
    ""thumbnail"": ""https:\/\/cdn.storeden.net\/secache\/6a635738be7ea0315064646e"",
    ""original"": ""https:\/\/egress.storeden.net\/gallery\/6a635738be7ea0315064646e""
}"
/Users/anna.nardi/Library/CloudStorage/OneDrive-Raccoltecondivise-DuckyNetworkS.r.l/E-Commerce - FOTO PRODOTTO 2019_2022_2023_2024_2025/DISCHI/WK3/WK3066R.jpg,WK3066R,41160735,OK,"{
    ""image_id"": ""6a63573be39ee1d96b306529"",
    ""thumbnail"": ""https:\/\/cdn.storeden.net\/secache\/6a63573be39ee1d96b306529"",
    ""original"": ""https:\/\/egress.storeden.net\/gallery\/6a63573be39ee1d96b306529""
}"
/Users/anna.nardi/Library/CloudStorage/OneDrive-Raccoltecondivise-DuckyNetworkS.r.l/E-Commerce - FOTO PRODOTTO 2019_2022_2023_2024_2025/DISCHI/WK3/WK3067L.jpg,WK3067L,41160736,OK,"{
    ""image_id"": ""6a63573de39ee1516b3065ea"",
    ""thumbnail"": ""https:\/\/cdn.storeden.net\/secache\/6a63573de39ee1516b3065ea"",
    ""original"": ""https:\/\/egress.storeden.net\/gallery\/6a63573de39ee1516b3065ea""
}"
/Users/anna.nardi/Library/CloudStorage/OneDrive-Raccoltecondivise-DuckyNetworkS.r.l/E-Commerce - FOTO PRODOTTO 2019_2022_2023_2024_2025/DISCHI/WK3/WK3067R.jpg,WK3067R,41160737,OK,"{
    ""image_id"": ""6a63573fe39ee1c26b30653a"",
    ""thumbnail"": ""https:\/\/cdn.storeden.net\/secache\/6a63573fe39ee1c26b30653a"",
    ""original"": ""https:\/\/egress.storeden.net\/gallery\/6a63573fe39ee1c26b30653a""
}"
/Users/anna.nardi/Library/CloudStorage/OneDrive-Raccoltecondivise-DuckyNetworkS.r.l/E-Commerce - FOTO PRODOTTO 2019_2022_2023_2024_2025/DISCHI/WK3/WK3068L.jpg,WK3068L,41160738,OK,"{
    ""image_id"": ""6a635741be7ea0545764635e"",
    ""thumbnail"": ""https:\/\/cdn.storeden.net\/secache\/6a635741be7ea0545764635e"",
    ""original"": ""https:\/\/egress.storeden.net\/gallery\/6a635741be7ea0545764635e""
}"
/Users/anna.nardi/Library/CloudStorage/OneDrive-Raccoltecondivise-DuckyNetworkS.r.l/E-Commerce - FOTO PRODOTTO 2019_2022_2023_2024_2025/DISCHI/WK3/WK3068R.jpg,WK3068R,41160739,OK,"{
    ""image_id"": ""6a635744e39ee1596a30663d"",
    ""thumbnail"": ""https:\/\/cdn.storeden.net\/secache\/6a635744e39ee1596a30663d"",
    ""original"": ""https:\/\/egress.storeden.net\/gallery\/6a635744e39ee1596a30663d""
}"
/Users/anna.nardi/Library/CloudStorage/OneDrive-Raccoltecondivise-DuckyNetworkS.r.l/E-Commerce - FOTO PRODOTTO 2019_2022_2023_2024_2025/DISCHI/WK3/WK3069L.jpg,WK3069L,41160740,OK,"{
    ""image_id"": ""6a635746e39ee1516b3065f1"",
    ""thumbnail"": ""https:\/\/cdn.storeden.net\/secache\/6a635746e39ee1516b3065f1"",
    ""original"": ""https:\/\/egress.storeden.net\/gallery\/6a635746e39ee1516b3065f1""
}"
/Users/anna.nardi/Library/CloudStorage/OneDrive-Raccoltecondivise-DuckyNetworkS.r.l/E-Commerce - FOTO PRODOTTO 2019_2022_2023_2024_2025/DISCHI/WK3/WK3069R.jpg,WK3069R,41160741,OK,"{
    ""image_id"": ""6a635749e39ee16f6a306612"",
    ""thumbnail"": ""https:\/\/cdn.storeden.net\/secache\/6a635749e39ee16f6a306612"",
    ""original"": ""https:\/\/egress.storeden.net\/gallery\/6a635749e39ee16f6a306612""
}"
/Users/anna.nardi/Library/CloudStorage/OneDrive-Raccoltecondivise-DuckyNetworkS.r.l/E-Commerce - FOTO PRODOTTO 2019_2022_2023_2024_2025/DISCHI/WK3/WK3070L.jpg,WK3070L,41160742,OK,"{
    ""image_id"": ""6a63574ae39ee16d6a30663d"",
    ""thumbnail"": ""https:\/\/cdn.storeden.net\/secache\/6a63574ae39ee16d6a30663d"",
    ""original"": ""https:\/\/egress.storeden.net\/gallery\/6a63574ae39ee16d6a30663d""
}"
/Users/anna.nardi/Library/CloudStorage/OneDrive-Raccoltecondivise-DuckyNetworkS.r.l/E-Commerce - FOTO PRODOTTO 2019_2022_2023_2024_2025/DISCHI/WK3/WK3070R.jpg,WK3070R,41160743,OK,"{
    ""image_id"": ""6a63574ce39ee1d36b306532"",
    ""thumbnail"": ""https:\/\/cdn.storeden.net\/secache\/6a63574ce39ee1d36b306532"",
    ""original"": ""https:\/\/egress.storeden.net\/gallery\/6a63574ce39ee1d36b306532""
}"
/Users/anna.nardi/Library/CloudStorage/OneDrive-Raccoltecondivise-DuckyNetworkS.r.l/E-Commerce - FOTO PRODOTTO 2019_2022_2023_2024_2025/DISCHI/WK3/WK3071L.jpg,WK3071L,41160744,OK,"{
    ""image_id"": ""6a63574fe39ee1d96b306538"",
    ""thumbnail"": ""https:\/\/cdn.storeden.net\/secache\/6a63574fe39ee1d96b306538"",
    ""original"": ""https:\/\/egress.storeden.net\/gallery\/6a63574fe39ee1d96b306538""
}"
/Users/anna.nardi/Library/CloudStorage/OneDrive-Raccoltecondivise-DuckyNetworkS.r.l/E-Commerce - FOTO PRODOTTO 2019_2022_2023_2024_2025/DISCHI/WK3/WK3071R.jpg,WK3071R,41160745,OK,"{
    ""image_id"": ""6a635751e39ee1d36b306537"",
    ""thumbnail"": ""https:\/\/cdn.storeden.net\/secache\/6a635751e39ee1d36b306537"",
    ""original"": ""https:\/\/egress.storeden.net\/gallery\/6a635751e39ee1d36b306537""
}"
/Users/anna.nardi/Library/CloudStorage/OneDrive-Raccoltecondivise-DuckyNetworkS.r.l/E-Commerce - FOTO PRODOTTO 2019_2022_2023_2024_2025/DISCHI/WK3/WK3074L.jpg,WK3074L,41227141,OK,"{
    ""image_id"": ""6a635754e39ee1506c306514"",
    ""thumbnail"": ""https:\/\/cdn.storeden.net\/secache\/6a635754e39ee1506c306514"",
    ""original"": ""https:\/\/egress.storeden.net\/gallery\/6a635754e39ee1506c306514""
}"
/Users/anna.nardi/Library/CloudStorage/OneDrive-Raccoltecondivise-DuckyNetworkS.r.l/E-Commerce - FOTO PRODOTTO 2019_2022_2023_2024_2025/DISCHI/WK3/WK3076L.jpg,WK3076L,41160746,OK,"{
    ""image_id"": ""6a635756be7ea090a26461c6"",
    ""thumbnail"": ""https:\/\/cdn.storeden.net\/secache\/6a635756be7ea090a26461c6"",
    ""original"": ""https:\/\/egress.storeden.net\/gallery\/6a635756be7ea090a26461c6""
}"
/Users/anna.nardi/Library/CloudStorage/OneDrive-Raccoltecondivise-DuckyNetworkS.r.l/E-Commerce - FOTO PRODOTTO 2019_2022_2023_2024_2025/DISCHI/WK3/WK3076R.jpg,WK3076R,41160747,OK,"{
    ""image_id"": ""6a635758e39ee1be6b30654d"",
    ""thumbnail"": ""https:\/\/cdn.storeden.net\/secache\/6a635758e39ee1be6b30654d"",
    ""original"": ""https:\/\/egress.storeden.net\/gallery\/6a635758e39ee1be6b30654d""
}"
/Users/anna.nardi/Library/CloudStorage/OneDrive-Raccoltecondivise-DuckyNetworkS.r.l/E-Commerce - FOTO PRODOTTO 2019_2022_2023_2024_2025/DISCHI/WK3/WK3083L.jpg,WK3083L,41160748,OK,"{
    ""image_id"": ""6a63575abe7ea0694d64624c"",
    ""thumbnail"": ""https:\/\/cdn.storeden.net\/secache\/6a63575abe7ea0694d64624c"",
    ""original"": ""https:\/\/egress.storeden.net\/gallery\/6a63575abe7ea0694d64624c""
}"
/Users/anna.nardi/Library/CloudStorage/OneDrive-Raccoltecondivise-DuckyNetworkS.r.l/E-Commerce - FOTO PRODOTTO 2019_2022_2023_2024_2025/DISCHI/WK3/WK3083R.jpg,WK3083R,41160749,OK,"{
    ""image_id"": ""6a63575de39ee1596a306649"",
    ""thumbnail"": ""https:\/\/cdn.storeden.net\/secache\/6a63575de39ee1596a306649"",
    ""original"": ""https:\/\/egress.storeden.net\/gallery\/6a63575de39ee1596a306649""
}"
/Users/anna.nardi/Library/CloudStorage/OneDrive-Raccoltecondivise-DuckyNetworkS.r.l/E-Commerce - FOTO PRODOTTO 2019_2022_2023_2024_2025/DISCHI/WK3/WK3089L.jpg,WK3089L,41160750,OK,"{
    ""image_id"": ""6a635760be7ea0a35f64632d"",
    ""thumbnail"": ""https:\/\/cdn.storeden.net\/secache\/6a635760be7ea0a35f64632d"",
    ""original"": ""https:\/\/egress.storeden.net\/gallery\/6a635760be7ea0a35f64632d""
}"
/Users/anna.nardi/Library/CloudStorage/OneDrive-Raccoltecondivise-DuckyNetworkS.r.l/E-Commerce - FOTO PRODOTTO 2019_2022_2023_2024_2025/DISCHI/WK3/WK3090L.jpg,WK3090L,41160752,OK,"{
    ""image_id"": ""6a635763e39ee1916b3065ca"",
    ""thumbnail"": ""https:\/\/cdn.storeden.net\/secache\/6a635763e39ee1916b3065ca"",
    ""original"": ""https:\/\/egress.storeden.net\/gallery\/6a635763e39ee1916b3065ca""
}"
/Users/anna.nardi/Library/CloudStorage/OneDrive-Raccoltecondivise-DuckyNetworkS.r.l/E-Commerce - FOTO PRODOTTO 2019_2022_2023_2024_2025/DISCHI/WK3/WK3090R.jpg,WK3090R,41160753,OK,"{
    ""image_id"": ""6a635765be7ea04f57646475"",
    ""thumbnail"": ""https:\/\/cdn.storeden.net\/secache\/6a635765be7ea04f57646475"",
    ""original"": ""https:\/\/egress.storeden.net\/gallery\/6a635765be7ea04f57646475""
}"
/Users/anna.nardi/Library/CloudStorage/OneDrive-Raccoltecondivise-DuckyNetworkS.r.l/E-Commerce - FOTO PRODOTTO 2019_2022_2023_2024_2025/DISCHI/WK3/WK3109L.jpg,WK3109L,41160758,OK,"{
    ""image_id"": ""6a63576bbe7ea0284564627c"",
    ""thumbnail"": ""https:\/\/cdn.storeden.net\/secache\/6a63576bbe7ea0284564627c"",
    ""original"": ""https:\/\/egress.storeden.net\/gallery\/6a63576bbe7ea0284564627c""
}"
/Users/anna.nardi/Library/CloudStorage/OneDrive-Raccoltecondivise-DuckyNetworkS.r.l/E-Commerce - FOTO PRODOTTO 2019_2022_2023_2024_2025/DISCHI/WK3/WK3109R.jpg,WK3109R,41160759,OK,"{
    ""image_id"": ""6a635772e39ee1be6b306551"",
    ""thumbnail"": ""https:\/\/cdn.storeden.net\/secache\/6a635772e39ee1be6b306551"",
    ""original"": ""https:\/\/egress.storeden.net\/gallery\/6a635772e39ee1be6b306551""
}"
/Users/anna.nardi/Library/CloudStorage/OneDrive-Raccoltecondivise-DuckyNetworkS.r.l/E-Commerce - FOTO PRODOTTO 2019_2022_2023_2024_2025/DISCHI/WK3/WK3111R.jpg,WK3111R,41160763,OK,"{
    ""image_id"": ""6a635776e39ee1c26b306547"",
    ""thumbnail"": ""https:\/\/cdn.storeden.net\/secache\/6a635776e39ee1c26b306547"",
    ""original"": ""https:\/\/egress.storeden.net\/gallery\/6a635776e39ee1c26b306547""
}"
/Users/anna.nardi/Library/CloudStorage/OneDrive-Raccoltecondivise-DuckyNetworkS.r.l/E-Commerce - FOTO PRODOTTO 2019_2022_2023_2024_2025/DISCHI/WK3/WK3117L.jpg,WK3117L,41160764,OK,"{
    ""image_id"": ""6a63577cbe7ea090a26461cd"",
    ""thumbnail"": ""https:\/\/cdn.storeden.net\/secache\/6a63577cbe7ea090a26461cd"",
    ""original"": ""https:\/\/egress.storeden.net\/gallery\/6a63577cbe7ea090a26461cd""
}"
/Users/anna.nardi/Library/CloudStorage/OneDrive-Raccoltecondivise-DuckyNetworkS.r.l/E-Commerce - FOTO PRODOTTO 2019_2022_2023_2024_2025/DISCHI/WK3/WK3117R.jpg,WK3117R,41160765,OK,"{
    ""image_id"": ""6a635782e39ee1be6b306562"",
    ""thumbnail"": ""https:\/\/cdn.storeden.net\/secache\/6a635782e39ee1be6b306562"",
    ""original"": ""https:\/\/egress.storeden.net\/gallery\/6a635782e39ee1be6b306562""
}"
/Users/anna.nardi/Library/CloudStorage/OneDrive-Raccoltecondivise-DuckyNetworkS.r.l/E-Commerce - FOTO PRODOTTO 2019_2022_2023_2024_2025/DISCHI/WK3/WK3126L.jpg,WK3126L,41160768,OK,"{
    ""image_id"": ""6a635785be7ea00d5f6462c9"",
    ""thumbnail"": ""https:\/\/cdn.storeden.net\/secache\/6a635785be7ea00d5f6462c9"",
    ""original"": ""https:\/\/egress.storeden.net\/gallery\/6a635785be7ea00d5f6462c9""
}"
/Users/anna.nardi/Library/CloudStorage/OneDrive-Raccoltecondivise-DuckyNetworkS.r.l/E-Commerce - FOTO PRODOTTO 2019_2022_2023_2024_2025/DISCHI/WK3/WK3134L.jpg,WK3134L,41160772,OK,"{
    ""image_id"": ""6a635788be7ea0ffa06461e2"",
    ""thumbnail"": ""https:\/\/cdn.storeden.net\/secache\/6a635788be7ea0ffa06461e2"",
    ""original"": ""https:\/\/egress.storeden.net\/gallery\/6a635788be7ea0ffa06461e2""
}"
/Users/anna.nardi/Library/CloudStorage/OneDrive-Raccoltecondivise-DuckyNetworkS.r.l/E-Commerce - FOTO PRODOTTO 2019_2022_2023_2024_2025/DISCHI/WK3/WK3134R.jpg,WK3134R,41160773,OK,"{
    ""image_id"": ""6a63578bbe7ea06aa66461c3"",
    ""thumbnail"": ""https:\/\/cdn.storeden.net\/secache\/6a63578bbe7ea06aa66461c3"",
    ""original"": ""https:\/\/egress.storeden.net\/gallery\/6a63578bbe7ea06aa66461c3""
}"
/Users/anna.nardi/Library/CloudStorage/OneDrive-Raccoltecondivise-DuckyNetworkS.r.l/E-Commerce - FOTO PRODOTTO 2019_2022_2023_2024_2025/DISCHI/WK3/WK3135L.jpg,WK3135L,41160774,OK,"{
    ""image_id"": ""6a63578de39ee1986b30657a"",
    ""thumbnail"": ""https:\/\/cdn.storeden.net\/secache\/6a63578de39ee1986b30657a"",
    ""original"": ""https:\/\/egress.storeden.net\/gallery\/6a63578de39ee1986b30657a""
}"
/Users/anna.nardi/Library/CloudStorage/OneDrive-Raccoltecondivise-DuckyNetworkS.r.l/E-Commerce - FOTO PRODOTTO 2019_2022_2023_2024_2025/DISCHI/WK3/WK3140L.jpg,WK3140L,41160779,OK,"{
    ""image_id"": ""6a635791be7ea02845646289"",
    ""thumbnail"": ""https:\/\/cdn.storeden.net\/secache\/6a635791be7ea02845646289"",
    ""original"": ""https:\/\/egress.storeden.net\/gallery\/6a635791be7ea02845646289""
}"
/Users/anna.nardi/Library/CloudStorage/OneDrive-Raccoltecondivise-DuckyNetworkS.r.l/E-Commerce - FOTO PRODOTTO 2019_2022_2023_2024_2025/DISCHI/WK3/WK3140R.jpg,WK3140R,41160780,OK,"{
    ""image_id"": ""6a635794e39ee1586c306514"",
    ""thumbnail"": ""https:\/\/cdn.storeden.net\/secache\/6a635794e39ee1586c306514"",
    ""original"": ""https:\/\/egress.storeden.net\/gallery\/6a635794e39ee1586c306514""
}"
/Users/anna.nardi/Library/CloudStorage/OneDrive-Raccoltecondivise-DuckyNetworkS.r.l/E-Commerce - FOTO PRODOTTO 2019_2022_2023_2024_2025/DISCHI/WK3/WK3142L.jpg,WK3142L,41160781,OK,"{
    ""image_id"": ""6a635797e39ee1876b306585"",
    ""thumbnail"": ""https:\/\/cdn.storeden.net\/secache\/6a635797e39ee1876b306585"",
    ""original"": ""https:\/\/egress.storeden.net\/gallery\/6a635797e39ee1876b306585""
}"
/Users/anna.nardi/Library/CloudStorage/OneDrive-Raccoltecondivise-DuckyNetworkS.r.l/E-Commerce - FOTO PRODOTTO 2019_2022_2023_2024_2025/DISCHI/WK3/WK3142R.jpg,WK3142R,41160782,OK,"{
    ""image_id"": ""6a63579be39ee1986b306580"",
    ""thumbnail"": ""https:\/\/cdn.storeden.net\/secache\/6a63579be39ee1986b306580"",
    ""original"": ""https:\/\/egress.storeden.net\/gallery\/6a63579be39ee1986b306580""
}"
/Users/anna.nardi/Library/CloudStorage/OneDrive-Raccoltecondivise-DuckyNetworkS.r.l/E-Commerce - FOTO PRODOTTO 2019_2022_2023_2024_2025/DISCHI/WK3/WK3144L.jpg,WK3144L,41160783,OK,"{
    ""image_id"": ""6a63579ee39ee1516b306603"",
    ""thumbnail"": ""https:\/\/cdn.storeden.net\/secache\/6a63579ee39ee1516b306603"",
    ""original"": ""https:\/\/egress.storeden.net\/gallery\/6a63579ee39ee1516b306603""
}"
/Users/anna.nardi/Library/CloudStorage/OneDrive-Raccoltecondivise-DuckyNetworkS.r.l/E-Commerce - FOTO PRODOTTO 2019_2022_2023_2024_2025/DISCHI/WK3/WK3144R.jpg,WK3144R,41160784,OK,"{
    ""image_id"": ""6a6357a2e39ee1516b306609"",
    ""thumbnail"": ""https:\/\/cdn.storeden.net\/secache\/6a6357a2e39ee1516b306609"",
    ""original"": ""https:\/\/egress.storeden.net\/gallery\/6a6357a2e39ee1516b306609""
}"
/Users/anna.nardi/Library/CloudStorage/OneDrive-Raccoltecondivise-DuckyNetworkS.r.l/E-Commerce - FOTO PRODOTTO 2019_2022_2023_2024_2025/DISCHI/WK3/WK3147L.jpg,WK3147L,41160789,OK,"{
    ""image_id"": ""6a6357a5e39ee16d6a306642"",
    ""thumbnail"": ""https:\/\/cdn.storeden.net\/secache\/6a6357a5e39ee16d6a306642"",
    ""original"": ""https:\/\/egress.storeden.net\/gallery\/6a6357a5e39ee16d6a306642""
}"
/Users/anna.nardi/Library/CloudStorage/OneDrive-Raccoltecondivise-DuckyNetworkS.r.l/E-Commerce - FOTO PRODOTTO 2019_2022_2023_2024_2025/DISCHI/WK3/WK3147R.png,WK3147R,41160790,OK,"{
    ""image_id"": ""6a6357a9be7ea010a86461be"",
    ""thumbnail"": ""https:\/\/cdn.storeden.net\/secache\/6a6357a9be7ea010a86461be"",
    ""original"": ""https:\/\/egress.storeden.net\/gallery\/6a6357a9be7ea010a86461be""
}"
/Users/anna.nardi/Library/CloudStorage/OneDrive-Raccoltecondivise-DuckyNetworkS.r.l/E-Commerce - FOTO PRODOTTO 2019_2022_2023_2024_2025/DISCHI/WK3/WK3148L.jpg,WK3148L,41160791,OK,"{
    ""image_id"": ""6a6357ace39ee1586c30651b"",
    ""thumbnail"": ""https:\/\/cdn.storeden.net\/secache\/6a6357ace39ee1586c30651b"",
    ""original"": ""https:\/\/egress.storeden.net\/gallery\/6a6357ace39ee1586c30651b""
}"
/Users/anna.nardi/Library/CloudStorage/OneDrive-Raccoltecondivise-DuckyNetworkS.r.l/E-Commerce - FOTO PRODOTTO 2019_2022_2023_2024_2025/DISCHI/WK3/WK3148R.jpg,WK3148R,41160792,OK,"{
    ""image_id"": ""6a6357aebe7ea010a86461c7"",
    ""thumbnail"": ""https:\/\/cdn.storeden.net\/secache\/6a6357aebe7ea010a86461c7"",
    ""original"": ""https:\/\/egress.storeden.net\/gallery\/6a6357aebe7ea010a86461c7""
}"
/Users/anna.nardi/Library/CloudStorage/OneDrive-Raccoltecondivise-DuckyNetworkS.r.l/E-Commerce - FOTO PRODOTTO 2019_2022_2023_2024_2025/DISCHI/WK3/WK3149L.jpg,WK3149L,41160793,OK,"{
    ""image_id"": ""6a6357b1e39ee1596a30664f"",
    ""thumbnail"": ""https:\/\/cdn.storeden.net\/secache\/6a6357b1e39ee1596a30664f"",
    ""original"": ""https:\/\/egress.storeden.net\/gallery\/6a6357b1e39ee1596a30664f""
}"
/Users/anna.nardi/Library/CloudStorage/OneDrive-Raccoltecondivise-DuckyNetworkS.r.l/E-Commerce - FOTO PRODOTTO 2019_2022_2023_2024_2025/DISCHI/WK3/WK3149R.jpg,WK3149R,41160794,OK,"{
    ""image_id"": ""6a6357b4be7ea09e5364624b"",
    ""thumbnail"": ""https:\/\/cdn.storeden.net\/secache\/6a6357b4be7ea09e5364624b"",
    ""original"": ""https:\/\/egress.storeden.net\/gallery\/6a6357b4be7ea09e5364624b""
}"
/Users/anna.nardi/Library/CloudStorage/OneDrive-Raccoltecondivise-DuckyNetworkS.r.l/E-Commerce - FOTO PRODOTTO 2019_2022_2023_2024_2025/DISCHI/WK3/WK3150L.jpg,WK3150L,41160795,OK,"{
    ""image_id"": ""6a6357b6e39ee1516b30660f"",
    ""thumbnail"": ""https:\/\/cdn.storeden.net\/secache\/6a6357b6e39ee1516b30660f"",
    ""original"": ""https:\/\/egress.storeden.net\/gallery\/6a6357b6e39ee1516b30660f""
}"
/Users/anna.nardi/Library/CloudStorage/OneDrive-Raccoltecondivise-DuckyNetworkS.r.l/E-Commerce - FOTO PRODOTTO 2019_2022_2023_2024_2025/DISCHI/WK3/WK3150R.jpg,WK3150R,41160796,OK,"{
    ""image_id"": ""6a6357b9e39ee14d6c306514"",
    ""thumbnail"": ""https:\/\/cdn.storeden.net\/secache\/6a6357b9e39ee14d6c306514"",
    ""original"": ""https:\/\/egress.storeden.net\/gallery\/6a6357b9e39ee14d6c306514""
}"
/Users/anna.nardi/Library/CloudStorage/OneDrive-Raccoltecondivise-DuckyNetworkS.r.l/E-Commerce - FOTO PRODOTTO 2019_2022_2023_2024_2025/DISCHI/WK3/WK3154L.jpg,WK3154L,41160801,OK,"{
    ""image_id"": ""6a6357bbe39ee1c26b30654d"",
    ""thumbnail"": ""https:\/\/cdn.storeden.net\/secache\/6a6357bbe39ee1c26b30654d"",
    ""original"": ""https:\/\/egress.storeden.net\/gallery\/6a6357bbe39ee1c26b30654d""
}"
/Users/anna.nardi/Library/CloudStorage/OneDrive-Raccoltecondivise-DuckyNetworkS.r.l/E-Commerce - FOTO PRODOTTO 2019_2022_2023_2024_2025/DISCHI/WK3/WK3154R.jpg,WK3154R,41160802,OK,"{
    ""image_id"": ""6a6357bebe7ea01e4e646415"",
    ""thumbnail"": ""https:\/\/cdn.storeden.net\/secache\/6a6357bebe7ea01e4e646415"",
    ""original"": ""https:\/\/egress.storeden.net\/gallery\/6a6357bebe7ea01e4e646415""
}"
/Users/anna.nardi/Library/CloudStorage/OneDrive-Raccoltecondivise-DuckyNetworkS.r.l/E-Commerce - FOTO PRODOTTO 2019_2022_2023_2024_2025/DISCHI/WK3/WK3156R.jpg,WK3156R,41160804,OK,"{
    ""image_id"": ""6a6357c8e39ee1876b30658b"",
    ""thumbnail"": ""https:\/\/cdn.storeden.net\/secache\/6a6357c8e39ee1876b30658b"",
    ""original"": ""https:\/\/egress.storeden.net\/gallery\/6a6357c8e39ee1876b30658b""
}"
/Users/anna.nardi/Library/CloudStorage/OneDrive-Raccoltecondivise-DuckyNetworkS.r.l/E-Commerce - FOTO PRODOTTO 2019_2022_2023_2024_2025/DISCHI/WK3/WK3158L.jpg,WK3158L,41160805,OK,"{
    ""image_id"": ""6a6357cdbe7ea0fba76461bd"",
    ""thumbnail"": ""https:\/\/cdn.storeden.net\/secache\/6a6357cdbe7ea0fba76461bd"",
    ""original"": ""https:\/\/egress.storeden.net\/gallery\/6a6357cdbe7ea0fba76461bd""
}"
/Users/anna.nardi/Library/CloudStorage/OneDrive-Raccoltecondivise-DuckyNetworkS.r.l/E-Commerce - FOTO PRODOTTO 2019_2022_2023_2024_2025/DISCHI/WK3/WK3158R.jpg,WK3158R,41160806,OK,"{
    ""image_id"": ""6a6357d0be7ea0a8a26461d3"",
    ""thumbnail"": ""https:\/\/cdn.storeden.net\/secache\/6a6357d0be7ea0a8a26461d3"",
    ""original"": ""https:\/\/egress.storeden.net\/gallery\/6a6357d0be7ea0a8a26461d3""
}"
/Users/anna.nardi/Library/CloudStorage/OneDrive-Raccoltecondivise-DuckyNetworkS.r.l/E-Commerce - FOTO PRODOTTO 2019_2022_2023_2024_2025/DISCHI/WK3/WK3160R.jpg,WK3160R,41160807,OK,"{
    ""image_id"": ""6a6357d5e39ee1506c306523"",
    ""thumbnail"": ""https:\/\/cdn.storeden.net\/secache\/6a6357d5e39ee1506c306523"",
    ""original"": ""https:\/\/egress.storeden.net\/gallery\/6a6357d5e39ee1506c306523""
}"
/Users/anna.nardi/Library/CloudStorage/OneDrive-Raccoltecondivise-DuckyNetworkS.r.l/E-Commerce - FOTO PRODOTTO 2019_2022_2023_2024_2025/DISCHI/WK3/WK3161L.jpg,WK3161L,41160808,OK,"{
    ""image_id"": ""6a6357dae39ee1d96b30654d"",
    ""thumbnail"": ""https:\/\/cdn.storeden.net\/secache\/6a6357dae39ee1d96b30654d"",
    ""original"": ""https:\/\/egress.storeden.net\/gallery\/6a6357dae39ee1d96b30654d""
}"
/Users/anna.nardi/Library/CloudStorage/OneDrive-Raccoltecondivise-DuckyNetworkS.r.l/E-Commerce - FOTO PRODOTTO 2019_2022_2023_2024_2025/DISCHI/WK3/WK3161R.jpg,WK3161R,41160809,OK,"{
    ""image_id"": ""6a6357dee39ee1836c306514"",
    ""thumbnail"": ""https:\/\/cdn.storeden.net\/secache\/6a6357dee39ee1836c306514"",
    ""original"": ""https:\/\/egress.storeden.net\/gallery\/6a6357dee39ee1836c306514""
}"
/Users/anna.nardi/Library/CloudStorage/OneDrive-Raccoltecondivise-DuckyNetworkS.r.l/E-Commerce - FOTO PRODOTTO 2019_2022_2023_2024_2025/DISCHI/WK3/WK3162L.jpg,WK3162L,41160810,OK,"{
    ""image_id"": ""6a6357e3e39ee1986b306586"",
    ""thumbnail"": ""https:\/\/cdn.storeden.net\/secache\/6a6357e3e39ee1986b306586"",
    ""original"": ""https:\/\/egress.storeden.net\/gallery\/6a6357e3e39ee1986b306586""
}"
/Users/anna.nardi/Library/CloudStorage/OneDrive-Raccoltecondivise-DuckyNetworkS.r.l/E-Commerce - FOTO PRODOTTO 2019_2022_2023_2024_2025/DISCHI/WK3/WK3162R.jpg,WK3162R,41160811,OK,"{
    ""image_id"": ""6a6357e7e39ee1916b3065d0"",
    ""thumbnail"": ""https:\/\/cdn.storeden.net\/secache\/6a6357e7e39ee1916b3065d0"",
    ""original"": ""https:\/\/egress.storeden.net\/gallery\/6a6357e7e39ee1916b3065d0""
}"
/Users/anna.nardi/Library/CloudStorage/OneDrive-Raccoltecondivise-DuckyNetworkS.r.l/E-Commerce - FOTO PRODOTTO 2019_2022_2023_2024_2025/DISCHI/WK3/WK3163R.jpg,WK3163R,41464573,OK,"{
    ""image_id"": ""6a6357ece39ee1586c306521"",
    ""thumbnail"": ""https:\/\/cdn.storeden.net\/secache\/6a6357ece39ee1586c306521"",
    ""original"": ""https:\/\/egress.storeden.net\/gallery\/6a6357ece39ee1586c306521""
}"
/Users/anna.nardi/Library/CloudStorage/OneDrive-Raccoltecondivise-DuckyNetworkS.r.l/E-Commerce - FOTO PRODOTTO 2019_2022_2023_2024_2025/DISCHI/WK3/WK3164L.jpg,WK3164L,41160812,OK,"{
    ""image_id"": ""6a6357efe39ee1876b306598"",
    ""thumbnail"": ""https:\/\/cdn.storeden.net\/secache\/6a6357efe39ee1876b306598"",
    ""original"": ""https:\/\/egress.storeden.net\/gallery\/6a6357efe39ee1876b306598""
}"
/Users/anna.nardi/Library/CloudStorage/OneDrive-Raccoltecondivise-DuckyNetworkS.r.l/E-Commerce - FOTO PRODOTTO 2019_2022_2023_2024_2025/DISCHI/WK3/WK3165L.jpg,WK3165L,41160814,OK,"{
    ""image_id"": ""6a6357f4e39ee16d6a306649"",
    ""thumbnail"": ""https:\/\/cdn.storeden.net\/secache\/6a6357f4e39ee16d6a306649"",
    ""original"": ""https:\/\/egress.storeden.net\/gallery\/6a6357f4e39ee16d6a306649""
}"
/Users/anna.nardi/Library/CloudStorage/OneDrive-Raccoltecondivise-DuckyNetworkS.r.l/E-Commerce - FOTO PRODOTTO 2019_2022_2023_2024_2025/DISCHI/WK3/WK3165R.jpg,WK3165R,41160815,OK,"{
    ""image_id"": ""6a6357f8be7ea01e4e64641f"",
    ""thumbnail"": ""https:\/\/cdn.storeden.net\/secache\/6a6357f8be7ea01e4e64641f"",
    ""original"": ""https:\/\/egress.storeden.net\/gallery\/6a6357f8be7ea01e4e64641f""
}"
/Users/anna.nardi/Library/CloudStorage/OneDrive-Raccoltecondivise-DuckyNetworkS.r.l/E-Commerce - FOTO PRODOTTO 2019_2022_2023_2024_2025/DISCHI/W-FLO/WL1001.jpg,WL1001,41160818,OK,"{
    ""image_id"": ""6a635803e39ee14d6c30651b"",
    ""thumbnail"": ""https:\/\/cdn.storeden.net\/secache\/6a635803e39ee14d6c30651b"",
    ""original"": ""https:\/\/egress.storeden.net\/gallery\/6a635803e39ee14d6c30651b""
}"
/Users/anna.nardi/Library/CloudStorage/OneDrive-Raccoltecondivise-DuckyNetworkS.r.l/E-Commerce - FOTO PRODOTTO 2019_2022_2023_2024_2025/DISCHI/W-FLO/WL4002.jpg,WL4002,41160819,OK,"{
    ""image_id"": ""6a63580ebe7ea06b696461f8"",
    ""thumbnail"": ""https:\/\/cdn.storeden.net\/secache\/6a63580ebe7ea06b696461f8"",
    ""original"": ""https:\/\/egress.storeden.net\/gallery\/6a63580ebe7ea06b696461f8""
}"
/Users/anna.nardi/Library/CloudStorage/OneDrive-Raccoltecondivise-DuckyNetworkS.r.l/E-Commerce - FOTO PRODOTTO 2019_2022_2023_2024_2025/DISCHI/W-FLO/WL4003.jpg,WL4003,41160820,OK,"{
    ""image_id"": ""6a63581ae39ee1c46c306514"",
    ""thumbnail"": ""https:\/\/cdn.storeden.net\/secache\/6a63581ae39ee1c46c306514"",
    ""original"": ""https:\/\/egress.storeden.net\/gallery\/6a63581ae39ee1c46c306514""
}"
/Users/anna.nardi/Library/CloudStorage/OneDrive-Raccoltecondivise-DuckyNetworkS.r.l/E-Commerce - FOTO PRODOTTO 2019_2022_2023_2024_2025/DISCHI/W-FLO/WL4005.jpg,WL4005,41160821,OK,"{
    ""image_id"": ""6a635826e39ee1c26b30655b"",
    ""thumbnail"": ""https:\/\/cdn.storeden.net\/secache\/6a635826e39ee1c26b30655b"",
    ""original"": ""https:\/\/egress.storeden.net\/gallery\/6a635826e39ee1c26b30655b""
}"
/Users/anna.nardi/Library/CloudStorage/OneDrive-Raccoltecondivise-DuckyNetworkS.r.l/E-Commerce - FOTO PRODOTTO 2019_2022_2023_2024_2025/DISCHI/W-FLO/WL4007.jpg,WL4007,41160822,OK,"{
    ""image_id"": ""6a635830e39ee14d6c30652d"",
    ""thumbnail"": ""https:\/\/cdn.storeden.net\/secache\/6a635830e39ee14d6c30652d"",
    ""original"": ""https:\/\/egress.storeden.net\/gallery\/6a635830e39ee14d6c30652d""
}"
/Users/anna.nardi/Library/CloudStorage/OneDrive-Raccoltecondivise-DuckyNetworkS.r.l/E-Commerce - FOTO PRODOTTO 2019_2022_2023_2024_2025/DISCHI/W-FLO/WL4008.jpg,WL4008,41160823,OK,"{
    ""image_id"": ""6a635838e39ee1836c306544"",
    ""thumbnail"": ""https:\/\/cdn.storeden.net\/secache\/6a635838e39ee1836c306544"",
    ""original"": ""https:\/\/egress.storeden.net\/gallery\/6a635838e39ee1836c306544""
}"
/Users/anna.nardi/Library/CloudStorage/OneDrive-Raccoltecondivise-DuckyNetworkS.r.l/E-Commerce - FOTO PRODOTTO 2019_2022_2023_2024_2025/DISCHI/W-FLO/WL4010.jpg,WL4010,41160824,OK,"{
    ""image_id"": ""6a63583ee39ee1586c306530"",
    ""thumbnail"": ""https:\/\/cdn.storeden.net\/secache\/6a63583ee39ee1586c306530"",
    ""original"": ""https:\/\/egress.storeden.net\/gallery\/6a63583ee39ee1586c306530""
}"
/Users/anna.nardi/Library/CloudStorage/OneDrive-Raccoltecondivise-DuckyNetworkS.r.l/E-Commerce - FOTO PRODOTTO 2019_2022_2023_2024_2025/DISCHI/W-FLO/WL4012.jpg,WL4012,41160825,OK,"{
    ""image_id"": ""6a635848be7ea09e53646279"",
    ""thumbnail"": ""https:\/\/cdn.storeden.net\/secache\/6a635848be7ea09e53646279"",
    ""original"": ""https:\/\/egress.storeden.net\/gallery\/6a635848be7ea09e53646279""
}"
/Users/anna.nardi/Library/CloudStorage/OneDrive-Raccoltecondivise-DuckyNetworkS.r.l/E-Commerce - FOTO PRODOTTO 2019_2022_2023_2024_2025/DISCHI/W-FLO/WL4014.jpg,WL4014,41160826,OK,"{
    ""image_id"": ""6a635856e39ee14d6c30653e"",
    ""thumbnail"": ""https:\/\/cdn.storeden.net\/secache\/6a635856e39ee14d6c30653e"",
    ""original"": ""https:\/\/egress.storeden.net\/gallery\/6a635856e39ee14d6c30653e""
}"
/Users/anna.nardi/Library/CloudStorage/OneDrive-Raccoltecondivise-DuckyNetworkS.r.l/E-Commerce - FOTO PRODOTTO 2019_2022_2023_2024_2025/DISCHI/W-FLO/WL4016.jpg,WL4016,41160827,OK,"{
    ""image_id"": ""6a63585fbe7ea08f6c64621d"",
    ""thumbnail"": ""https:\/\/cdn.storeden.net\/secache\/6a63585fbe7ea08f6c64621d"",
    ""original"": ""https:\/\/egress.storeden.net\/gallery\/6a63585fbe7ea08f6c64621d""
}"
/Users/anna.nardi/Library/CloudStorage/OneDrive-Raccoltecondivise-DuckyNetworkS.r.l/E-Commerce - FOTO PRODOTTO 2019_2022_2023_2024_2025/DISCHI/W-FLO/WL7001L.jpg,WL7001L,41160828,OK,"{
    ""image_id"": ""6a635867e39ee1c46c306524"",
    ""thumbnail"": ""https:\/\/cdn.storeden.net\/secache\/6a635867e39ee1c46c306524"",
    ""original"": ""https:\/\/egress.storeden.net\/gallery\/6a635867e39ee1c46c306524""
}"
/Users/anna.nardi/Library/CloudStorage/OneDrive-Raccoltecondivise-DuckyNetworkS.r.l/E-Commerce - FOTO PRODOTTO 2019_2022_2023_2024_2025/DISCHI/W-FLO/WL8001L.jpg,WL8001L,41160829,OK,"{
    ""image_id"": ""6a63586ee39ee14d6c30654e"",
    ""thumbnail"": ""https:\/\/cdn.storeden.net\/secache\/6a63586ee39ee14d6c30654e"",
    ""original"": ""https:\/\/egress.storeden.net\/gallery\/6a63586ee39ee14d6c30654e""
}"
/Users/anna.nardi/Library/CloudStorage/OneDrive-Raccoltecondivise-DuckyNetworkS.r.l/E-Commerce - FOTO PRODOTTO 2019_2022_2023_2024_2025/DISCHI/W-FLO/WL8001R.jpg,WL8001R,41160830,OK,"{
    ""image_id"": ""6a63587fe39ee1506c306584"",
    ""thumbnail"": ""https:\/\/cdn.storeden.net\/secache\/6a63587fe39ee1506c306584"",
    ""original"": ""https:\/\/egress.storeden.net\/gallery\/6a63587fe39ee1506c306584""
}"
/Users/anna.nardi/Library/CloudStorage/OneDrive-Raccoltecondivise-DuckyNetworkS.r.l/E-Commerce - FOTO PRODOTTO 2019_2022_2023_2024_2025/DISCHI/W-FLO/WL8002R.jpg,WL8002R,41160831,OK,"{
    ""image_id"": ""6a63588de39ee1836c306554"",
    ""thumbnail"": ""https:\/\/cdn.storeden.net\/secache\/6a63588de39ee1836c306554"",
    ""original"": ""https:\/\/egress.storeden.net\/gallery\/6a63588de39ee1836c306554""
}"
/Users/anna.nardi/Library/CloudStorage/OneDrive-Raccoltecondivise-DuckyNetworkS.r.l/E-Commerce - FOTO PRODOTTO 2019_2022_2023_2024_2025/DISCHI/W-FLO/WL8003L.jpg,WL8003L,41160832,OK,"{
    ""image_id"": ""6a635896e39ee1836c306565"",
    ""thumbnail"": ""https:\/\/cdn.storeden.net\/secache\/6a635896e39ee1836c306565"",
    ""original"": ""https:\/\/egress.storeden.net\/gallery\/6a635896e39ee1836c306565""
}"
/Users/anna.nardi/Library/CloudStorage/OneDrive-Raccoltecondivise-DuckyNetworkS.r.l/E-Commerce - FOTO PRODOTTO 2019_2022_2023_2024_2025/DISCHI/W-FLO/WL8003R.jpg,WL8003R,41160833,OK,"{
    ""image_id"": ""6a6358a1e39ee1d86c306514"",
    ""thumbnail"": ""https:\/\/cdn.storeden.net\/secache\/6a6358a1e39ee1d86c306514"",
    ""original"": ""https:\/\/egress.storeden.net\/gallery\/6a6358a1e39ee1d86c306514""
}"
/Users/anna.nardi/Library/CloudStorage/OneDrive-Raccoltecondivise-DuckyNetworkS.r.l/E-Commerce - FOTO PRODOTTO 2019_2022_2023_2024_2025/DISCHI/R-FIX/YA01RI.jpg,YA01RI,41160834,OK,"{
    ""image_id"": ""6a6358ade39ee1616d306514"",
    ""thumbnail"": ""https:\/\/cdn.storeden.net\/secache\/6a6358ade39ee1616d306514"",
    ""original"": ""https:\/\/egress.storeden.net\/gallery\/6a6358ade39ee1616d306514""
}"
/Users/anna.nardi/Library/CloudStorage/OneDrive-Raccoltecondivise-DuckyNetworkS.r.l/E-Commerce - FOTO PRODOTTO 2019_2022_2023_2024_2025/DISCHI/R-FIX/YA01RID.jpg,YA01RID,41160835,OK,"{
    ""image_id"": ""6a6358bae39ee1226d306515"",
    ""thumbnail"": ""https:\/\/cdn.storeden.net\/secache\/6a6358bae39ee1226d306515"",
    ""original"": ""https:\/\/egress.storeden.net\/gallery\/6a6358bae39ee1226d306515""
}"
/Users/anna.nardi/Library/CloudStorage/OneDrive-Raccoltecondivise-DuckyNetworkS.r.l/E-Commerce - FOTO PRODOTTO 2019_2022_2023_2024_2025/DISCHI/R-FIX/YA02FI.jpg,YA02FI,41160836,OK,"{
    ""image_id"": ""6a6358bfbe7ea094a264622e"",
    ""thumbnail"": ""https:\/\/cdn.storeden.net\/secache\/6a6358bfbe7ea094a264622e"",
    ""original"": ""https:\/\/egress.storeden.net\/gallery\/6a6358bfbe7ea094a264622e""
}"
/Users/anna.nardi/Library/CloudStorage/OneDrive-Raccoltecondivise-DuckyNetworkS.r.l/E-Commerce - FOTO PRODOTTO 2019_2022_2023_2024_2025/DISCHI/R-FIX/YA02RI.jpg,YA02RI,41160837,OK,"{
    ""image_id"": ""6a6358c6be7ea04ba86461c4"",
    ""thumbnail"": ""https:\/\/cdn.storeden.net\/secache\/6a6358c6be7ea04ba86461c4"",
    ""original"": ""https:\/\/egress.storeden.net\/gallery\/6a6358c6be7ea04ba86461c4""
}"
/Users/anna.nardi/Library/CloudStorage/OneDrive-Raccoltecondivise-DuckyNetworkS.r.l/E-Commerce - FOTO PRODOTTO 2019_2022_2023_2024_2025/DISCHI/R-FIX/YA03FI.jpg,YA03FI,41160838,OK,"{
    ""image_id"": ""6a6358d0e39ee1686d306514"",
    ""thumbnail"": ""https:\/\/cdn.storeden.net\/secache\/6a6358d0e39ee1686d306514"",
    ""original"": ""https:\/\/egress.storeden.net\/gallery\/6a6358d0e39ee1686d306514""
}"
/Users/anna.nardi/Library/CloudStorage/OneDrive-Raccoltecondivise-DuckyNetworkS.r.l/E-Commerce - FOTO PRODOTTO 2019_2022_2023_2024_2025/DISCHI/R-FIX/YA03RI.jpg,YA03RI,41160839,OK,"{
    ""image_id"": ""6a6358d7e39ee1586c306542"",
    ""thumbnail"": ""https:\/\/cdn.storeden.net\/secache\/6a6358d7e39ee1586c306542"",
    ""original"": ""https:\/\/egress.storeden.net\/gallery\/6a6358d7e39ee1586c306542""
}"
/Users/anna.nardi/Library/CloudStorage/OneDrive-Raccoltecondivise-DuckyNetworkS.r.l/E-Commerce - FOTO PRODOTTO 2019_2022_2023_2024_2025/DISCHI/R-FIX/YA05FI.jpg,YA05FI,41160840,OK,"{
    ""image_id"": ""6a6358dfe39ee1d86c306527"",
    ""thumbnail"": ""https:\/\/cdn.storeden.net\/secache\/6a6358dfe39ee1d86c306527"",
    ""original"": ""https:\/\/egress.storeden.net\/gallery\/6a6358dfe39ee1d86c306527""
}"
/Users/anna.nardi/Library/CloudStorage/OneDrive-Raccoltecondivise-DuckyNetworkS.r.l/E-Commerce - FOTO PRODOTTO 2019_2022_2023_2024_2025/DISCHI/R-FIX/YA05FID.jpg,YA05FID,41160841,OK,"{
    ""image_id"": ""6a6358e8be7ea0b4ab6461bc"",
    ""thumbnail"": ""https:\/\/cdn.storeden.net\/secache\/6a6358e8be7ea0b4ab6461bc"",
    ""original"": ""https:\/\/egress.storeden.net\/gallery\/6a6358e8be7ea0b4ab6461bc""
}"
/Users/anna.nardi/Library/CloudStorage/OneDrive-Raccoltecondivise-DuckyNetworkS.r.l/E-Commerce - FOTO PRODOTTO 2019_2022_2023_2024_2025/DISCHI/R-FIX/YA06FID.jpg,YA06FID,41160842,OK,"{
    ""image_id"": ""6a6358f6be7ea01fac6461be"",
    ""thumbnail"": ""https:\/\/cdn.storeden.net\/secache\/6a6358f6be7ea01fac6461be"",
    ""original"": ""https:\/\/egress.storeden.net\/gallery\/6a6358f6be7ea01fac6461be""
}"
/Users/anna.nardi/Library/CloudStorage/OneDrive-Raccoltecondivise-DuckyNetworkS.r.l/E-Commerce - FOTO PRODOTTO 2019_2022_2023_2024_2025/DISCHI/R-FIX/YA08RI.jpg,YA08RI,41160843,OK,"{
    ""image_id"": ""6a635903e39ee1636d30651e"",
    ""thumbnail"": ""https:\/\/cdn.storeden.net\/secache\/6a635903e39ee1636d30651e"",
    ""original"": ""https:\/\/egress.storeden.net\/gallery\/6a635903e39ee1636d30651e""
}"
/Users/anna.nardi/Library/CloudStorage/OneDrive-Raccoltecondivise-DuckyNetworkS.r.l/E-Commerce - FOTO PRODOTTO 2019_2022_2023_2024_2025/DISCHI/R-FIX/YA08RID.jpg,YA08RID,41160844,OK,"{
    ""image_id"": ""6a63590ce39ee1b56b30659f"",
    ""thumbnail"": ""https:\/\/cdn.storeden.net\/secache\/6a63590ce39ee1b56b30659f"",
    ""original"": ""https:\/\/egress.storeden.net\/gallery\/6a63590ce39ee1b56b30659f""
}"
/Users/anna.nardi/Library/CloudStorage/OneDrive-Raccoltecondivise-DuckyNetworkS.r.l/E-Commerce - FOTO PRODOTTO 2019_2022_2023_2024_2025/DISCHI/R-FIX/YA09RI.jpg,YA09RI,41160845,OK,"{
    ""image_id"": ""6a635914e39ee1876b3065a8"",
    ""thumbnail"": ""https:\/\/cdn.storeden.net\/secache\/6a635914e39ee1876b3065a8"",
    ""original"": ""https:\/\/egress.storeden.net\/gallery\/6a635914e39ee1876b3065a8""
}"
/Users/anna.nardi/Library/CloudStorage/OneDrive-Raccoltecondivise-DuckyNetworkS.r.l/E-Commerce - FOTO PRODOTTO 2019_2022_2023_2024_2025/DISCHI/R-FIX/YA09RID.jpg,YA09RID,41160846,OK,"{
    ""image_id"": ""6a635921e39ee16a6d306514"",
    ""thumbnail"": ""https:\/\/cdn.storeden.net\/secache\/6a635921e39ee16a6d306514"",
    ""original"": ""https:\/\/egress.storeden.net\/gallery\/6a635921e39ee16a6d306514""
}"
/Users/anna.nardi/Library/CloudStorage/OneDrive-Raccoltecondivise-DuckyNetworkS.r.l/E-Commerce - FOTO PRODOTTO 2019_2022_2023_2024_2025/DISCHI/R-FIX/YA10RID.jpg,YA10RID,41160847,OK,"{
    ""image_id"": ""6a63592dbe7ea06aa66461fe"",
    ""thumbnail"": ""https:\/\/cdn.storeden.net\/secache\/6a63592dbe7ea06aa66461fe"",
    ""original"": ""https:\/\/egress.storeden.net\/gallery\/6a63592dbe7ea06aa66461fe""
}"
/Users/anna.nardi/Library/CloudStorage/OneDrive-Raccoltecondivise-DuckyNetworkS.r.l/E-Commerce - FOTO PRODOTTO 2019_2022_2023_2024_2025/DISCHI/R-FIX/YA12FI.jpg,YA12FI,41160848,OK,"{
    ""image_id"": ""6a635936e39ee1616d306533"",
    ""thumbnail"": ""https:\/\/cdn.storeden.net\/secache\/6a635936e39ee1616d306533"",
    ""original"": ""https:\/\/egress.storeden.net\/gallery\/6a635936e39ee1616d306533""
}"
/Users/anna.nardi/Library/CloudStorage/OneDrive-Raccoltecondivise-DuckyNetworkS.r.l/E-Commerce - FOTO PRODOTTO 2019_2022_2023_2024_2025/DISCHI/R-FIX/YA12FID.jpg,YA12FID,41160849,OK,"{
    ""image_id"": ""6a635942e39ee1d96b3065a6"",
    ""thumbnail"": ""https:\/\/cdn.storeden.net\/secache\/6a635942e39ee1d96b3065a6"",
    ""original"": ""https:\/\/egress.storeden.net\/gallery\/6a635942e39ee1d96b3065a6""
}"
/Users/anna.nardi/Library/CloudStorage/OneDrive-Raccoltecondivise-DuckyNetworkS.r.l/E-Commerce - FOTO PRODOTTO 2019_2022_2023_2024_2025/DISCHI/R-FIX/YA17FI.jpg,YA17FI,41160850,OK,"{
    ""image_id"": ""6a63594dbe7ea07b53646264"",
    ""thumbnail"": ""https:\/\/cdn.storeden.net\/secache\/6a63594dbe7ea07b53646264"",
    ""original"": ""https:\/\/egress.storeden.net\/gallery\/6a63594dbe7ea07b53646264""
}"
/Users/anna.nardi/Library/CloudStorage/OneDrive-Raccoltecondivise-DuckyNetworkS.r.l/E-Commerce - FOTO PRODOTTO 2019_2022_2023_2024_2025/DISCHI/R-FIX/YA18FID.jpg,YA18FID,41160851,OK,"{
    ""image_id"": ""6a63595be39ee1d86c306541"",
    ""thumbnail"": ""https:\/\/cdn.storeden.net\/secache\/6a63595be39ee1d86c306541"",
    ""original"": ""https:\/\/egress.storeden.net\/gallery\/6a63595be39ee1d86c306541""
}"
/Users/anna.nardi/Library/CloudStorage/OneDrive-Raccoltecondivise-DuckyNetworkS.r.l/E-Commerce - FOTO PRODOTTO 2019_2022_2023_2024_2025/DISCHI/R-FIX/YA19FI.jpg,YA19FI,41160852,OK,"{
    ""image_id"": ""6a635965be7ea004ac6461ca"",
    ""thumbnail"": ""https:\/\/cdn.storeden.net\/secache\/6a635965be7ea004ac6461ca"",
    ""original"": ""https:\/\/egress.storeden.net\/gallery\/6a635965be7ea004ac6461ca""
}"
/Users/anna.nardi/Library/CloudStorage/OneDrive-Raccoltecondivise-DuckyNetworkS.r.l/E-Commerce - FOTO PRODOTTO 2019_2022_2023_2024_2025/DISCHI/R-FIX/YA21FL.jpg,YA21FL,41160853,OK,"{
    ""image_id"": ""6a635977e39ee1696d306539"",
    ""thumbnail"": ""https:\/\/cdn.storeden.net\/secache\/6a635977e39ee1696d306539"",
    ""original"": ""https:\/\/egress.storeden.net\/gallery\/6a635977e39ee1696d306539""
}"
/Users/anna.nardi/Library/CloudStorage/OneDrive-Raccoltecondivise-DuckyNetworkS.r.l/E-Commerce - FOTO PRODOTTO 2019_2022_2023_2024_2025/DISCHI/W-FIX/YA22FID.jpg,YA22FID,41160854,OK,"{
    ""image_id"": ""6a635981e39ee1b56b3065bb"",
    ""thumbnail"": ""https:\/\/cdn.storeden.net\/secache\/6a635981e39ee1b56b3065bb"",
    ""original"": ""https:\/\/egress.storeden.net\/gallery\/6a635981e39ee1b56b3065bb""
}"
/Users/anna.nardi/Library/CloudStorage/OneDrive-Raccoltecondivise-DuckyNetworkS.r.l/E-Commerce - FOTO PRODOTTO 2019_2022_2023_2024_2025/DISCHI/W-FIX/YA22RID.jpg,YA22RID,41160855,OK,"{
    ""image_id"": ""6a63598dbe7ea007ac6461c5"",
    ""thumbnail"": ""https:\/\/cdn.storeden.net\/secache\/6a63598dbe7ea007ac6461c5"",
    ""original"": ""https:\/\/egress.storeden.net\/gallery\/6a63598dbe7ea007ac6461c5""
}"
/Users/anna.nardi/Library/CloudStorage/OneDrive-Raccoltecondivise-DuckyNetworkS.r.l/E-Commerce - FOTO PRODOTTO 2019_2022_2023_2024_2025/DISCHI/R-FIX/YA23RI.jpg,YA23RI,41232184,OK,"{
    ""image_id"": ""6a635999be7ea02aac6461d1"",
    ""thumbnail"": ""https:\/\/cdn.storeden.net\/secache\/6a635999be7ea02aac6461d1"",
    ""original"": ""https:\/\/egress.storeden.net\/gallery\/6a635999be7ea02aac6461d1""
}"
/Users/anna.nardi/Library/CloudStorage/OneDrive-Raccoltecondivise-DuckyNetworkS.r.l/E-Commerce - FOTO PRODOTTO 2019_2022_2023_2024_2025/DISCHI/W-FIX/YA23RID.jpg,YA23RID,41160856,OK,"{
    ""image_id"": ""6a6359a3be7ea0ba63646255"",
    ""thumbnail"": ""https:\/\/cdn.storeden.net\/secache\/6a6359a3be7ea0ba63646255"",
    ""original"": ""https:\/\/egress.storeden.net\/gallery\/6a6359a3be7ea0ba63646255""
}"
/Users/anna.nardi/Library/CloudStorage/OneDrive-Raccoltecondivise-DuckyNetworkS.r.l/E-Commerce - FOTO PRODOTTO 2019_2022_2023_2024_2025/DISCHI/W-FIX/YA24RID.jpg,YA24RID,41160857,OK,"{
    ""image_id"": ""6a6359ade39ee1d86c30656b"",
    ""thumbnail"": ""https:\/\/cdn.storeden.net\/secache\/6a6359ade39ee1d86c30656b"",
    ""original"": ""https:\/\/egress.storeden.net\/gallery\/6a6359ade39ee1d86c30656b""
}"
/Users/anna.nardi/Library/CloudStorage/OneDrive-Raccoltecondivise-DuckyNetworkS.r.l/E-Commerce - FOTO PRODOTTO 2019_2022_2023_2024_2025/DISCHI/W-FIX/YA25FID.jpg,YA25FID,41160858,OK,"{
    ""image_id"": ""6a6359b3be7ea03f45646343"",
    ""thumbnail"": ""https:\/\/cdn.storeden.net\/secache\/6a6359b3be7ea03f45646343"",
    ""original"": ""https:\/\/egress.storeden.net\/gallery\/6a6359b3be7ea03f45646343""
}"
/Users/anna.nardi/Library/CloudStorage/OneDrive-Raccoltecondivise-DuckyNetworkS.r.l/E-Commerce - FOTO PRODOTTO 2019_2022_2023_2024_2025/DISCHI/W-FIX/YA30FID.jpg,YA30FID,41160859,OK,"{
    ""image_id"": ""6a631c58be7ea0bd4e646205"",
    ""thumbnail"": ""https:\/\/cdn.storeden.net\/secache\/6a631c58be7ea0bd4e646205"",
    ""original"": ""https:\/\/egress.storeden.net\/gallery\/6a631c58be7ea0bd4e646205""
}"
/Users/anna.nardi/Library/CloudStorage/OneDrive-Raccoltecondivise-DuckyNetworkS.r.l/E-Commerce - FOTO PRODOTTO 2019_2022_2023_2024_2025/DISCHI/W-FIX/YA30RID.jpg,YA30RID,41160860,OK,"{
    ""image_id"": ""6a631c0a202628e405b09ec8"",
    ""thumbnail"": ""https:\/\/cdn.storeden.net\/secache\/6a631c0a202628e405b09ec8"",
    ""original"": ""https:\/\/egress.storeden.net\/gallery\/6a631c0a202628e405b09ec8""
}"
/Users/anna.nardi/Library/CloudStorage/OneDrive-Raccoltecondivise-DuckyNetworkS.r.l/E-Commerce - FOTO PRODOTTO 2019_2022_2023_2024_2025/DISCHI/W-FIX/YA31RID.jpg,YA31RID,41160861,OK,"{
    ""image_id"": ""6a631beebe7ea0794c646213"",
    ""thumbnail"": ""https:\/\/cdn.storeden.net\/secache\/6a631beebe7ea0794c646213"",
    ""original"": ""https:\/\/egress.storeden.net\/gallery\/6a631beebe7ea0794c646213""
}"
/Users/anna.nardi/Library/CloudStorage/OneDrive-Raccoltecondivise-DuckyNetworkS.r.l/E-Commerce - FOTO PRODOTTO 2019_2022_2023_2024_2025/DISCHI/W-FIX/YA32FID.jpg,YA32FID,41160862,OK,"{
    ""image_id"": ""6a6359dde39ee1d86c30657b"",
    ""thumbnail"": ""https:\/\/cdn.storeden.net\/secache\/6a6359dde39ee1d86c30657b"",
    ""original"": ""https:\/\/egress.storeden.net\/gallery\/6a6359dde39ee1d86c30657b""
}"
/Users/anna.nardi/Library/CloudStorage/OneDrive-Raccoltecondivise-DuckyNetworkS.r.l/E-Commerce - FOTO PRODOTTO 2019_2022_2023_2024_2025/DISCHI/R-FIX/YA32RI.jpg,YA32RI,41160863,OK,"{
    ""image_id"": ""6a6359e5e39ee1d86c30658c"",
    ""thumbnail"": ""https:\/\/cdn.storeden.net\/secache\/6a6359e5e39ee1d86c30658c"",
    ""original"": ""https:\/\/egress.storeden.net\/gallery\/6a6359e5e39ee1d86c30658c""
}"
/Users/anna.nardi/Library/CloudStorage/OneDrive-Raccoltecondivise-DuckyNetworkS.r.l/E-Commerce - FOTO PRODOTTO 2019_2022_2023_2024_2025/DISCHI/W-FIX/YA32RID.jpg,YA32RID,41160864,OK,"{
    ""image_id"": ""6a6359ebe39ee1766d306515"",
    ""thumbnail"": ""https:\/\/cdn.storeden.net\/secache\/6a6359ebe39ee1766d306515"",
    ""original"": ""https:\/\/egress.storeden.net\/gallery\/6a6359ebe39ee1766d306515""
}"
/Users/anna.nardi/Library/CloudStorage/OneDrive-Raccoltecondivise-DuckyNetworkS.r.l/E-Commerce - FOTO PRODOTTO 2019_2022_2023_2024_2025/DISCHI/R-FIX/YA34RI.jpg,YA34RI,41160865,OK,"{
    ""image_id"": ""6a6359f4e39ee1fc6d30652a"",
    ""thumbnail"": ""https:\/\/cdn.storeden.net\/secache\/6a6359f4e39ee1fc6d30652a"",
    ""original"": ""https:\/\/egress.storeden.net\/gallery\/6a6359f4e39ee1fc6d30652a""
}"
/Users/anna.nardi/Library/CloudStorage/OneDrive-Raccoltecondivise-DuckyNetworkS.r.l/E-Commerce - FOTO PRODOTTO 2019_2022_2023_2024_2025/DISCHI/W-FIX/YA34RID.jpg,YA34RID,41160866,OK,"{
    ""image_id"": ""6a6359ffe39ee1d16d306524"",
    ""thumbnail"": ""https:\/\/cdn.storeden.net\/secache\/6a6359ffe39ee1d16d306524"",
    ""original"": ""https:\/\/egress.storeden.net\/gallery\/6a6359ffe39ee1d16d306524""
}"
/Users/anna.nardi/Library/CloudStorage/OneDrive-Raccoltecondivise-DuckyNetworkS.r.l/E-Commerce - FOTO PRODOTTO 2019_2022_2023_2024_2025/DISCHI/W-FIX/YA39FID.jpg,YA39FID,41160867,OK,"{
    ""image_id"": ""6a635a09e39ee1c26d306560"",
    ""thumbnail"": ""https:\/\/cdn.storeden.net\/secache\/6a635a09e39ee1c26d306560"",
    ""original"": ""https:\/\/egress.storeden.net\/gallery\/6a635a09e39ee1c26d306560""
}"
/Users/anna.nardi/Library/CloudStorage/OneDrive-Raccoltecondivise-DuckyNetworkS.r.l/E-Commerce - FOTO PRODOTTO 2019_2022_2023_2024_2025/DISCHI/W-FIX/YA43RID.jpg,YA43RID,41160868,OK,"{
    ""image_id"": ""6a631bb7202628913fb09ef5"",
    ""thumbnail"": ""https:\/\/cdn.storeden.net\/secache\/6a631bb7202628913fb09ef5"",
    ""original"": ""https:\/\/egress.storeden.net\/gallery\/6a631bb7202628913fb09ef5""
}"
/Users/anna.nardi/Library/CloudStorage/OneDrive-Raccoltecondivise-DuckyNetworkS.r.l/E-Commerce - FOTO PRODOTTO 2019_2022_2023_2024_2025/DISCHI/R-FIX/YA44RI.jpg,YA44RI,41160869,OK,"{
    ""image_id"": ""6a635a1ae39ee1686d306583"",
    ""thumbnail"": ""https:\/\/cdn.storeden.net\/secache\/6a635a1ae39ee1686d306583"",
    ""original"": ""https:\/\/egress.storeden.net\/gallery\/6a635a1ae39ee1686d306583""
}"
/Users/anna.nardi/Library/CloudStorage/OneDrive-Raccoltecondivise-DuckyNetworkS.r.l/E-Commerce - FOTO PRODOTTO 2019_2022_2023_2024_2025/DISCHI/W-FIX/YA44RID.JPG,YA44RID,41160870,OK,"{
    ""image_id"": ""6a635a23e39ee11a6e30651b"",
    ""thumbnail"": ""https:\/\/cdn.storeden.net\/secache\/6a635a23e39ee11a6e30651b"",
    ""original"": ""https:\/\/egress.storeden.net\/gallery\/6a635a23e39ee11a6e30651b""
}"
/Users/anna.nardi/Library/CloudStorage/OneDrive-Raccoltecondivise-DuckyNetworkS.r.l/E-Commerce - FOTO PRODOTTO 2019_2022_2023_2024_2025/DISCHI/W-FLO/YA45FLD.jpg,YA45FLD,41160871,OK,"{
    ""image_id"": ""6a635a2be39ee1766d306539"",
    ""thumbnail"": ""https:\/\/cdn.storeden.net\/secache\/6a635a2be39ee1766d306539"",
    ""original"": ""https:\/\/egress.storeden.net\/gallery\/6a635a2be39ee1766d306539""
}"
/Users/anna.nardi/Library/CloudStorage/OneDrive-Raccoltecondivise-DuckyNetworkS.r.l/E-Commerce - FOTO PRODOTTO 2019_2022_2023_2024_2025/DISCHI/W-FLO/YA46FLD.jpg,YA46FLD,41160872,OK,"{
    ""image_id"": ""6a635a35e39ee18d6d306557"",
    ""thumbnail"": ""https:\/\/cdn.storeden.net\/secache\/6a635a35e39ee18d6d306557"",
    ""original"": ""https:\/\/egress.storeden.net\/gallery\/6a635a35e39ee18d6d306557""
}"
/Users/anna.nardi/Library/CloudStorage/OneDrive-Raccoltecondivise-DuckyNetworkS.r.l/E-Commerce - FOTO PRODOTTO 2019_2022_2023_2024_2025/DISCHI/W-FIX/YA46RID.jpg,YA46RID,41160873,OK,"{
    ""image_id"": ""6a635a3ebe7ea0a44e646298"",
    ""thumbnail"": ""https:\/\/cdn.storeden.net\/secache\/6a635a3ebe7ea0a44e646298"",
    ""original"": ""https:\/\/egress.storeden.net\/gallery\/6a635a3ebe7ea0a44e646298""
}"
/Users/anna.nardi/Library/CloudStorage/OneDrive-Raccoltecondivise-DuckyNetworkS.r.l/E-Commerce - FOTO PRODOTTO 2019_2022_2023_2024_2025/DISCHI/W-FLO/YA47FLD.jpg,YA47FLD,41160874,OK,"{
    ""image_id"": ""6a635a4dbe7ea02b496462eb"",
    ""thumbnail"": ""https:\/\/cdn.storeden.net\/secache\/6a635a4dbe7ea02b496462eb"",
    ""original"": ""https:\/\/egress.storeden.net\/gallery\/6a635a4dbe7ea02b496462eb""
}"
/Users/anna.nardi/Library/CloudStorage/OneDrive-Raccoltecondivise-DuckyNetworkS.r.l/E-Commerce - FOTO PRODOTTO 2019_2022_2023_2024_2025/DISCHI/W-FIX/YA47RID.jpg,YA47RID,41160875,OK,"{
    ""image_id"": ""6a635a5ce39ee1bf6d30659d"",
    ""thumbnail"": ""https:\/\/cdn.storeden.net\/secache\/6a635a5ce39ee1bf6d30659d"",
    ""original"": ""https:\/\/egress.storeden.net\/gallery\/6a635a5ce39ee1bf6d30659d""
}"
/Users/anna.nardi/Library/CloudStorage/OneDrive-Raccoltecondivise-DuckyNetworkS.r.l/E-Commerce - FOTO PRODOTTO 2019_2022_2023_2024_2025/DISCHI/R-FIX/YA48RI.jpg,YA48RI,41160876,OK,"{
    ""image_id"": ""6a635a66be7ea04f576464da"",
    ""thumbnail"": ""https:\/\/cdn.storeden.net\/secache\/6a635a66be7ea04f576464da"",
    ""original"": ""https:\/\/egress.storeden.net\/gallery\/6a635a66be7ea04f576464da""
}"
/Users/anna.nardi/Library/CloudStorage/OneDrive-Raccoltecondivise-DuckyNetworkS.r.l/E-Commerce - FOTO PRODOTTO 2019_2022_2023_2024_2025/DISCHI/W-FIX/YA48RID.jpg,YA48RID,41160877,OK,"{
    ""image_id"": ""6a635a72be7ea0fdab6461d3"",
    ""thumbnail"": ""https:\/\/cdn.storeden.net\/secache\/6a635a72be7ea0fdab6461d3"",
    ""original"": ""https:\/\/egress.storeden.net\/gallery\/6a635a72be7ea0fdab6461d3""
}"
/Users/anna.nardi/Library/CloudStorage/OneDrive-Raccoltecondivise-DuckyNetworkS.r.l/E-Commerce - FOTO PRODOTTO 2019_2022_2023_2024_2025/DISCHI/W-FIX/YA51RID.jpg,YA51RID,41160878,OK,"{
    ""image_id"": ""6a631b7400f2208b273d6380"",
    ""thumbnail"": ""https:\/\/cdn.storeden.net\/secache\/6a631b7400f2208b273d6380"",
    ""original"": ""https:\/\/egress.storeden.net\/gallery\/6a631b7400f2208b273d6380""
}"
/Users/anna.nardi/Library/CloudStorage/OneDrive-Raccoltecondivise-DuckyNetworkS.r.l/E-Commerce - FOTO PRODOTTO 2019_2022_2023_2024_2025/DISCHI/W-FIX/YA52RID.jpg,YA52RID,41160879,OK,"{
    ""image_id"": ""6a635a89e39ee1756e306532"",
    ""thumbnail"": ""https:\/\/cdn.storeden.net\/secache\/6a635a89e39ee1756e306532"",
    ""original"": ""https:\/\/egress.storeden.net\/gallery\/6a635a89e39ee1756e306532""
}"
