file,sku,uid,status,message
/Users/anna.nardi/Library/CloudStorage/OneDrive-Raccoltecondivise-DuckyNetworkS.r.l/E-Commerce - FOTO PRODOTTO 2019_2022_2023_2024_2025/PASTIGLIE/CM44/200CM44.jpg,200CM44,41158734,DRY_RUN_OK,
/Users/anna.nardi/Library/CloudStorage/OneDrive-Raccoltecondivise-DuckyNetworkS.r.l/E-Commerce - FOTO PRODOTTO 2019_2022_2023_2024_2025/PASTIGLIE/CM88/218CM88.jpg,218CM88,41158740,DRY_RUN_OK,
/Users/anna.nardi/Library/CloudStorage/OneDrive-Raccoltecondivise-DuckyNetworkS.r.l/E-Commerce - FOTO PRODOTTO 2019_2022_2023_2024_2025/PASTIGLIE/CM55/220CM55.jpg,220CM55,41158743,DRY_RUN_OK,
/Users/anna.nardi/Library/CloudStorage/OneDrive-Raccoltecondivise-DuckyNetworkS.r.l/E-Commerce - FOTO PRODOTTO 2019_2022_2023_2024_2025/PASTIGLIE/CM55/222CM55.jpg,222CM55,41158745,DRY_RUN_OK,
/Users/anna.nardi/Library/CloudStorage/OneDrive-Raccoltecondivise-DuckyNetworkS.r.l/E-Commerce - FOTO PRODOTTO 2019_2022_2023_2024_2025/PASTIGLIE/CM55/223CM55.jpg,223CM55,41158746,DRY_RUN_OK,
/Users/anna.nardi/Library/CloudStorage/OneDrive-Raccoltecondivise-DuckyNetworkS.r.l/E-Commerce - FOTO PRODOTTO 2019_2022_2023_2024_2025/PASTIGLIE/CM55/224CM55.jpg,224CM55,41158747,DRY_RUN_OK,
/Users/anna.nardi/Library/CloudStorage/OneDrive-Raccoltecondivise-DuckyNetworkS.r.l/E-Commerce - FOTO PRODOTTO 2019_2022_2023_2024_2025/PASTIGLIE/CM55/225CM55.jpg,225CM55,41158748,DRY_RUN_OK,
/Users/anna.nardi/Library/CloudStorage/OneDrive-Raccoltecondivise-DuckyNetworkS.r.l/E-Commerce - FOTO PRODOTTO 2019_2022_2023_2024_2025/PASTIGLIE/CM56/228CM56.jpg,228CM56,41158751,DRY_RUN_OK,
/Users/anna.nardi/Library/CloudStorage/OneDrive-Raccoltecondivise-DuckyNetworkS.r.l/E-Commerce - FOTO PRODOTTO 2019_2022_2023_2024_2025/PASTIGLIE/CM56/612CM56.jpg,612CM56,41158752,DRY_RUN_OK,
/Users/anna.nardi/Library/CloudStorage/OneDrive-Raccoltecondivise-DuckyNetworkS.r.l/E-Commerce - FOTO PRODOTTO 2019_2022_2023_2024_2025/PASTIGLIE/CM55/613CM55.jpg,613CM55,41158754,DRY_RUN_OK,
/Users/anna.nardi/Library/CloudStorage/OneDrive-Raccoltecondivise-DuckyNetworkS.r.l/E-Commerce - FOTO PRODOTTO 2019_2022_2023_2024_2025/PASTIGLIE/CM56/613CM56.jpg,613CM56,41158755,DRY_RUN_OK,
/Users/anna.nardi/Library/CloudStorage/OneDrive-Raccoltecondivise-DuckyNetworkS.r.l/E-Commerce - FOTO PRODOTTO 2019_2022_2023_2024_2025/PASTIGLIE/SM1/622SM1.jpg,622SM1,41158759,DRY_RUN_OK,
/Users/anna.nardi/Library/CloudStorage/OneDrive-Raccoltecondivise-DuckyNetworkS.r.l/E-Commerce - FOTO PRODOTTO 2019_2022_2023_2024_2025/PASTIGLIE/SM1/644SM1.jpg,644SM1,41158760,DRY_RUN_OK,
/Users/anna.nardi/Library/CloudStorage/OneDrive-Raccoltecondivise-DuckyNetworkS.r.l/E-Commerce - FOTO PRODOTTO 2019_2022_2023_2024_2025/PASTIGLIE/SM1/645SM1.jpg,645SM1,41158761,DRY_RUN_OK,
/Users/anna.nardi/Library/CloudStorage/OneDrive-Raccoltecondivise-DuckyNetworkS.r.l/E-Commerce - FOTO PRODOTTO 2019_2022_2023_2024_2025/PASTIGLIE/SM1/646SM1.jpg,646SM1,41158762,DRY_RUN_OK,
/Users/anna.nardi/Library/CloudStorage/OneDrive-Raccoltecondivise-DuckyNetworkS.r.l/E-Commerce - FOTO PRODOTTO 2019_2022_2023_2024_2025/PASTIGLIE/CM44/669CM44.jpg,669CM44,41158769,DRY_RUN_OK,
/Users/anna.nardi/Library/CloudStorage/OneDrive-Raccoltecondivise-DuckyNetworkS.r.l/E-Commerce - FOTO PRODOTTO 2019_2022_2023_2024_2025/PASTIGLIE/SM1/679SM1.jpg,679SM1,41158773,DRY_RUN_OK,
/Users/anna.nardi/Library/CloudStorage/OneDrive-Raccoltecondivise-DuckyNetworkS.r.l/E-Commerce - FOTO PRODOTTO 2019_2022_2023_2024_2025/PASTIGLIE/SM1/681SM1.jpg,681SM1,41158775,DRY_RUN_OK,
/Users/anna.nardi/Library/CloudStorage/OneDrive-Raccoltecondivise-DuckyNetworkS.r.l/E-Commerce - FOTO PRODOTTO 2019_2022_2023_2024_2025/PASTIGLIE/SM1/683SM1.jpg,683SM1,41158776,DRY_RUN_OK,
/Users/anna.nardi/Library/CloudStorage/OneDrive-Raccoltecondivise-DuckyNetworkS.r.l/E-Commerce - FOTO PRODOTTO 2019_2022_2023_2024_2025/PASTIGLIE/CM44/686CM44.jpg,686CM44,41158779,DRY_RUN_OK,
/Users/anna.nardi/Library/CloudStorage/OneDrive-Raccoltecondivise-DuckyNetworkS.r.l/E-Commerce - FOTO PRODOTTO 2019_2022_2023_2024_2025/PASTIGLIE/CM46/686CM46.jpg,686CM46,41158780,DRY_RUN_OK,
/Users/anna.nardi/Library/CloudStorage/OneDrive-Raccoltecondivise-DuckyNetworkS.r.l/E-Commerce - FOTO PRODOTTO 2019_2022_2023_2024_2025/PASTIGLIE/SM1/687SM1.jpg,687SM1,41158782,DRY_RUN_OK,
/Users/anna.nardi/Library/CloudStorage/OneDrive-Raccoltecondivise-DuckyNetworkS.r.l/E-Commerce - FOTO PRODOTTO 2019_2022_2023_2024_2025/PASTIGLIE/CM55/688CM55.jpg,688CM55,41158783,DRY_RUN_OK,
/Users/anna.nardi/Library/CloudStorage/OneDrive-Raccoltecondivise-DuckyNetworkS.r.l/E-Commerce - FOTO PRODOTTO 2019_2022_2023_2024_2025/PASTIGLIE/CM66/688CM66.jpg,688CM66,41158784,DRY_RUN_OK,
/Users/anna.nardi/Library/CloudStorage/OneDrive-Raccoltecondivise-DuckyNetworkS.r.l/E-Commerce - FOTO PRODOTTO 2019_2022_2023_2024_2025/PASTIGLIE/CM44/696CM44.jpg,696CM44,41158789,DRY_RUN_OK,
/Users/anna.nardi/Library/CloudStorage/OneDrive-Raccoltecondivise-DuckyNetworkS.r.l/E-Commerce - FOTO PRODOTTO 2019_2022_2023_2024_2025/PASTIGLIE/CM56/696CM56.jpg,696CM56,41158790,DRY_RUN_OK,
/Users/anna.nardi/Library/CloudStorage/OneDrive-Raccoltecondivise-DuckyNetworkS.r.l/E-Commerce - FOTO PRODOTTO 2019_2022_2023_2024_2025/PASTIGLIE/CM56/698CM56.jpg,698CM56,41158792,DRY_RUN_OK,
/Users/anna.nardi/Library/CloudStorage/OneDrive-Raccoltecondivise-DuckyNetworkS.r.l/E-Commerce - FOTO PRODOTTO 2019_2022_2023_2024_2025/PASTIGLIE/SM1/698SM1.jpg,698SM1,41158793,DRY_RUN_OK,
/Users/anna.nardi/Library/CloudStorage/OneDrive-Raccoltecondivise-DuckyNetworkS.r.l/E-Commerce - FOTO PRODOTTO 2019_2022_2023_2024_2025/PASTIGLIE/CM44/700CM44.jpg,700CM44,41158794,DRY_RUN_OK,
/Users/anna.nardi/Library/CloudStorage/OneDrive-Raccoltecondivise-DuckyNetworkS.r.l/E-Commerce - FOTO PRODOTTO 2019_2022_2023_2024_2025/PASTIGLIE/SM1/700SM1.jpg,700SM1,41158795,DRY_RUN_OK,
/Users/anna.nardi/Library/CloudStorage/OneDrive-Raccoltecondivise-DuckyNetworkS.r.l/E-Commerce - FOTO PRODOTTO 2019_2022_2023_2024_2025/PASTIGLIE/CM44/701CM44.jpg,701CM44,41158796,DRY_RUN_OK,
/Users/anna.nardi/Library/CloudStorage/OneDrive-Raccoltecondivise-DuckyNetworkS.r.l/E-Commerce - FOTO PRODOTTO 2019_2022_2023_2024_2025/PASTIGLIE/CM46/701CM46.jpg,701CM46,41158797,DRY_RUN_OK,
/Users/anna.nardi/Library/CloudStorage/OneDrive-Raccoltecondivise-DuckyNetworkS.r.l/E-Commerce - FOTO PRODOTTO 2019_2022_2023_2024_2025/PASTIGLIE/CM44/702CM44.jpg,702CM44,41158799,DRY_RUN_OK,
/Users/anna.nardi/Library/CloudStorage/OneDrive-Raccoltecondivise-DuckyNetworkS.r.l/E-Commerce - FOTO PRODOTTO 2019_2022_2023_2024_2025/PASTIGLIE/CM44/703CM44.jpg,703CM44,41158801,DRY_RUN_OK,
/Users/anna.nardi/Library/CloudStorage/OneDrive-Raccoltecondivise-DuckyNetworkS.r.l/E-Commerce - FOTO PRODOTTO 2019_2022_2023_2024_2025/PASTIGLIE/CM55/704CM55.jpg,704CM55,41158803,DRY_RUN_OK,
/Users/anna.nardi/Library/CloudStorage/OneDrive-Raccoltecondivise-DuckyNetworkS.r.l/E-Commerce - FOTO PRODOTTO 2019_2022_2023_2024_2025/PASTIGLIE/SM1/704SM1.jpg,704SM1,41158804,DRY_RUN_OK,
/Users/anna.nardi/Library/CloudStorage/OneDrive-Raccoltecondivise-DuckyNetworkS.r.l/E-Commerce - FOTO PRODOTTO 2019_2022_2023_2024_2025/PASTIGLIE/CM44/705CM44.jpg,705CM44,41158805,DRY_RUN_OK,
/Users/anna.nardi/Library/CloudStorage/OneDrive-Raccoltecondivise-DuckyNetworkS.r.l/E-Commerce - FOTO PRODOTTO 2019_2022_2023_2024_2025/PASTIGLIE/SM1/705SM1.jpg,705SM1,41158806,DRY_RUN_OK,
/Users/anna.nardi/Library/CloudStorage/OneDrive-Raccoltecondivise-DuckyNetworkS.r.l/E-Commerce - FOTO PRODOTTO 2019_2022_2023_2024_2025/PASTIGLIE/CM55/707CM55.jpg,707CM55,41158807,DRY_RUN_OK,
/Users/anna.nardi/Library/CloudStorage/OneDrive-Raccoltecondivise-DuckyNetworkS.r.l/E-Commerce - FOTO PRODOTTO 2019_2022_2023_2024_2025/PASTIGLIE/SM1/709SM1.jpg,709SM1,41158809,DRY_RUN_OK,
/Users/anna.nardi/Library/CloudStorage/OneDrive-Raccoltecondivise-DuckyNetworkS.r.l/E-Commerce - FOTO PRODOTTO 2019_2022_2023_2024_2025/PASTIGLIE/CM56/711CM56.jpg,711CM56,41158810,DRY_RUN_OK,
/Users/anna.nardi/Library/CloudStorage/OneDrive-Raccoltecondivise-DuckyNetworkS.r.l/E-Commerce - FOTO PRODOTTO 2019_2022_2023_2024_2025/PASTIGLIE/SM1/712SM1.jpg,712SM1,41158812,DRY_RUN_OK,
/Users/anna.nardi/Library/CloudStorage/OneDrive-Raccoltecondivise-DuckyNetworkS.r.l/E-Commerce - FOTO PRODOTTO 2019_2022_2023_2024_2025/PASTIGLIE/CM55/715CM55.jpg,715CM55,41158813,DRY_RUN_OK,
/Users/anna.nardi/Library/CloudStorage/OneDrive-Raccoltecondivise-DuckyNetworkS.r.l/E-Commerce - FOTO PRODOTTO 2019_2022_2023_2024_2025/PASTIGLIE/CM55/716CM55.jpg,716CM55,41158815,DRY_RUN_OK,
/Users/anna.nardi/Library/CloudStorage/OneDrive-Raccoltecondivise-DuckyNetworkS.r.l/E-Commerce - FOTO PRODOTTO 2019_2022_2023_2024_2025/PASTIGLIE/SM1/717SM1.jpg,717SM1,41158817,DRY_RUN_OK,
/Users/anna.nardi/Library/CloudStorage/OneDrive-Raccoltecondivise-DuckyNetworkS.r.l/E-Commerce - FOTO PRODOTTO 2019_2022_2023_2024_2025/PASTIGLIE/CM56/719CM56.jpg,719CM56,41158818,DRY_RUN_OK,
/Users/anna.nardi/Library/CloudStorage/OneDrive-Raccoltecondivise-DuckyNetworkS.r.l/E-Commerce - FOTO PRODOTTO 2019_2022_2023_2024_2025/PASTIGLIE/CM55/720CM55.jpg,720CM55,41158820,DRY_RUN_OK,
/Users/anna.nardi/Library/CloudStorage/OneDrive-Raccoltecondivise-DuckyNetworkS.r.l/E-Commerce - FOTO PRODOTTO 2019_2022_2023_2024_2025/PASTIGLIE/CM56/720CM56.jpg,720CM56,41158821,DRY_RUN_OK,
/Users/anna.nardi/Library/CloudStorage/OneDrive-Raccoltecondivise-DuckyNetworkS.r.l/E-Commerce - FOTO PRODOTTO 2019_2022_2023_2024_2025/PASTIGLIE/CM44/722CM44.jpg,722CM44,41158823,DRY_RUN_OK,
/Users/anna.nardi/Library/CloudStorage/OneDrive-Raccoltecondivise-DuckyNetworkS.r.l/E-Commerce - FOTO PRODOTTO 2019_2022_2023_2024_2025/PASTIGLIE/CM44/725CM44.jpg,725CM44,41158825,DRY_RUN_OK,
/Users/anna.nardi/Library/CloudStorage/OneDrive-Raccoltecondivise-DuckyNetworkS.r.l/E-Commerce - FOTO PRODOTTO 2019_2022_2023_2024_2025/PASTIGLIE/SM1/728SM1.jpg,728SM1,41158828,DRY_RUN_OK,
/Users/anna.nardi/Library/CloudStorage/OneDrive-Raccoltecondivise-DuckyNetworkS.r.l/E-Commerce - FOTO PRODOTTO 2019_2022_2023_2024_2025/PASTIGLIE/SM1/729SM1.jpg,729SM1,41158829,DRY_RUN_OK,
/Users/anna.nardi/Library/CloudStorage/OneDrive-Raccoltecondivise-DuckyNetworkS.r.l/E-Commerce - FOTO PRODOTTO 2019_2022_2023_2024_2025/PASTIGLIE/CM77/732CM77.jpg,732CM77,41158830,DRY_RUN_OK,
/Users/anna.nardi/Library/CloudStorage/OneDrive-Raccoltecondivise-DuckyNetworkS.r.l/E-Commerce - FOTO PRODOTTO 2019_2022_2023_2024_2025/PASTIGLIE/CM88/734CM88.jpg,734CM88,41158831,DRY_RUN_OK,
/Users/anna.nardi/Library/CloudStorage/OneDrive-Raccoltecondivise-DuckyNetworkS.r.l/E-Commerce - FOTO PRODOTTO 2019_2022_2023_2024_2025/PASTIGLIE/SM1/735SM1.jpg,735SM1,41158832,DRY_RUN_OK,
/Users/anna.nardi/Library/CloudStorage/OneDrive-Raccoltecondivise-DuckyNetworkS.r.l/E-Commerce - FOTO PRODOTTO 2019_2022_2023_2024_2025/PASTIGLIE/SM1/739SM1.jpg,739SM1,41158834,DRY_RUN_OK,
/Users/anna.nardi/Library/CloudStorage/OneDrive-Raccoltecondivise-DuckyNetworkS.r.l/E-Commerce - FOTO PRODOTTO 2019_2022_2023_2024_2025/PASTIGLIE/CM56/742CM56.jpg,742CM56,41158836,DRY_RUN_OK,
/Users/anna.nardi/Library/CloudStorage/OneDrive-Raccoltecondivise-DuckyNetworkS.r.l/E-Commerce - FOTO PRODOTTO 2019_2022_2023_2024_2025/PASTIGLIE/SM1/743SM1.jpg,743SM1,41158838,DRY_RUN_OK,
/Users/anna.nardi/Library/CloudStorage/OneDrive-Raccoltecondivise-DuckyNetworkS.r.l/E-Commerce - FOTO PRODOTTO 2019_2022_2023_2024_2025/PASTIGLIE/CM44/746CM44.jpg,746CM44,41158840,DRY_RUN_OK,
/Users/anna.nardi/Library/CloudStorage/OneDrive-Raccoltecondivise-DuckyNetworkS.r.l/E-Commerce - FOTO PRODOTTO 2019_2022_2023_2024_2025/PASTIGLIE/CM46/746CM46.jpg,746CM46,41158841,DRY_RUN_OK,
/Users/anna.nardi/Library/CloudStorage/OneDrive-Raccoltecondivise-DuckyNetworkS.r.l/E-Commerce - FOTO PRODOTTO 2019_2022_2023_2024_2025/PASTIGLIE/CM55/746CM55.jpg,746CM55,41158842,DRY_RUN_OK,
/Users/anna.nardi/Library/CloudStorage/OneDrive-Raccoltecondivise-DuckyNetworkS.r.l/E-Commerce - FOTO PRODOTTO 2019_2022_2023_2024_2025/PASTIGLIE/CM56/748CM56.jpg,748CM56,41158844,DRY_RUN_OK,
/Users/anna.nardi/Library/CloudStorage/OneDrive-Raccoltecondivise-DuckyNetworkS.r.l/E-Commerce - FOTO PRODOTTO 2019_2022_2023_2024_2025/PASTIGLIE/SM1/751SM1.jpg,751SM1,41158847,DRY_RUN_OK,
/Users/anna.nardi/Library/CloudStorage/OneDrive-Raccoltecondivise-DuckyNetworkS.r.l/E-Commerce - FOTO PRODOTTO 2019_2022_2023_2024_2025/PASTIGLIE/CM55/756CM55.jpg,756CM55,41158848,DRY_RUN_OK,
/Users/anna.nardi/Library/CloudStorage/OneDrive-Raccoltecondivise-DuckyNetworkS.r.l/E-Commerce - FOTO PRODOTTO 2019_2022_2023_2024_2025/PASTIGLIE/SM1/757SM1.jpg,757SM1,41158850,DRY_RUN_OK,
/Users/anna.nardi/Library/CloudStorage/OneDrive-Raccoltecondivise-DuckyNetworkS.r.l/E-Commerce - FOTO PRODOTTO 2019_2022_2023_2024_2025/PASTIGLIE/CM55/764CM55.jpg,764CM55,41158853,DRY_RUN_OK,
/Users/anna.nardi/Library/CloudStorage/OneDrive-Raccoltecondivise-DuckyNetworkS.r.l/E-Commerce - FOTO PRODOTTO 2019_2022_2023_2024_2025/PASTIGLIE/CM56/764CM66.jpg,764CM66,41158854,DRY_RUN_OK,
/Users/anna.nardi/Library/CloudStorage/OneDrive-Raccoltecondivise-DuckyNetworkS.r.l/E-Commerce - FOTO PRODOTTO 2019_2022_2023_2024_2025/PASTIGLIE/CM44/772CM44.jpg,772CM44,41158857,DRY_RUN_OK,
/Users/anna.nardi/Library/CloudStorage/OneDrive-Raccoltecondivise-DuckyNetworkS.r.l/E-Commerce - FOTO PRODOTTO 2019_2022_2023_2024_2025/PASTIGLIE/CM46/772CM46.jpg,772CM46,41158858,DRY_RUN_OK,
/Users/anna.nardi/Library/CloudStorage/OneDrive-Raccoltecondivise-DuckyNetworkS.r.l/E-Commerce - FOTO PRODOTTO 2019_2022_2023_2024_2025/PASTIGLIE/CM46/773CM46.jpg,773CM46,41158860,DRY_RUN_OK,
/Users/anna.nardi/Library/CloudStorage/OneDrive-Raccoltecondivise-DuckyNetworkS.r.l/E-Commerce - FOTO PRODOTTO 2019_2022_2023_2024_2025/PASTIGLIE/CM56/773CM56.jpg,773CM56,41158861,DRY_RUN_OK,
/Users/anna.nardi/Library/CloudStorage/OneDrive-Raccoltecondivise-DuckyNetworkS.r.l/E-Commerce - FOTO PRODOTTO 2019_2022_2023_2024_2025/PASTIGLIE/SM1/774SM1.jpg,774SM1,41158863,DRY_RUN_OK,
/Users/anna.nardi/Library/CloudStorage/OneDrive-Raccoltecondivise-DuckyNetworkS.r.l/E-Commerce - FOTO PRODOTTO 2019_2022_2023_2024_2025/PASTIGLIE/CM56/775CM56.jpg,775CM56,41158864,DRY_RUN_OK,
/Users/anna.nardi/Library/CloudStorage/OneDrive-Raccoltecondivise-DuckyNetworkS.r.l/E-Commerce - FOTO PRODOTTO 2019_2022_2023_2024_2025/PASTIGLIE/CM55/776CM55.jpg,776CM55,41158866,DRY_RUN_OK,
/Users/anna.nardi/Library/CloudStorage/OneDrive-Raccoltecondivise-DuckyNetworkS.r.l/E-Commerce - FOTO PRODOTTO 2019_2022_2023_2024_2025/PASTIGLIE/CM66/776CM66.jpg,776CM66,41158867,DRY_RUN_OK,
/Users/anna.nardi/Library/CloudStorage/OneDrive-Raccoltecondivise-DuckyNetworkS.r.l/E-Commerce - FOTO PRODOTTO 2019_2022_2023_2024_2025/PASTIGLIE/CM55/777CM55.jpg,777CM55,41158868,DRY_RUN_OK,
/Users/anna.nardi/Library/CloudStorage/OneDrive-Raccoltecondivise-DuckyNetworkS.r.l/E-Commerce - FOTO PRODOTTO 2019_2022_2023_2024_2025/PASTIGLIE/CM55/780CM55.jpg,780CM55,41158872,DRY_RUN_OK,
/Users/anna.nardi/Library/CloudStorage/OneDrive-Raccoltecondivise-DuckyNetworkS.r.l/E-Commerce - FOTO PRODOTTO 2019_2022_2023_2024_2025/PASTIGLIE/CM55/782CM55.jpg,782CM55,41158874,DRY_RUN_OK,
/Users/anna.nardi/Library/CloudStorage/OneDrive-Raccoltecondivise-DuckyNetworkS.r.l/E-Commerce - FOTO PRODOTTO 2019_2022_2023_2024_2025/PASTIGLIE/CM55/784CM55.jpg,784CM55,41158876,DRY_RUN_OK,
/Users/anna.nardi/Library/CloudStorage/OneDrive-Raccoltecondivise-DuckyNetworkS.r.l/E-Commerce - FOTO PRODOTTO 2019_2022_2023_2024_2025/PASTIGLIE/CM66/784CM66.jpg,784CM66,41158877,DRY_RUN_OK,
/Users/anna.nardi/Library/CloudStorage/OneDrive-Raccoltecondivise-DuckyNetworkS.r.l/E-Commerce - FOTO PRODOTTO 2019_2022_2023_2024_2025/PASTIGLIE/CM55/786CM55.jpg,786CM55,41158880,DRY_RUN_OK,
/Users/anna.nardi/Library/CloudStorage/OneDrive-Raccoltecondivise-DuckyNetworkS.r.l/E-Commerce - FOTO PRODOTTO 2019_2022_2023_2024_2025/PASTIGLIE/CM66/786CM66.jpg,786CM66,41158881,DRY_RUN_OK,
/Users/anna.nardi/Library/CloudStorage/OneDrive-Raccoltecondivise-DuckyNetworkS.r.l/E-Commerce - FOTO PRODOTTO 2019_2022_2023_2024_2025/PASTIGLIE/CM55/787CM55.jpg,787CM55,41158883,DRY_RUN_OK,
/Users/anna.nardi/Library/CloudStorage/OneDrive-Raccoltecondivise-DuckyNetworkS.r.l/E-Commerce - FOTO PRODOTTO 2019_2022_2023_2024_2025/PASTIGLIE/CM56/794CM56.jpg,794CM56,41158885,DRY_RUN_OK,
/Users/anna.nardi/Library/CloudStorage/OneDrive-Raccoltecondivise-DuckyNetworkS.r.l/E-Commerce - FOTO PRODOTTO 2019_2022_2023_2024_2025/PASTIGLIE/CM55/801CM55.jpg,801CM55,41158889,DRY_RUN_OK,
/Users/anna.nardi/Library/CloudStorage/OneDrive-Raccoltecondivise-DuckyNetworkS.r.l/E-Commerce - FOTO PRODOTTO 2019_2022_2023_2024_2025/PASTIGLIE/SM1/805SM1.jpg,805SM1,41158890,DRY_RUN_OK,
/Users/anna.nardi/Library/CloudStorage/OneDrive-Raccoltecondivise-DuckyNetworkS.r.l/E-Commerce - FOTO PRODOTTO 2019_2022_2023_2024_2025/PASTIGLIE/CM55/806CM55.jpg,806CM55,41158891,DRY_RUN_OK,
/Users/anna.nardi/Library/CloudStorage/OneDrive-Raccoltecondivise-DuckyNetworkS.r.l/E-Commerce - FOTO PRODOTTO 2019_2022_2023_2024_2025/PASTIGLIE/SM1/806SM1.jpg,806SM1,41158892,DRY_RUN_OK,
/Users/anna.nardi/Library/CloudStorage/OneDrive-Raccoltecondivise-DuckyNetworkS.r.l/E-Commerce - FOTO PRODOTTO 2019_2022_2023_2024_2025/PASTIGLIE/CM44/812CM44.jpg,812CM44,41158894,DRY_RUN_OK,
/Users/anna.nardi/Library/CloudStorage/OneDrive-Raccoltecondivise-DuckyNetworkS.r.l/E-Commerce - FOTO PRODOTTO 2019_2022_2023_2024_2025/PASTIGLIE/CM55/813CM55.jpg,813CM55,41158895,DRY_RUN_OK,
/Users/anna.nardi/Library/CloudStorage/OneDrive-Raccoltecondivise-DuckyNetworkS.r.l/E-Commerce - FOTO PRODOTTO 2019_2022_2023_2024_2025/PASTIGLIE/CM56/813CM56.jpg,813CM56,41158896,DRY_RUN_OK,
/Users/anna.nardi/Library/CloudStorage/OneDrive-Raccoltecondivise-DuckyNetworkS.r.l/E-Commerce - FOTO PRODOTTO 2019_2022_2023_2024_2025/PASTIGLIE/SM1/817SM1.jpg,817SM1,41158899,DRY_RUN_OK,
/Users/anna.nardi/Library/CloudStorage/OneDrive-Raccoltecondivise-DuckyNetworkS.r.l/E-Commerce - FOTO PRODOTTO 2019_2022_2023_2024_2025/PASTIGLIE/CM56/822CM56.jpg,822CM56,41158900,DRY_RUN_OK,
/Users/anna.nardi/Library/CloudStorage/OneDrive-Raccoltecondivise-DuckyNetworkS.r.l/E-Commerce - FOTO PRODOTTO 2019_2022_2023_2024_2025/PASTIGLIE/CM56/826CM56.jpg,826CM56,41158902,DRY_RUN_OK,
/Users/anna.nardi/Library/CloudStorage/OneDrive-Raccoltecondivise-DuckyNetworkS.r.l/E-Commerce - FOTO PRODOTTO 2019_2022_2023_2024_2025/PASTIGLIE/SM1/826SM1.jpg,826SM1,41158903,DRY_RUN_OK,
/Users/anna.nardi/Library/CloudStorage/OneDrive-Raccoltecondivise-DuckyNetworkS.r.l/E-Commerce - FOTO PRODOTTO 2019_2022_2023_2024_2025/PASTIGLIE/CM55/827CM55.jpg,827CM55,41158904,DRY_RUN_OK,
/Users/anna.nardi/Library/CloudStorage/OneDrive-Raccoltecondivise-DuckyNetworkS.r.l/E-Commerce - FOTO PRODOTTO 2019_2022_2023_2024_2025/PASTIGLIE/CM66/827CM66.jpg,827CM66,41158905,DRY_RUN_OK,
/Users/anna.nardi/Library/CloudStorage/OneDrive-Raccoltecondivise-DuckyNetworkS.r.l/E-Commerce - FOTO PRODOTTO 2019_2022_2023_2024_2025/PASTIGLIE/CM56/828CM56.jpg,828CM56,41158907,DRY_RUN_OK,
/Users/anna.nardi/Library/CloudStorage/OneDrive-Raccoltecondivise-DuckyNetworkS.r.l/E-Commerce - FOTO PRODOTTO 2019_2022_2023_2024_2025/PASTIGLIE/CM46/831CM46.jpg,831CM46,41158910,DRY_RUN_OK,
/Users/anna.nardi/Library/CloudStorage/OneDrive-Raccoltecondivise-DuckyNetworkS.r.l/E-Commerce - FOTO PRODOTTO 2019_2022_2023_2024_2025/PASTIGLIE/CM46/832CM46.jpg,832CM46,41158912,DRY_RUN_OK,
/Users/anna.nardi/Library/CloudStorage/OneDrive-Raccoltecondivise-DuckyNetworkS.r.l/E-Commerce - FOTO PRODOTTO 2019_2022_2023_2024_2025/PASTIGLIE/CM77/843CM77.jpg,843CM77,41158916,DRY_RUN_OK,
/Users/anna.nardi/Library/CloudStorage/OneDrive-Raccoltecondivise-DuckyNetworkS.r.l/E-Commerce - FOTO PRODOTTO 2019_2022_2023_2024_2025/PASTIGLIE/CM44/856CM44.jpg,856CM44,41158919,DRY_RUN_OK,
/Users/anna.nardi/Library/CloudStorage/OneDrive-Raccoltecondivise-DuckyNetworkS.r.l/E-Commerce - FOTO PRODOTTO 2019_2022_2023_2024_2025/PASTIGLIE/CM44/857CM44.jpg,857CM44,41158920,DRY_RUN_OK,
/Users/anna.nardi/Library/CloudStorage/OneDrive-Raccoltecondivise-DuckyNetworkS.r.l/E-Commerce - FOTO PRODOTTO 2019_2022_2023_2024_2025/PASTIGLIE/CM44/860CM44.jpg,860CM44,41158921,DRY_RUN_OK,
/Users/anna.nardi/Library/CloudStorage/OneDrive-Raccoltecondivise-DuckyNetworkS.r.l/E-Commerce - FOTO PRODOTTO 2019_2022_2023_2024_2025/PASTIGLIE/CM55/870CM55.jpg,870CM55,41158926,DRY_RUN_OK,
/Users/anna.nardi/Library/CloudStorage/OneDrive-Raccoltecondivise-DuckyNetworkS.r.l/E-Commerce - FOTO PRODOTTO 2019_2022_2023_2024_2025/PASTIGLIE/CM66/870CM66.jpg,870CM66,41158927,DRY_RUN_OK,
/Users/anna.nardi/Library/CloudStorage/OneDrive-Raccoltecondivise-DuckyNetworkS.r.l/E-Commerce - FOTO PRODOTTO 2019_2022_2023_2024_2025/PASTIGLIE/CM44/873CM44.jpg,873CM44,41158930,DRY_RUN_OK,
/Users/anna.nardi/Library/CloudStorage/OneDrive-Raccoltecondivise-DuckyNetworkS.r.l/E-Commerce - FOTO PRODOTTO 2019_2022_2023_2024_2025/PASTIGLIE/CM56/875CM56.jpg,875CM56,41158931,DRY_RUN_OK,
/Users/anna.nardi/Library/CloudStorage/OneDrive-Raccoltecondivise-DuckyNetworkS.r.l/E-Commerce - FOTO PRODOTTO 2019_2022_2023_2024_2025/PASTIGLIE/SM1/878SM1.jpg,878SM1,41158933,DRY_RUN_OK,
/Users/anna.nardi/Library/CloudStorage/OneDrive-Raccoltecondivise-DuckyNetworkS.r.l/E-Commerce - FOTO PRODOTTO 2019_2022_2023_2024_2025/PASTIGLIE/CM55/879CM55.jpg,879CM55,41158934,DRY_RUN_OK,
/Users/anna.nardi/Library/CloudStorage/OneDrive-Raccoltecondivise-DuckyNetworkS.r.l/E-Commerce - FOTO PRODOTTO 2019_2022_2023_2024_2025/PASTIGLIE/CM44/886CM44.jpg,886CM44,41158937,DRY_RUN_OK,
/Users/anna.nardi/Library/CloudStorage/OneDrive-Raccoltecondivise-DuckyNetworkS.r.l/E-Commerce - FOTO PRODOTTO 2019_2022_2023_2024_2025/PASTIGLIE/CM46/886CM46.jpg,886CM46,41158938,DRY_RUN_OK,
/Users/anna.nardi/Library/CloudStorage/OneDrive-Raccoltecondivise-DuckyNetworkS.r.l/E-Commerce - FOTO PRODOTTO 2019_2022_2023_2024_2025/PASTIGLIE/CM44/890CM44.jpg,890CM44,41158942,DRY_RUN_OK,
/Users/anna.nardi/Library/CloudStorage/OneDrive-Raccoltecondivise-DuckyNetworkS.r.l/E-Commerce - FOTO PRODOTTO 2019_2022_2023_2024_2025/PASTIGLIE/CM46/890CM46.jpg,890CM46,41158943,DRY_RUN_OK,
/Users/anna.nardi/Library/CloudStorage/OneDrive-Raccoltecondivise-DuckyNetworkS.r.l/E-Commerce - FOTO PRODOTTO 2019_2022_2023_2024_2025/PASTIGLIE/CM44/891CM44.jpg,891CM44,41158945,DRY_RUN_OK,
/Users/anna.nardi/Library/CloudStorage/OneDrive-Raccoltecondivise-DuckyNetworkS.r.l/E-Commerce - FOTO PRODOTTO 2019_2022_2023_2024_2025/PASTIGLIE/CM46/891CM46.jpg,891CM46,41158946,DRY_RUN_OK,
/Users/anna.nardi/Library/CloudStorage/OneDrive-Raccoltecondivise-DuckyNetworkS.r.l/E-Commerce - FOTO PRODOTTO 2019_2022_2023_2024_2025/PASTIGLIE/CM55/892CM55.jpg,892CM55,41158948,DRY_RUN_OK,
/Users/anna.nardi/Library/CloudStorage/OneDrive-Raccoltecondivise-DuckyNetworkS.r.l/E-Commerce - FOTO PRODOTTO 2019_2022_2023_2024_2025/PASTIGLIE/CM55/893CM55.jpg,893CM55,41158950,DRY_RUN_OK,
/Users/anna.nardi/Library/CloudStorage/OneDrive-Raccoltecondivise-DuckyNetworkS.r.l/E-Commerce - FOTO PRODOTTO 2019_2022_2023_2024_2025/PASTIGLIE/CM66/893CM66.jpg,893CM66,41158951,DRY_RUN_OK,
/Users/anna.nardi/Library/CloudStorage/OneDrive-Raccoltecondivise-DuckyNetworkS.r.l/E-Commerce - FOTO PRODOTTO 2019_2022_2023_2024_2025/PASTIGLIE/CM44/894CM44.jpg,894CM44,41158952,DRY_RUN_OK,
/Users/anna.nardi/Library/CloudStorage/OneDrive-Raccoltecondivise-DuckyNetworkS.r.l/E-Commerce - FOTO PRODOTTO 2019_2022_2023_2024_2025/PASTIGLIE/CM55/895CM55.jpg,895CM55,41158953,DRY_RUN_OK,
/Users/anna.nardi/Library/CloudStorage/OneDrive-Raccoltecondivise-DuckyNetworkS.r.l/E-Commerce - FOTO PRODOTTO 2019_2022_2023_2024_2025/PASTIGLIE/CM44/897CM44.jpg,897CM44,41158955,DRY_RUN_OK,
/Users/anna.nardi/Library/CloudStorage/OneDrive-Raccoltecondivise-DuckyNetworkS.r.l/E-Commerce - FOTO PRODOTTO 2019_2022_2023_2024_2025/PASTIGLIE/CM55/898CM55.jpg,898CM55,41158956,DRY_RUN_OK,
/Users/anna.nardi/Library/CloudStorage/OneDrive-Raccoltecondivise-DuckyNetworkS.r.l/E-Commerce - FOTO PRODOTTO 2019_2022_2023_2024_2025/PASTIGLIE/CM66/898CM66.jpg,898CM66,41158957,DRY_RUN_OK,
/Users/anna.nardi/Library/CloudStorage/OneDrive-Raccoltecondivise-DuckyNetworkS.r.l/E-Commerce - FOTO PRODOTTO 2019_2022_2023_2024_2025/PASTIGLIE/CM55/899CM55.jpg,899CM55,41158958,DRY_RUN_OK,
/Users/anna.nardi/Library/CloudStorage/OneDrive-Raccoltecondivise-DuckyNetworkS.r.l/E-Commerce - FOTO PRODOTTO 2019_2022_2023_2024_2025/PASTIGLIE/CM66/899CM66.jpg,899CM66,41158959,DRY_RUN_OK,
/Users/anna.nardi/Library/CloudStorage/OneDrive-Raccoltecondivise-DuckyNetworkS.r.l/E-Commerce - FOTO PRODOTTO 2019_2022_2023_2024_2025/PASTIGLIE/CM77/900CM77.jpg,900CM77,41158960,DRY_RUN_OK,
/Users/anna.nardi/Library/CloudStorage/OneDrive-Raccoltecondivise-DuckyNetworkS.r.l/E-Commerce - FOTO PRODOTTO 2019_2022_2023_2024_2025/PASTIGLIE/SM1/900sm1.jpg,900SM1,41158961,DRY_RUN_OK,
/Users/anna.nardi/Library/CloudStorage/OneDrive-Raccoltecondivise-DuckyNetworkS.r.l/E-Commerce - FOTO PRODOTTO 2019_2022_2023_2024_2025/PASTIGLIE/CM88/901CM88.jpg,901CM88,41158962,DRY_RUN_OK,
/Users/anna.nardi/Library/CloudStorage/OneDrive-Raccoltecondivise-DuckyNetworkS.r.l/E-Commerce - FOTO PRODOTTO 2019_2022_2023_2024_2025/PASTIGLIE/CM44/905CM44.jpg,905CM44,41158966,DRY_RUN_OK,
/Users/anna.nardi/Library/CloudStorage/OneDrive-Raccoltecondivise-DuckyNetworkS.r.l/E-Commerce - FOTO PRODOTTO 2019_2022_2023_2024_2025/PASTIGLIE/CM55/906CM55.jpg,906CM55,41158967,DRY_RUN_OK,
/Users/anna.nardi/Library/CloudStorage/OneDrive-Raccoltecondivise-DuckyNetworkS.r.l/E-Commerce - FOTO PRODOTTO 2019_2022_2023_2024_2025/PASTIGLIE/CM56/907CM56.jpg,907CM56,41158968,DRY_RUN_OK,
/Users/anna.nardi/Library/CloudStorage/OneDrive-Raccoltecondivise-DuckyNetworkS.r.l/E-Commerce - FOTO PRODOTTO 2019_2022_2023_2024_2025/PASTIGLIE/CM55/910CM55.jpg,910CM55,41158971,DRY_RUN_OK,
/Users/anna.nardi/Library/CloudStorage/OneDrive-Raccoltecondivise-DuckyNetworkS.r.l/E-Commerce - FOTO PRODOTTO 2019_2022_2023_2024_2025/PASTIGLIE/CM44/911CM44.jpg,911CM44,41158973,DRY_RUN_OK,
/Users/anna.nardi/Library/CloudStorage/OneDrive-Raccoltecondivise-DuckyNetworkS.r.l/E-Commerce - FOTO PRODOTTO 2019_2022_2023_2024_2025/PASTIGLIE/CM56/924CM56.jpg,924CM56,41158975,DRY_RUN_OK,
/Users/anna.nardi/Library/CloudStorage/OneDrive-Raccoltecondivise-DuckyNetworkS.r.l/E-Commerce - FOTO PRODOTTO 2019_2022_2023_2024_2025/PASTIGLIE/CM56/925CM56.jpg,925CM56,41158977,DRY_RUN_OK,
/Users/anna.nardi/Library/CloudStorage/OneDrive-Raccoltecondivise-DuckyNetworkS.r.l/E-Commerce - FOTO PRODOTTO 2019_2022_2023_2024_2025/PASTIGLIE/CM55/927CM55.jpg,927CM55,41158980,DRY_RUN_OK,
/Users/anna.nardi/Library/CloudStorage/OneDrive-Raccoltecondivise-DuckyNetworkS.r.l/E-Commerce - FOTO PRODOTTO 2019_2022_2023_2024_2025/PASTIGLIE/CM66/927CM66.jpg,927CM66,41158981,DRY_RUN_OK,
/Users/anna.nardi/Library/CloudStorage/OneDrive-Raccoltecondivise-DuckyNetworkS.r.l/E-Commerce - FOTO PRODOTTO 2019_2022_2023_2024_2025/PASTIGLIE/CM55/928CM55.jpg,928CM55,41158982,DRY_RUN_OK,
/Users/anna.nardi/Library/CloudStorage/OneDrive-Raccoltecondivise-DuckyNetworkS.r.l/E-Commerce - FOTO PRODOTTO 2019_2022_2023_2024_2025/PASTIGLIE/CM66/928CM66.jpg,928CM66,41158983,DRY_RUN_OK,
/Users/anna.nardi/Library/CloudStorage/OneDrive-Raccoltecondivise-DuckyNetworkS.r.l/E-Commerce - FOTO PRODOTTO 2019_2022_2023_2024_2025/PASTIGLIE/CM44/929CM44.jpg,929CM44,41158984,DRY_RUN_OK,
/Users/anna.nardi/Library/CloudStorage/OneDrive-Raccoltecondivise-DuckyNetworkS.r.l/E-Commerce - FOTO PRODOTTO 2019_2022_2023_2024_2025/PASTIGLIE/CM46/929CM46.jpg,929CM46,41158985,DRY_RUN_OK,
/Users/anna.nardi/Library/CloudStorage/OneDrive-Raccoltecondivise-DuckyNetworkS.r.l/E-Commerce - FOTO PRODOTTO 2019_2022_2023_2024_2025/PASTIGLIE/CM55/930CM55.jpg,930CM55,41158986,DRY_RUN_OK,
/Users/anna.nardi/Library/CloudStorage/OneDrive-Raccoltecondivise-DuckyNetworkS.r.l/E-Commerce - FOTO PRODOTTO 2019_2022_2023_2024_2025/PASTIGLIE/CM66/930CM66.jpg,930CM66,41158987,DRY_RUN_OK,
/Users/anna.nardi/Library/CloudStorage/OneDrive-Raccoltecondivise-DuckyNetworkS.r.l/E-Commerce - FOTO PRODOTTO 2019_2022_2023_2024_2025/PASTIGLIE/CM55/931CM55.jpg,931CM55,41158988,DRY_RUN_OK,
/Users/anna.nardi/Library/CloudStorage/OneDrive-Raccoltecondivise-DuckyNetworkS.r.l/E-Commerce - FOTO PRODOTTO 2019_2022_2023_2024_2025/PASTIGLIE/CM55/932CM55.jpg,932CM55,41158989,DRY_RUN_OK,
/Users/anna.nardi/Library/CloudStorage/OneDrive-Raccoltecondivise-DuckyNetworkS.r.l/E-Commerce - FOTO PRODOTTO 2019_2022_2023_2024_2025/PASTIGLIE/CM66/932CM66.jpg,932CM66,41158990,DRY_RUN_OK,
/Users/anna.nardi/Library/CloudStorage/OneDrive-Raccoltecondivise-DuckyNetworkS.r.l/E-Commerce - FOTO PRODOTTO 2019_2022_2023_2024_2025/PASTIGLIE/CM55/933CM55.jpg,933CM55,41158991,DRY_RUN_OK,
/Users/anna.nardi/Library/CloudStorage/OneDrive-Raccoltecondivise-DuckyNetworkS.r.l/E-Commerce - FOTO PRODOTTO 2019_2022_2023_2024_2025/PASTIGLIE/CM77/934CM77.jpg,934CM77,41158993,DRY_RUN_OK,
/Users/anna.nardi/Library/CloudStorage/OneDrive-Raccoltecondivise-DuckyNetworkS.r.l/E-Commerce - FOTO PRODOTTO 2019_2022_2023_2024_2025/PASTIGLIE/SM1/934SM1.jpg,934SM1,41158994,DRY_RUN_OK,
/Users/anna.nardi/Library/CloudStorage/OneDrive-Raccoltecondivise-DuckyNetworkS.r.l/E-Commerce - FOTO PRODOTTO 2019_2022_2023_2024_2025/PASTIGLIE/CM44/935CM44.jpg,935CM44,41158997,DRY_RUN_OK,
/Users/anna.nardi/Library/CloudStorage/OneDrive-Raccoltecondivise-DuckyNetworkS.r.l/E-Commerce - FOTO PRODOTTO 2019_2022_2023_2024_2025/PASTIGLIE/CM44/936CM44.jpg,936CM44,41158998,DRY_RUN_OK,
/Users/anna.nardi/Library/CloudStorage/OneDrive-Raccoltecondivise-DuckyNetworkS.r.l/E-Commerce - FOTO PRODOTTO 2019_2022_2023_2024_2025/PASTIGLIE/CM56/938CM56.jpg,938CM56,41158999,DRY_RUN_OK,
/Users/anna.nardi/Library/CloudStorage/OneDrive-Raccoltecondivise-DuckyNetworkS.r.l/E-Commerce - FOTO PRODOTTO 2019_2022_2023_2024_2025/PASTIGLIE/CM55/939CM55.jpg,939CM55,41159000,DRY_RUN_OK,
/Users/anna.nardi/Library/CloudStorage/OneDrive-Raccoltecondivise-DuckyNetworkS.r.l/E-Commerce - FOTO PRODOTTO 2019_2022_2023_2024_2025/PASTIGLIE/CM44/940CM44.jpg,940CM44,41159001,DRY_RUN_OK,
/Users/anna.nardi/Library/CloudStorage/OneDrive-Raccoltecondivise-DuckyNetworkS.r.l/E-Commerce - FOTO PRODOTTO 2019_2022_2023_2024_2025/PASTIGLIE/CM55/941CM55.jpg,941CM55,41159003,DRY_RUN_OK,
/Users/anna.nardi/Library/CloudStorage/OneDrive-Raccoltecondivise-DuckyNetworkS.r.l/E-Commerce - FOTO PRODOTTO 2019_2022_2023_2024_2025/PASTIGLIE/CM66/941CM66.jpg,941CM66,41159004,DRY_RUN_OK,
/Users/anna.nardi/Library/CloudStorage/OneDrive-Raccoltecondivise-DuckyNetworkS.r.l/E-Commerce - FOTO PRODOTTO 2019_2022_2023_2024_2025/PASTIGLIE/CM56/942CM56.jpg,942CM56,41159005,DRY_RUN_OK,
/Users/anna.nardi/Library/CloudStorage/OneDrive-Raccoltecondivise-DuckyNetworkS.r.l/E-Commerce - FOTO PRODOTTO 2019_2022_2023_2024_2025/PASTIGLIE/CM77/943CM77.jpg,943CM77,41159007,DRY_RUN_OK,
/Users/anna.nardi/Library/CloudStorage/OneDrive-Raccoltecondivise-DuckyNetworkS.r.l/E-Commerce - FOTO PRODOTTO 2019_2022_2023_2024_2025/PASTIGLIE/SM1/943SM1.jpg,943SM1,41159008,DRY_RUN_OK,
/Users/anna.nardi/Library/CloudStorage/OneDrive-Raccoltecondivise-DuckyNetworkS.r.l/E-Commerce - FOTO PRODOTTO 2019_2022_2023_2024_2025/PASTIGLIE/CM88/944CM88.jpg,944CM88,41159009,DRY_RUN_OK,
/Users/anna.nardi/Library/CloudStorage/OneDrive-Raccoltecondivise-DuckyNetworkS.r.l/E-Commerce - FOTO PRODOTTO 2019_2022_2023_2024_2025/PASTIGLIE/SM1/944SM1.jpg,944SM1,41159010,DRY_RUN_OK,
/Users/anna.nardi/Library/CloudStorage/OneDrive-Raccoltecondivise-DuckyNetworkS.r.l/E-Commerce - FOTO PRODOTTO 2019_2022_2023_2024_2025/PASTIGLIE/CM55/947CM55.jpg,947CM55,41159012,DRY_RUN_OK,
/Users/anna.nardi/Library/CloudStorage/OneDrive-Raccoltecondivise-DuckyNetworkS.r.l/E-Commerce - FOTO PRODOTTO 2019_2022_2023_2024_2025/PASTIGLIE/CM66/947CM66.jpg,947CM66,41159013,DRY_RUN_OK,
/Users/anna.nardi/Library/CloudStorage/OneDrive-Raccoltecondivise-DuckyNetworkS.r.l/E-Commerce - FOTO PRODOTTO 2019_2022_2023_2024_2025/PASTIGLIE/CM44/949CM44.jpg,949CM44,41159015,DRY_RUN_OK,
/Users/anna.nardi/Library/CloudStorage/OneDrive-Raccoltecondivise-DuckyNetworkS.r.l/E-Commerce - FOTO PRODOTTO 2019_2022_2023_2024_2025/PASTIGLIE/CM55/950CM55.jpg,950CM55,41159016,DRY_RUN_OK,
/Users/anna.nardi/Library/CloudStorage/OneDrive-Raccoltecondivise-DuckyNetworkS.r.l/E-Commerce - FOTO PRODOTTO 2019_2022_2023_2024_2025/PASTIGLIE/CM88/951CM88.jpg,951CM88,41159017,DRY_RUN_OK,
/Users/anna.nardi/Library/CloudStorage/OneDrive-Raccoltecondivise-DuckyNetworkS.r.l/E-Commerce - FOTO PRODOTTO 2019_2022_2023_2024_2025/PASTIGLIE/CM55/952CM55.jpg,952CM55,41159019,DRY_RUN_OK,
/Users/anna.nardi/Library/CloudStorage/OneDrive-Raccoltecondivise-DuckyNetworkS.r.l/E-Commerce - FOTO PRODOTTO 2019_2022_2023_2024_2025/PASTIGLIE/CM44/955CM44.jpg,955CM44,41159022,DRY_RUN_OK,
/Users/anna.nardi/Library/CloudStorage/OneDrive-Raccoltecondivise-DuckyNetworkS.r.l/E-Commerce - FOTO PRODOTTO 2019_2022_2023_2024_2025/PASTIGLIE/CM56/956CM56.jpg,956CM56,41159023,DRY_RUN_OK,
/Users/anna.nardi/Library/CloudStorage/OneDrive-Raccoltecondivise-DuckyNetworkS.r.l/E-Commerce - FOTO PRODOTTO 2019_2022_2023_2024_2025/PASTIGLIE/CM56/957CM56.jpg,957CM56,41159024,DRY_RUN_OK,
/Users/anna.nardi/Library/CloudStorage/OneDrive-Raccoltecondivise-DuckyNetworkS.r.l/E-Commerce - FOTO PRODOTTO 2019_2022_2023_2024_2025/PASTIGLIE/CM55/959CM55.jpg,959CM55,41159026,DRY_RUN_OK,
/Users/anna.nardi/Library/CloudStorage/OneDrive-Raccoltecondivise-DuckyNetworkS.r.l/E-Commerce - FOTO PRODOTTO 2019_2022_2023_2024_2025/PASTIGLIE/CM66/959CM66.jpg,959CM66,41159027,DRY_RUN_OK,
/Users/anna.nardi/Library/CloudStorage/OneDrive-Raccoltecondivise-DuckyNetworkS.r.l/E-Commerce - FOTO PRODOTTO 2019_2022_2023_2024_2025/PASTIGLIE/CM55/960CM55.jpg,960CM55,41159028,DRY_RUN_OK,
/Users/anna.nardi/Library/CloudStorage/OneDrive-Raccoltecondivise-DuckyNetworkS.r.l/E-Commerce - FOTO PRODOTTO 2019_2022_2023_2024_2025/PASTIGLIE/CM56/962CM56.jpg,962CM56,41159030,DRY_RUN_OK,
/Users/anna.nardi/Library/CloudStorage/OneDrive-Raccoltecondivise-DuckyNetworkS.r.l/E-Commerce - FOTO PRODOTTO 2019_2022_2023_2024_2025/PASTIGLIE/SM1/963SM1.jpg,963SM1,41159031,DRY_RUN_OK,
/Users/anna.nardi/Library/CloudStorage/OneDrive-Raccoltecondivise-DuckyNetworkS.r.l/E-Commerce - FOTO PRODOTTO 2019_2022_2023_2024_2025/PASTIGLIE/CM55/964CM55.jpg,964CM55,41159032,DRY_RUN_OK,
/Users/anna.nardi/Library/CloudStorage/OneDrive-Raccoltecondivise-DuckyNetworkS.r.l/E-Commerce - FOTO PRODOTTO 2019_2022_2023_2024_2025/PASTIGLIE/SM1/966SM1.jpg,966SM1,41159034,DRY_RUN_OK,
/Users/anna.nardi/Library/CloudStorage/OneDrive-Raccoltecondivise-DuckyNetworkS.r.l/E-Commerce - FOTO PRODOTTO 2019_2022_2023_2024_2025/PASTIGLIE/SM1/967SM1.jpg,967SM1,41159035,DRY_RUN_OK,
/Users/anna.nardi/Library/CloudStorage/OneDrive-Raccoltecondivise-DuckyNetworkS.r.l/E-Commerce - FOTO PRODOTTO 2019_2022_2023_2024_2025/PASTIGLIE/CM55/968CM55.jpg,968CM55,41159036,DRY_RUN_OK,
/Users/anna.nardi/Library/CloudStorage/OneDrive-Raccoltecondivise-DuckyNetworkS.r.l/E-Commerce - FOTO PRODOTTO 2019_2022_2023_2024_2025/PASTIGLIE/CM55/970CM55.jpg,970CM55,41159038,DRY_RUN_OK,
/Users/anna.nardi/Library/CloudStorage/OneDrive-Raccoltecondivise-DuckyNetworkS.r.l/E-Commerce - FOTO PRODOTTO 2019_2022_2023_2024_2025/PASTIGLIE/CM56/970CM56.jpg,970CM56,41159039,DRY_RUN_OK,
/Users/anna.nardi/Library/CloudStorage/OneDrive-Raccoltecondivise-DuckyNetworkS.r.l/E-Commerce - FOTO PRODOTTO 2019_2022_2023_2024_2025/PASTIGLIE/CM55/971CM55.jpg,971CM55,41159040,DRY_RUN_OK,
/Users/anna.nardi/Library/CloudStorage/OneDrive-Raccoltecondivise-DuckyNetworkS.r.l/E-Commerce - FOTO PRODOTTO 2019_2022_2023_2024_2025/PASTIGLIE/CM77/973CM77.jpg,973CM77,41159043,DRY_RUN_OK,
/Users/anna.nardi/Library/CloudStorage/OneDrive-Raccoltecondivise-DuckyNetworkS.r.l/E-Commerce - FOTO PRODOTTO 2019_2022_2023_2024_2025/PASTIGLIE/CM88/974CM88.jpg,974CM88,41159044,DRY_RUN_OK,
/Users/anna.nardi/Library/CloudStorage/OneDrive-Raccoltecondivise-DuckyNetworkS.r.l/E-Commerce - FOTO PRODOTTO 2019_2022_2023_2024_2025/PASTIGLIE/CM46/977CM46.jpg,977CM46,41159047,DRY_RUN_OK,
/Users/anna.nardi/Library/CloudStorage/OneDrive-Raccoltecondivise-DuckyNetworkS.r.l/E-Commerce - FOTO PRODOTTO 2019_2022_2023_2024_2025/PASTIGLIE/CM55/978CM55.jpg,978CM55,41159048,DRY_RUN_OK,
/Users/anna.nardi/Library/CloudStorage/OneDrive-Raccoltecondivise-DuckyNetworkS.r.l/E-Commerce - FOTO PRODOTTO 2019_2022_2023_2024_2025/PASTIGLIE/SM1/981SM1.jpg,981SM1,41159050,DRY_RUN_OK,
/Users/anna.nardi/Library/CloudStorage/OneDrive-Raccoltecondivise-DuckyNetworkS.r.l/E-Commerce - FOTO PRODOTTO 2019_2022_2023_2024_2025/PASTIGLIE/SM1/982SM1.jpg,982SM1,41159051,DRY_RUN_OK,
/Users/anna.nardi/Library/CloudStorage/OneDrive-Raccoltecondivise-DuckyNetworkS.r.l/E-Commerce - FOTO PRODOTTO 2019_2022_2023_2024_2025/PASTIGLIE/SM1/984SM1.jpg,984SM1,41159053,DRY_RUN_OK,
/Users/anna.nardi/Library/CloudStorage/OneDrive-Raccoltecondivise-DuckyNetworkS.r.l/E-Commerce - FOTO PRODOTTO 2019_2022_2023_2024_2025/PASTIGLIE/SM1/985SM1.jpg,985SM1,41159054,DRY_RUN_OK,
/Users/anna.nardi/Library/CloudStorage/OneDrive-Raccoltecondivise-DuckyNetworkS.r.l/E-Commerce - FOTO PRODOTTO 2019_2022_2023_2024_2025/PASTIGLIE/SM1/986SM1.jpg,986SM1,41159055,DRY_RUN_OK,
/Users/anna.nardi/Library/CloudStorage/OneDrive-Raccoltecondivise-DuckyNetworkS.r.l/E-Commerce - FOTO PRODOTTO 2019_2022_2023_2024_2025/PASTIGLIE/CM56/992CM56.jpg,992CM56,41159060,DRY_RUN_OK,
/Users/anna.nardi/Library/CloudStorage/OneDrive-Raccoltecondivise-DuckyNetworkS.r.l/E-Commerce - FOTO PRODOTTO 2019_2022_2023_2024_2025/PASTIGLIE/CM55/994CM55.jpg,994CM55,41159062,DRY_RUN_OK,
/Users/anna.nardi/Library/CloudStorage/OneDrive-Raccoltecondivise-DuckyNetworkS.r.l/E-Commerce - FOTO PRODOTTO 2019_2022_2023_2024_2025/PASTIGLIE/CM44/995CM44.jpg,995CM44,41159063,DRY_RUN_OK,
/Users/anna.nardi/Library/CloudStorage/OneDrive-Raccoltecondivise-DuckyNetworkS.r.l/E-Commerce - FOTO PRODOTTO 2019_2022_2023_2024_2025/PASTIGLIE/CM46/995CM46.jpg,995CM46,41159064,DRY_RUN_OK,
/Users/anna.nardi/Library/CloudStorage/OneDrive-Raccoltecondivise-DuckyNetworkS.r.l/E-Commerce - FOTO PRODOTTO 2019_2022_2023_2024_2025/PASTIGLIE/CM55/997CM55.jpg,997CM55,41159065,DRY_RUN_OK,
/Users/anna.nardi/Library/CloudStorage/OneDrive-Raccoltecondivise-DuckyNetworkS.r.l/E-Commerce - FOTO PRODOTTO 2019_2022_2023_2024_2025/PASTIGLIE/SM1/999SM1.jpg,999SM1,41159066,DRY_RUN_OK,
/Users/anna.nardi/Library/CloudStorage/OneDrive-Raccoltecondivise-DuckyNetworkS.r.l/E-Commerce - FOTO PRODOTTO 2019_2022_2023_2024_2025/DISCHI/W-FIX/AP08RID.jpg,AP08RID,41159069,DRY_RUN_OK,
/Users/anna.nardi/Library/CloudStorage/OneDrive-Raccoltecondivise-DuckyNetworkS.r.l/E-Commerce - FOTO PRODOTTO 2019_2022_2023_2024_2025/DISCHI/R-FIX/AP10FI.jpg,AP10FI,41159072,DRY_RUN_OK,
/Users/anna.nardi/Library/CloudStorage/OneDrive-Raccoltecondivise-DuckyNetworkS.r.l/E-Commerce - FOTO PRODOTTO 2019_2022_2023_2024_2025/DISCHI/W-FIX/AP10FID.jpg,AP10FID,41159073,DRY_RUN_OK,
/Users/anna.nardi/Library/CloudStorage/OneDrive-Raccoltecondivise-DuckyNetworkS.r.l/E-Commerce - FOTO PRODOTTO 2019_2022_2023_2024_2025/DISCHI/R-FIX/AP11FI.jpg,AP11FI,41159074,DRY_RUN_OK,
/Users/anna.nardi/Library/CloudStorage/OneDrive-Raccoltecondivise-DuckyNetworkS.r.l/E-Commerce - FOTO PRODOTTO 2019_2022_2023_2024_2025/DISCHI/W-FIX/AP11FID.jpg,AP11FID,41159075,DRY_RUN_OK,
/Users/anna.nardi/Library/CloudStorage/OneDrive-Raccoltecondivise-DuckyNetworkS.r.l/E-Commerce - FOTO PRODOTTO 2019_2022_2023_2024_2025/DISCHI/R-FLO/AP13FL.jpg,AP13FL,41159076,DRY_RUN_OK,
/Users/anna.nardi/Library/CloudStorage/OneDrive-Raccoltecondivise-DuckyNetworkS.r.l/E-Commerce - FOTO PRODOTTO 2019_2022_2023_2024_2025/DISCHI/R-FIX/AP16FI.jpg,AP16FI,41159077,DRY_RUN_OK,
/Users/anna.nardi/Library/CloudStorage/OneDrive-Raccoltecondivise-DuckyNetworkS.r.l/E-Commerce - FOTO PRODOTTO 2019_2022_2023_2024_2025/DISCHI/W-FIX/AP16FID.jpg,AP16FID,41159078,DRY_RUN_OK,
/Users/anna.nardi/Library/CloudStorage/OneDrive-Raccoltecondivise-DuckyNetworkS.r.l/E-Commerce - FOTO PRODOTTO 2019_2022_2023_2024_2025/DISCHI/R-FLO/AP19FL.jpg,AP19FL,41159079,DRY_RUN_OK,
/Users/anna.nardi/Library/CloudStorage/OneDrive-Raccoltecondivise-DuckyNetworkS.r.l/E-Commerce - FOTO PRODOTTO 2019_2022_2023_2024_2025/DISCHI/W-FLO/AP19FLD.jpg,AP19FLD,41159080,DRY_RUN_OK,
/Users/anna.nardi/Library/CloudStorage/OneDrive-Raccoltecondivise-DuckyNetworkS.r.l/E-Commerce - FOTO PRODOTTO 2019_2022_2023_2024_2025/DISCHI/W-FIX/AP20RID.jpg,AP20RID,41159081,DRY_RUN_OK,
/Users/anna.nardi/Library/CloudStorage/OneDrive-Raccoltecondivise-DuckyNetworkS.r.l/E-Commerce - FOTO PRODOTTO 2019_2022_2023_2024_2025/DISCHI/R-FIX/AP21RI.jpg,AP21RI,41159082,DRY_RUN_OK,
/Users/anna.nardi/Library/CloudStorage/OneDrive-Raccoltecondivise-DuckyNetworkS.r.l/E-Commerce - FOTO PRODOTTO 2019_2022_2023_2024_2025/DISCHI/W-FIX/AP21RID.jpg,AP21RID,41159083,DRY_RUN_OK,
/Users/anna.nardi/Library/CloudStorage/OneDrive-Raccoltecondivise-DuckyNetworkS.r.l/E-Commerce - FOTO PRODOTTO 2019_2022_2023_2024_2025/DISCHI/ABS RING/AR0001.jpg,AR0001,41159084,DRY_RUN_OK,
/Users/anna.nardi/Library/CloudStorage/OneDrive-Raccoltecondivise-DuckyNetworkS.r.l/E-Commerce - FOTO PRODOTTO 2019_2022_2023_2024_2025/DISCHI/ABS RING/AR0002.jpg,AR0002,41159085,DRY_RUN_OK,
/Users/anna.nardi/Library/CloudStorage/OneDrive-Raccoltecondivise-DuckyNetworkS.r.l/E-Commerce - FOTO PRODOTTO 2019_2022_2023_2024_2025/CHAIN KITS_Braking/B520XRE006G.jpg,B520XRE006G,41231976,DRY_RUN_OK,
/Users/anna.nardi/Library/CloudStorage/OneDrive-Raccoltecondivise-DuckyNetworkS.r.l/E-Commerce - FOTO PRODOTTO 2019_2022_2023_2024_2025/CHAIN KITS_Braking/B520XRE008G.jpg,B520XRE008G,41231979,DRY_RUN_OK,
/Users/anna.nardi/Library/CloudStorage/OneDrive-Raccoltecondivise-DuckyNetworkS.r.l/E-Commerce - FOTO PRODOTTO 2019_2022_2023_2024_2025/CHAIN KITS_Braking/B520XRE012G.jpg,B520XRE012G,41159349,DRY_RUN_OK,
/Users/anna.nardi/Library/CloudStorage/OneDrive-Raccoltecondivise-DuckyNetworkS.r.l/E-Commerce - FOTO PRODOTTO 2019_2022_2023_2024_2025/CHAIN KITS_Braking/B520XRE020G.jpg,B520XRE020G,41231980,DRY_RUN_OK,
/Users/anna.nardi/Library/CloudStorage/OneDrive-Raccoltecondivise-DuckyNetworkS.r.l/E-Commerce - FOTO PRODOTTO 2019_2022_2023_2024_2025/CHAIN KITS_Braking/B520XRE021G.jpg,B520XRE021G,41231981,DRY_RUN_OK,
/Users/anna.nardi/Library/CloudStorage/OneDrive-Raccoltecondivise-DuckyNetworkS.r.l/E-Commerce - FOTO PRODOTTO 2019_2022_2023_2024_2025/CHAIN KITS_Braking/B520XRE024G.jpg,B520XRE024G,41231982,DRY_RUN_OK,
/Users/anna.nardi/Library/CloudStorage/OneDrive-Raccoltecondivise-DuckyNetworkS.r.l/E-Commerce - FOTO PRODOTTO 2019_2022_2023_2024_2025/CHAIN KITS_Braking/B520XRE025G.jpg,B520XRE025G,41231983,DRY_RUN_OK,
/Users/anna.nardi/Library/CloudStorage/OneDrive-Raccoltecondivise-DuckyNetworkS.r.l/E-Commerce - FOTO PRODOTTO 2019_2022_2023_2024_2025/CHAIN KITS_Braking/B520XRE028G.jpg,B520XRE028G,41231984,DRY_RUN_OK,
/Users/anna.nardi/Library/CloudStorage/OneDrive-Raccoltecondivise-DuckyNetworkS.r.l/E-Commerce - FOTO PRODOTTO 2019_2022_2023_2024_2025/CHAIN KITS_Braking/B520XRE032G.jpg,B520XRE032G,41231985,DRY_RUN_OK,
/Users/anna.nardi/Library/CloudStorage/OneDrive-Raccoltecondivise-DuckyNetworkS.r.l/E-Commerce - FOTO PRODOTTO 2019_2022_2023_2024_2025/CHAIN KITS_Braking/B520XRE036G.jpg,B520XRE036G,41231986,DRY_RUN_OK,
/Users/anna.nardi/Library/CloudStorage/OneDrive-Raccoltecondivise-DuckyNetworkS.r.l/E-Commerce - FOTO PRODOTTO 2019_2022_2023_2024_2025/CHAIN KITS_Braking/B520XRE037G.jpg,B520XRE037G,41231987,DRY_RUN_OK,
/Users/anna.nardi/Library/CloudStorage/OneDrive-Raccoltecondivise-DuckyNetworkS.r.l/E-Commerce - FOTO PRODOTTO 2019_2022_2023_2024_2025/CHAIN KITS_Braking/B520XRE039G.jpg,B520XRE039G,41231991,DRY_RUN_OK,
/Users/anna.nardi/Library/CloudStorage/OneDrive-Raccoltecondivise-DuckyNetworkS.r.l/E-Commerce - FOTO PRODOTTO 2019_2022_2023_2024_2025/CHAIN KITS_Braking/B520XRE040G.jpg,B520XRE040G,41231992,DRY_RUN_OK,
/Users/anna.nardi/Library/CloudStorage/OneDrive-Raccoltecondivise-DuckyNetworkS.r.l/E-Commerce - FOTO PRODOTTO 2019_2022_2023_2024_2025/CHAIN KITS_Braking/B520XRE046G.jpg,B520XRE046G,41231993,DRY_RUN_OK,
/Users/anna.nardi/Library/CloudStorage/OneDrive-Raccoltecondivise-DuckyNetworkS.r.l/E-Commerce - FOTO PRODOTTO 2019_2022_2023_2024_2025/CHAIN KITS_Braking/B520XRE053G.jpg,B520XRE053G,41231994,DRY_RUN_OK,
/Users/anna.nardi/Library/CloudStorage/OneDrive-Raccoltecondivise-DuckyNetworkS.r.l/E-Commerce - FOTO PRODOTTO 2019_2022_2023_2024_2025/CHAIN KITS_Braking/B520XRE055G.jpg,B520XRE055G,41231995,DRY_RUN_OK,
/Users/anna.nardi/Library/CloudStorage/OneDrive-Raccoltecondivise-DuckyNetworkS.r.l/E-Commerce - FOTO PRODOTTO 2019_2022_2023_2024_2025/CHAIN KITS_Braking/B520XRE058G.jpg,B520XRE058G,41231996,DRY_RUN_OK,
/Users/anna.nardi/Library/CloudStorage/OneDrive-Raccoltecondivise-DuckyNetworkS.r.l/E-Commerce - FOTO PRODOTTO 2019_2022_2023_2024_2025/CHAIN KITS_Braking/B520XRE059G.jpg,B520XRE059G,41231997,DRY_RUN_OK,
/Users/anna.nardi/Library/CloudStorage/OneDrive-Raccoltecondivise-DuckyNetworkS.r.l/E-Commerce - FOTO PRODOTTO 2019_2022_2023_2024_2025/CHAIN KITS_Braking/B520XRE061G.jpg,B520XRE061G,41231998,DRY_RUN_OK,
/Users/anna.nardi/Library/CloudStorage/OneDrive-Raccoltecondivise-DuckyNetworkS.r.l/E-Commerce - FOTO PRODOTTO 2019_2022_2023_2024_2025/CHAIN KITS_Braking/B520XRE063G.jpg,B520XRE063G,41231999,DRY_RUN_OK,
/Users/anna.nardi/Library/CloudStorage/OneDrive-Raccoltecondivise-DuckyNetworkS.r.l/E-Commerce - FOTO PRODOTTO 2019_2022_2023_2024_2025/CHAIN KITS_Braking/B520XRE064G.jpg,B520XRE064G,41232000,DRY_RUN_OK,
/Users/anna.nardi/Library/CloudStorage/OneDrive-Raccoltecondivise-DuckyNetworkS.r.l/E-Commerce - FOTO PRODOTTO 2019_2022_2023_2024_2025/CHAIN KITS_Braking/B520XRE065G.jpg,B520XRE065G,41232001,DRY_RUN_OK,
/Users/anna.nardi/Library/CloudStorage/OneDrive-Raccoltecondivise-DuckyNetworkS.r.l/E-Commerce - FOTO PRODOTTO 2019_2022_2023_2024_2025/CHAIN KITS_Braking/B520XRE066G.jpg,B520XRE066G,41232002,DRY_RUN_OK,
/Users/anna.nardi/Library/CloudStorage/OneDrive-Raccoltecondivise-DuckyNetworkS.r.l/E-Commerce - FOTO PRODOTTO 2019_2022_2023_2024_2025/CHAIN KITS_Braking/B520XRE067G.jpg,B520XRE067G,41232003,DRY_RUN_OK,
/Users/anna.nardi/Library/CloudStorage/OneDrive-Raccoltecondivise-DuckyNetworkS.r.l/E-Commerce - FOTO PRODOTTO 2019_2022_2023_2024_2025/CHAIN KITS_Braking/B520XRE068G.jpg,B520XRE068G,41226981,DRY_RUN_OK,
/Users/anna.nardi/Library/CloudStorage/OneDrive-Raccoltecondivise-DuckyNetworkS.r.l/E-Commerce - FOTO PRODOTTO 2019_2022_2023_2024_2025/CHAIN KITS_Braking/B520XRE069G.jpg,B520XRE069G,41226982,DRY_RUN_OK,
/Users/anna.nardi/Library/CloudStorage/OneDrive-Raccoltecondivise-DuckyNetworkS.r.l/E-Commerce - FOTO PRODOTTO 2019_2022_2023_2024_2025/CHAIN KITS_Braking/B520XRE071G.jpg,B520XRE071G,41232004,DRY_RUN_OK,
/Users/anna.nardi/Library/CloudStorage/OneDrive-Raccoltecondivise-DuckyNetworkS.r.l/E-Commerce - FOTO PRODOTTO 2019_2022_2023_2024_2025/CHAIN KITS_Braking/B520XRE078G.jpg,B520XRE078G,41232005,DRY_RUN_OK,
/Users/anna.nardi/Library/CloudStorage/OneDrive-Raccoltecondivise-DuckyNetworkS.r.l/E-Commerce - FOTO PRODOTTO 2019_2022_2023_2024_2025/CHAIN KITS_Braking/B520XRE082G.jpg,B520XRE082G,41232006,DRY_RUN_OK,
/Users/anna.nardi/Library/CloudStorage/OneDrive-Raccoltecondivise-DuckyNetworkS.r.l/E-Commerce - FOTO PRODOTTO 2019_2022_2023_2024_2025/CHAIN KITS_Braking/B520XRE084G.jpg,B520XRE084G,41232007,DRY_RUN_OK,
/Users/anna.nardi/Library/CloudStorage/OneDrive-Raccoltecondivise-DuckyNetworkS.r.l/E-Commerce - FOTO PRODOTTO 2019_2022_2023_2024_2025/CHAIN KITS_Braking/B520XRE085G.jpg,B520XRE085G,41232008,DRY_RUN_OK,
/Users/anna.nardi/Library/CloudStorage/OneDrive-Raccoltecondivise-DuckyNetworkS.r.l/E-Commerce - FOTO PRODOTTO 2019_2022_2023_2024_2025/CHAIN KITS_Braking/B520XRE086G.jpg,B520XRE086G,41226986,DRY_RUN_OK,
/Users/anna.nardi/Library/CloudStorage/OneDrive-Raccoltecondivise-DuckyNetworkS.r.l/E-Commerce - FOTO PRODOTTO 2019_2022_2023_2024_2025/CHAIN KITS_Braking/B520XRE087G.jpg,B520XRE087G,41226987,DRY_RUN_OK,
/Users/anna.nardi/Library/CloudStorage/OneDrive-Raccoltecondivise-DuckyNetworkS.r.l/E-Commerce - FOTO PRODOTTO 2019_2022_2023_2024_2025/CHAIN KITS_Braking/B520XRE088G.jpg,B520XRE088G,41226988,DRY_RUN_OK,
/Users/anna.nardi/Library/CloudStorage/OneDrive-Raccoltecondivise-DuckyNetworkS.r.l/E-Commerce - FOTO PRODOTTO 2019_2022_2023_2024_2025/CHAIN KITS_Braking/B520XRE089G.jpg,B520XRE089G,41226989,DRY_RUN_OK,
/Users/anna.nardi/Library/CloudStorage/OneDrive-Raccoltecondivise-DuckyNetworkS.r.l/E-Commerce - FOTO PRODOTTO 2019_2022_2023_2024_2025/CHAIN KITS_Braking/B520XRE090G.jpg,B520XRE090G,41232009,DRY_RUN_OK,
/Users/anna.nardi/Library/CloudStorage/OneDrive-Raccoltecondivise-DuckyNetworkS.r.l/E-Commerce - FOTO PRODOTTO 2019_2022_2023_2024_2025/CHAIN KITS_Braking/B520XRE091G.jpg,B520XRE091G,41226990,DRY_RUN_OK,
/Users/anna.nardi/Library/CloudStorage/OneDrive-Raccoltecondivise-DuckyNetworkS.r.l/E-Commerce - FOTO PRODOTTO 2019_2022_2023_2024_2025/CHAIN KITS_Braking/B520XRE093G.jpg,B520XRE093G,41232010,DRY_RUN_OK,
/Users/anna.nardi/Library/CloudStorage/OneDrive-Raccoltecondivise-DuckyNetworkS.r.l/E-Commerce - FOTO PRODOTTO 2019_2022_2023_2024_2025/CHAIN KITS_Braking/B525XRE004G.jpg,B525XRE004G,41232011,DRY_RUN_OK,
/Users/anna.nardi/Library/CloudStorage/OneDrive-Raccoltecondivise-DuckyNetworkS.r.l/E-Commerce - FOTO PRODOTTO 2019_2022_2023_2024_2025/CHAIN KITS_Braking/B525XRE006G.jpg,B525XRE006G,41232012,DRY_RUN_OK,
/Users/anna.nardi/Library/CloudStorage/OneDrive-Raccoltecondivise-DuckyNetworkS.r.l/E-Commerce - FOTO PRODOTTO 2019_2022_2023_2024_2025/CHAIN KITS_Braking/B525XRE007G.jpg,B525XRE007G,41232013,DRY_RUN_OK,
/Users/anna.nardi/Library/CloudStorage/OneDrive-Raccoltecondivise-DuckyNetworkS.r.l/E-Commerce - FOTO PRODOTTO 2019_2022_2023_2024_2025/CHAIN KITS_Braking/B525XRE008G.jpg,B525XRE008G,41232014,DRY_RUN_OK,
/Users/anna.nardi/Library/CloudStorage/OneDrive-Raccoltecondivise-DuckyNetworkS.r.l/E-Commerce - FOTO PRODOTTO 2019_2022_2023_2024_2025/CHAIN KITS_Braking/B525XRE010G.jpg,B525XRE010G,41232015,DRY_RUN_OK,
/Users/anna.nardi/Library/CloudStorage/OneDrive-Raccoltecondivise-DuckyNetworkS.r.l/E-Commerce - FOTO PRODOTTO 2019_2022_2023_2024_2025/CHAIN KITS_Braking/B525XRE012G.jpg,B525XRE012G,41232016,DRY_RUN_OK,
/Users/anna.nardi/Library/CloudStorage/OneDrive-Raccoltecondivise-DuckyNetworkS.r.l/E-Commerce - FOTO PRODOTTO 2019_2022_2023_2024_2025/CHAIN KITS_Braking/B525XRE014G.jpg,B525XRE014G,41232017,DRY_RUN_OK,
/Users/anna.nardi/Library/CloudStorage/OneDrive-Raccoltecondivise-DuckyNetworkS.r.l/E-Commerce - FOTO PRODOTTO 2019_2022_2023_2024_2025/CHAIN KITS_Braking/B525XRE015G.jpg,B525XRE015G,41232018,DRY_RUN_OK,
/Users/anna.nardi/Library/CloudStorage/OneDrive-Raccoltecondivise-DuckyNetworkS.r.l/E-Commerce - FOTO PRODOTTO 2019_2022_2023_2024_2025/CHAIN KITS_Braking/B525XRE016G.jpg,B525XRE016G,41232019,DRY_RUN_OK,
/Users/anna.nardi/Library/CloudStorage/OneDrive-Raccoltecondivise-DuckyNetworkS.r.l/E-Commerce - FOTO PRODOTTO 2019_2022_2023_2024_2025/CHAIN KITS_Braking/B525XRE017G.jpg,B525XRE017G,41232020,DRY_RUN_OK,
/Users/anna.nardi/Library/CloudStorage/OneDrive-Raccoltecondivise-DuckyNetworkS.r.l/E-Commerce - FOTO PRODOTTO 2019_2022_2023_2024_2025/CHAIN KITS_Braking/B525XRE018G.jpg,B525XRE018G,41232021,DRY_RUN_OK,
/Users/anna.nardi/Library/CloudStorage/OneDrive-Raccoltecondivise-DuckyNetworkS.r.l/E-Commerce - FOTO PRODOTTO 2019_2022_2023_2024_2025/CHAIN KITS_Braking/B525XRE019G.jpg,B525XRE019G,41232022,DRY_RUN_OK,
/Users/anna.nardi/Library/CloudStorage/OneDrive-Raccoltecondivise-DuckyNetworkS.r.l/E-Commerce - FOTO PRODOTTO 2019_2022_2023_2024_2025/CHAIN KITS_Braking/B525XRE021G.jpg,B525XRE021G,41232023,DRY_RUN_OK,
/Users/anna.nardi/Library/CloudStorage/OneDrive-Raccoltecondivise-DuckyNetworkS.r.l/E-Commerce - FOTO PRODOTTO 2019_2022_2023_2024_2025/CHAIN KITS_Braking/B525XRE023G.jpg,B525XRE023G,41232024,DRY_RUN_OK,
/Users/anna.nardi/Library/CloudStorage/OneDrive-Raccoltecondivise-DuckyNetworkS.r.l/E-Commerce - FOTO PRODOTTO 2019_2022_2023_2024_2025/CHAIN KITS_Braking/B525XRE024G.jpg,B525XRE024G,41232025,DRY_RUN_OK,
/Users/anna.nardi/Library/CloudStorage/OneDrive-Raccoltecondivise-DuckyNetworkS.r.l/E-Commerce - FOTO PRODOTTO 2019_2022_2023_2024_2025/CHAIN KITS_Braking/B525XRE025G.jpg,B525XRE025G,41232029,DRY_RUN_OK,
/Users/anna.nardi/Library/CloudStorage/OneDrive-Raccoltecondivise-DuckyNetworkS.r.l/E-Commerce - FOTO PRODOTTO 2019_2022_2023_2024_2025/CHAIN KITS_Braking/B525XRE027G.jpg,B525XRE027G,41232030,DRY_RUN_OK,
/Users/anna.nardi/Library/CloudStorage/OneDrive-Raccoltecondivise-DuckyNetworkS.r.l/E-Commerce - FOTO PRODOTTO 2019_2022_2023_2024_2025/CHAIN KITS_Braking/B525XRE028G.jpg,B525XRE028G,41232031,DRY_RUN_OK,
/Users/anna.nardi/Library/CloudStorage/OneDrive-Raccoltecondivise-DuckyNetworkS.r.l/E-Commerce - FOTO PRODOTTO 2019_2022_2023_2024_2025/CHAIN KITS_Braking/B525XRE029G.jpg,B525XRE029G,41232032,DRY_RUN_OK,
/Users/anna.nardi/Library/CloudStorage/OneDrive-Raccoltecondivise-DuckyNetworkS.r.l/E-Commerce - FOTO PRODOTTO 2019_2022_2023_2024_2025/CHAIN KITS_Braking/B525XRE030G.jpg,B525XRE030G,41232033,DRY_RUN_OK,
/Users/anna.nardi/Library/CloudStorage/OneDrive-Raccoltecondivise-DuckyNetworkS.r.l/E-Commerce - FOTO PRODOTTO 2019_2022_2023_2024_2025/CHAIN KITS_Braking/B525XRE032G.jpg,B525XRE032G,41232034,DRY_RUN_OK,
/Users/anna.nardi/Library/CloudStorage/OneDrive-Raccoltecondivise-DuckyNetworkS.r.l/E-Commerce - FOTO PRODOTTO 2019_2022_2023_2024_2025/CHAIN KITS_Braking/B525XRE034G.jpg,B525XRE034G,41232035,DRY_RUN_OK,
/Users/anna.nardi/Library/CloudStorage/OneDrive-Raccoltecondivise-DuckyNetworkS.r.l/E-Commerce - FOTO PRODOTTO 2019_2022_2023_2024_2025/CHAIN KITS_Braking/B525XRE035G.jpg,B525XRE035G,41232036,DRY_RUN_OK,
/Users/anna.nardi/Library/CloudStorage/OneDrive-Raccoltecondivise-DuckyNetworkS.r.l/E-Commerce - FOTO PRODOTTO 2019_2022_2023_2024_2025/CHAIN KITS_Braking/B525XRE036G.jpg,B525XRE036G,41232037,DRY_RUN_OK,
/Users/anna.nardi/Library/CloudStorage/OneDrive-Raccoltecondivise-DuckyNetworkS.r.l/E-Commerce - FOTO PRODOTTO 2019_2022_2023_2024_2025/CHAIN KITS_Braking/B525XRE037G.jpg,B525XRE037G,41232038,DRY_RUN_OK,
/Users/anna.nardi/Library/CloudStorage/OneDrive-Raccoltecondivise-DuckyNetworkS.r.l/E-Commerce - FOTO PRODOTTO 2019_2022_2023_2024_2025/CHAIN KITS_Braking/B525XRE038G.jpg,B525XRE038G,41232039,DRY_RUN_OK,
/Users/anna.nardi/Library/CloudStorage/OneDrive-Raccoltecondivise-DuckyNetworkS.r.l/E-Commerce - FOTO PRODOTTO 2019_2022_2023_2024_2025/CHAIN KITS_Braking/B525XRE039G.jpg,B525XRE039G,41232040,DRY_RUN_OK,
/Users/anna.nardi/Library/CloudStorage/OneDrive-Raccoltecondivise-DuckyNetworkS.r.l/E-Commerce - FOTO PRODOTTO 2019_2022_2023_2024_2025/CHAIN KITS_Braking/B525XRE040G.jpg,B525XRE040G,41232041,DRY_RUN_OK,
/Users/anna.nardi/Library/CloudStorage/OneDrive-Raccoltecondivise-DuckyNetworkS.r.l/E-Commerce - FOTO PRODOTTO 2019_2022_2023_2024_2025/CHAIN KITS_Braking/B525XRE041G.jpg,B525XRE041G,41232042,DRY_RUN_OK,
/Users/anna.nardi/Library/CloudStorage/OneDrive-Raccoltecondivise-DuckyNetworkS.r.l/E-Commerce - FOTO PRODOTTO 2019_2022_2023_2024_2025/CHAIN KITS_Braking/B525XRE043G.jpg,B525XRE043G,41232043,DRY_RUN_OK,
/Users/anna.nardi/Library/CloudStorage/OneDrive-Raccoltecondivise-DuckyNetworkS.r.l/E-Commerce - FOTO PRODOTTO 2019_2022_2023_2024_2025/CHAIN KITS_Braking/B525XRE044G.jpg,B525XRE044G,41232044,DRY_RUN_OK,
/Users/anna.nardi/Library/CloudStorage/OneDrive-Raccoltecondivise-DuckyNetworkS.r.l/E-Commerce - FOTO PRODOTTO 2019_2022_2023_2024_2025/CHAIN KITS_Braking/B525XRE046G.jpg,B525XRE046G,41232045,DRY_RUN_OK,
/Users/anna.nardi/Library/CloudStorage/OneDrive-Raccoltecondivise-DuckyNetworkS.r.l/E-Commerce - FOTO PRODOTTO 2019_2022_2023_2024_2025/CHAIN KITS_Braking/B525XRE047G.jpg,B525XRE047G,41232046,DRY_RUN_OK,
/Users/anna.nardi/Library/CloudStorage/OneDrive-Raccoltecondivise-DuckyNetworkS.r.l/E-Commerce - FOTO PRODOTTO 2019_2022_2023_2024_2025/CHAIN KITS_Braking/B525XRE051G.jpg,B525XRE051G,41232047,DRY_RUN_OK,
/Users/anna.nardi/Library/CloudStorage/OneDrive-Raccoltecondivise-DuckyNetworkS.r.l/E-Commerce - FOTO PRODOTTO 2019_2022_2023_2024_2025/CHAIN KITS_Braking/B525XRE053G.jpg,B525XRE053G,41232048,DRY_RUN_OK,
/Users/anna.nardi/Library/CloudStorage/OneDrive-Raccoltecondivise-DuckyNetworkS.r.l/E-Commerce - FOTO PRODOTTO 2019_2022_2023_2024_2025/CHAIN KITS_Braking/B525XRE057G.jpg,B525XRE057G,41232049,DRY_RUN_OK,
/Users/anna.nardi/Library/CloudStorage/OneDrive-Raccoltecondivise-DuckyNetworkS.r.l/E-Commerce - FOTO PRODOTTO 2019_2022_2023_2024_2025/CHAIN KITS_Braking/B525XRE061G.jpg,B525XRE061G,41232050,DRY_RUN_OK,
/Users/anna.nardi/Library/CloudStorage/OneDrive-Raccoltecondivise-DuckyNetworkS.r.l/E-Commerce - FOTO PRODOTTO 2019_2022_2023_2024_2025/CHAIN KITS_Braking/B525XRE062G.jpg,B525XRE062G,41232051,DRY_RUN_OK,
/Users/anna.nardi/Library/CloudStorage/OneDrive-Raccoltecondivise-DuckyNetworkS.r.l/E-Commerce - FOTO PRODOTTO 2019_2022_2023_2024_2025/CHAIN KITS_Braking/B525XRE065G.jpg,B525XRE065G,41232052,DRY_RUN_OK,
/Users/anna.nardi/Library/CloudStorage/OneDrive-Raccoltecondivise-DuckyNetworkS.r.l/E-Commerce - FOTO PRODOTTO 2019_2022_2023_2024_2025/CHAIN KITS_Braking/B525XRE066G.jpg,B525XRE066G,41232053,DRY_RUN_OK,
/Users/anna.nardi/Library/CloudStorage/OneDrive-Raccoltecondivise-DuckyNetworkS.r.l/E-Commerce - FOTO PRODOTTO 2019_2022_2023_2024_2025/CHAIN KITS_Braking/B525XRE069G.jpg,B525XRE069G,41232054,DRY_RUN_OK,
/Users/anna.nardi/Library/CloudStorage/OneDrive-Raccoltecondivise-DuckyNetworkS.r.l/E-Commerce - FOTO PRODOTTO 2019_2022_2023_2024_2025/CHAIN KITS_Braking/B525XRE071G.jpg,B525XRE071G,41232055,DRY_RUN_OK,
/Users/anna.nardi/Library/CloudStorage/OneDrive-Raccoltecondivise-DuckyNetworkS.r.l/E-Commerce - FOTO PRODOTTO 2019_2022_2023_2024_2025/CHAIN KITS_Braking/B525XRE073G.jpg,B525XRE073G,41232056,DRY_RUN_OK,
/Users/anna.nardi/Library/CloudStorage/OneDrive-Raccoltecondivise-DuckyNetworkS.r.l/E-Commerce - FOTO PRODOTTO 2019_2022_2023_2024_2025/CHAIN KITS_Braking/B525XRE074G.jpg,B525XRE074G,41232057,DRY_RUN_OK,
/Users/anna.nardi/Library/CloudStorage/OneDrive-Raccoltecondivise-DuckyNetworkS.r.l/E-Commerce - FOTO PRODOTTO 2019_2022_2023_2024_2025/CHAIN KITS_Braking/B525XRE075G.jpg,B525XRE075G,41232058,DRY_RUN_OK,
/Users/anna.nardi/Library/CloudStorage/OneDrive-Raccoltecondivise-DuckyNetworkS.r.l/E-Commerce - FOTO PRODOTTO 2019_2022_2023_2024_2025/CHAIN KITS_Braking/B525XRE080G.jpg,B525XRE080G,41232059,DRY_RUN_OK,
/Users/anna.nardi/Library/CloudStorage/OneDrive-Raccoltecondivise-DuckyNetworkS.r.l/E-Commerce - FOTO PRODOTTO 2019_2022_2023_2024_2025/CHAIN KITS_Braking/B525XRE081G.jpg,B525XRE081G,41159353,DRY_RUN_OK,
/Users/anna.nardi/Library/CloudStorage/OneDrive-Raccoltecondivise-DuckyNetworkS.r.l/E-Commerce - FOTO PRODOTTO 2019_2022_2023_2024_2025/CHAIN KITS_Braking/B525XRE082G.jpg,B525XRE082G,41232060,DRY_RUN_OK,
/Users/anna.nardi/Library/CloudStorage/OneDrive-Raccoltecondivise-DuckyNetworkS.r.l/E-Commerce - FOTO PRODOTTO 2019_2022_2023_2024_2025/CHAIN KITS_Braking/B530XRE017G.jpg,B530XRE017G,41232061,DRY_RUN_OK,
/Users/anna.nardi/Library/CloudStorage/OneDrive-Raccoltecondivise-DuckyNetworkS.r.l/E-Commerce - FOTO PRODOTTO 2019_2022_2023_2024_2025/CHAIN KITS_Braking/B530XRE020G.jpg,B530XRE020G,41232062,DRY_RUN_OK,
/Users/anna.nardi/Library/CloudStorage/OneDrive-Raccoltecondivise-DuckyNetworkS.r.l/E-Commerce - FOTO PRODOTTO 2019_2022_2023_2024_2025/CHAIN KITS_Braking/B530XRE021G.jpg,B530XRE021G,41232063,DRY_RUN_OK,
/Users/anna.nardi/Library/CloudStorage/OneDrive-Raccoltecondivise-DuckyNetworkS.r.l/E-Commerce - FOTO PRODOTTO 2019_2022_2023_2024_2025/CHAIN KITS_Braking/B530XRE022G.jpg,B530XRE022G,41232064,DRY_RUN_OK,
/Users/anna.nardi/Library/CloudStorage/OneDrive-Raccoltecondivise-DuckyNetworkS.r.l/E-Commerce - FOTO PRODOTTO 2019_2022_2023_2024_2025/CHAIN KITS_Braking/B530XRE023G.jpg,B530XRE023G,41232065,DRY_RUN_OK,
/Users/anna.nardi/Library/CloudStorage/OneDrive-Raccoltecondivise-DuckyNetworkS.r.l/E-Commerce - FOTO PRODOTTO 2019_2022_2023_2024_2025/CHAIN KITS_Braking/B530XRE024G.jpg,B530XRE024G,41232066,DRY_RUN_OK,
/Users/anna.nardi/Library/CloudStorage/OneDrive-Raccoltecondivise-DuckyNetworkS.r.l/E-Commerce - FOTO PRODOTTO 2019_2022_2023_2024_2025/CHAIN KITS_Braking/B530XRE036G.jpg,B530XRE036G,41232067,DRY_RUN_OK,
/Users/anna.nardi/Library/CloudStorage/OneDrive-Raccoltecondivise-DuckyNetworkS.r.l/E-Commerce - FOTO PRODOTTO 2019_2022_2023_2024_2025/CHAIN KITS_Braking/B530XRE037G.jpg,B530XRE037G,41232068,DRY_RUN_OK,
/Users/anna.nardi/Library/CloudStorage/OneDrive-Raccoltecondivise-DuckyNetworkS.r.l/E-Commerce - FOTO PRODOTTO 2019_2022_2023_2024_2025/CHAIN KITS_Braking/B530XRE038G.jpg,B530XRE038G,41232069,DRY_RUN_OK,
/Users/anna.nardi/Library/CloudStorage/OneDrive-Raccoltecondivise-DuckyNetworkS.r.l/E-Commerce - FOTO PRODOTTO 2019_2022_2023_2024_2025/CHAIN KITS_Braking/B530XRE039G.jpg,B530XRE039G,41232070,DRY_RUN_OK,
/Users/anna.nardi/Library/CloudStorage/OneDrive-Raccoltecondivise-DuckyNetworkS.r.l/E-Commerce - FOTO PRODOTTO 2019_2022_2023_2024_2025/CHAIN KITS_Braking/B530XRE041G.jpg,B530XRE041G,41232071,DRY_RUN_OK,
/Users/anna.nardi/Library/CloudStorage/OneDrive-Raccoltecondivise-DuckyNetworkS.r.l/E-Commerce - FOTO PRODOTTO 2019_2022_2023_2024_2025/CHAIN KITS_Braking/B530XRE042G.jpg,B530XRE042G,41232072,DRY_RUN_OK,
/Users/anna.nardi/Library/CloudStorage/OneDrive-Raccoltecondivise-DuckyNetworkS.r.l/E-Commerce - FOTO PRODOTTO 2019_2022_2023_2024_2025/CHAIN KITS_Braking/B530XRE060G.jpg,B530XRE060G,41232073,DRY_RUN_OK,
/Users/anna.nardi/Library/CloudStorage/OneDrive-Raccoltecondivise-DuckyNetworkS.r.l/E-Commerce - FOTO PRODOTTO 2019_2022_2023_2024_2025/CHAIN KITS_Braking/B530XRE061G.jpg,B530XRE061G,41232074,DRY_RUN_OK,
/Users/anna.nardi/Library/CloudStorage/OneDrive-Raccoltecondivise-DuckyNetworkS.r.l/E-Commerce - FOTO PRODOTTO 2019_2022_2023_2024_2025/CHAIN KITS_Braking/B530XRE062G.jpg,B530XRE062G,41232075,DRY_RUN_OK,
/Users/anna.nardi/Library/CloudStorage/OneDrive-Raccoltecondivise-DuckyNetworkS.r.l/E-Commerce - FOTO PRODOTTO 2019_2022_2023_2024_2025/CHAIN KITS_Braking/B530XRE063G.jpg,B530XRE063G,41232076,DRY_RUN_OK,
/Users/anna.nardi/Library/CloudStorage/OneDrive-Raccoltecondivise-DuckyNetworkS.r.l/E-Commerce - FOTO PRODOTTO 2019_2022_2023_2024_2025/CHAIN KITS_Braking/B530XRE065G.jpg,B530XRE065G,41232077,DRY_RUN_OK,
/Users/anna.nardi/Library/CloudStorage/OneDrive-Raccoltecondivise-DuckyNetworkS.r.l/E-Commerce - FOTO PRODOTTO 2019_2022_2023_2024_2025/CHAIN KITS_Braking/B530XRE067G.jpg,B530XRE067G,41232078,DRY_RUN_OK,
/Users/anna.nardi/Library/CloudStorage/OneDrive-Raccoltecondivise-DuckyNetworkS.r.l/E-Commerce - FOTO PRODOTTO 2019_2022_2023_2024_2025/CHAIN KITS_Braking/B530XRE069G.jpg,B530XRE069G,41232079,DRY_RUN_OK,
/Users/anna.nardi/Library/CloudStorage/OneDrive-Raccoltecondivise-DuckyNetworkS.r.l/E-Commerce - FOTO PRODOTTO 2019_2022_2023_2024_2025/CHAIN KITS_Braking/B530XRE072G.jpg,B530XRE072G,41232080,DRY_RUN_OK,
/Users/anna.nardi/Library/CloudStorage/OneDrive-Raccoltecondivise-DuckyNetworkS.r.l/E-Commerce - FOTO PRODOTTO 2019_2022_2023_2024_2025/CHAIN KITS_Braking/B530XRE073G.jpg,B530XRE073G,41232081,DRY_RUN_OK,
/Users/anna.nardi/Library/CloudStorage/OneDrive-Raccoltecondivise-DuckyNetworkS.r.l/E-Commerce - FOTO PRODOTTO 2019_2022_2023_2024_2025/CHAIN KITS_Braking/B530XRE074G.jpg,B530XRE074G,41232082,DRY_RUN_OK,
/Users/anna.nardi/Library/CloudStorage/OneDrive-Raccoltecondivise-DuckyNetworkS.r.l/E-Commerce - FOTO PRODOTTO 2019_2022_2023_2024_2025/CHAIN KITS_Braking/B530XRE083G.jpg,B530XRE083G,41232083,DRY_RUN_OK,
/Users/anna.nardi/Library/CloudStorage/OneDrive-Raccoltecondivise-DuckyNetworkS.r.l/E-Commerce - FOTO PRODOTTO 2019_2022_2023_2024_2025/CHAIN KITS_Braking/B530XRE084G.jpg,B530XRE084G,41232084,DRY_RUN_OK,
/Users/anna.nardi/Library/CloudStorage/OneDrive-Raccoltecondivise-DuckyNetworkS.r.l/E-Commerce - FOTO PRODOTTO 2019_2022_2023_2024_2025/CHAIN KITS_Braking/B530XRE093G.jpg,B530XRE093G,41232085,DRY_RUN_OK,
/Users/anna.nardi/Library/CloudStorage/OneDrive-Raccoltecondivise-DuckyNetworkS.r.l/E-Commerce - FOTO PRODOTTO 2019_2022_2023_2024_2025/CHAIN KITS_Braking/B530XRE100G.jpg,B530XRE100G,41232086,DRY_RUN_OK,
/Users/anna.nardi/Library/CloudStorage/OneDrive-Raccoltecondivise-DuckyNetworkS.r.l/E-Commerce - FOTO PRODOTTO 2019_2022_2023_2024_2025/CHAIN KITS_Braking/B530XRE101G.jpg,B530XRE101G,41232087,DRY_RUN_OK,
/Users/anna.nardi/Library/CloudStorage/OneDrive-Raccoltecondivise-DuckyNetworkS.r.l/E-Commerce - FOTO PRODOTTO 2019_2022_2023_2024_2025/INGRANAGGI_Braking/B56017R.jpg,B56017R,41159355,DRY_RUN_OK,
/Users/anna.nardi/Library/CloudStorage/OneDrive-Raccoltecondivise-DuckyNetworkS.r.l/E-Commerce - FOTO PRODOTTO 2019_2022_2023_2024_2025/INGRANAGGI_Braking/B56018.jpg,B56018,41159356,DRY_RUN_OK,
/Users/anna.nardi/Library/CloudStorage/OneDrive-Raccoltecondivise-DuckyNetworkS.r.l/E-Commerce - FOTO PRODOTTO 2019_2022_2023_2024_2025/DISCHI/W-FIX/BL01RID.jpg,BL01RID,41159358,DRY_RUN_OK,
/Users/anna.nardi/Library/CloudStorage/OneDrive-Raccoltecondivise-DuckyNetworkS.r.l/E-Commerce - FOTO PRODOTTO 2019_2022_2023_2024_2025/DISCHI/SK2/BL02FID.jpg,BL02FID,41159359,DRY_RUN_OK,
/Users/anna.nardi/Library/CloudStorage/OneDrive-Raccoltecondivise-DuckyNetworkS.r.l/E-Commerce - FOTO PRODOTTO 2019_2022_2023_2024_2025/DISCHI/W-FIX/BL02RID.jpg,BL02RID,41159360,DRY_RUN_OK,
/Users/anna.nardi/Library/CloudStorage/OneDrive-Raccoltecondivise-DuckyNetworkS.r.l/E-Commerce - FOTO PRODOTTO 2019_2022_2023_2024_2025/DISCHI/R-FIX/BW01FI.jpg,BW01FI,41159361,DRY_RUN_OK,
/Users/anna.nardi/Library/CloudStorage/OneDrive-Raccoltecondivise-DuckyNetworkS.r.l/E-Commerce - FOTO PRODOTTO 2019_2022_2023_2024_2025/DISCHI/R-FIX/BW02FI.jpg,BW02FI,41159362,DRY_RUN_OK,
/Users/anna.nardi/Library/CloudStorage/OneDrive-Raccoltecondivise-DuckyNetworkS.r.l/E-Commerce - FOTO PRODOTTO 2019_2022_2023_2024_2025/DISCHI/R-FIX/BW03RI.jpg,BW03RI,41159363,DRY_RUN_OK,
/Users/anna.nardi/Library/CloudStorage/OneDrive-Raccoltecondivise-DuckyNetworkS.r.l/E-Commerce - FOTO PRODOTTO 2019_2022_2023_2024_2025/DISCHI/W-FIX/BW03RID.jpg,BW03RID,41159364,DRY_RUN_OK,
/Users/anna.nardi/Library/CloudStorage/OneDrive-Raccoltecondivise-DuckyNetworkS.r.l/E-Commerce - FOTO PRODOTTO 2019_2022_2023_2024_2025/DISCHI/R-FIX/BW05RI.jpg,BW05RI,41159365,DRY_RUN_OK,
/Users/anna.nardi/Library/CloudStorage/OneDrive-Raccoltecondivise-DuckyNetworkS.r.l/E-Commerce - FOTO PRODOTTO 2019_2022_2023_2024_2025/DISCHI/W-FIX/BW05RID.jpg,BW05RID,41159366,DRY_RUN_OK,
/Users/anna.nardi/Library/CloudStorage/OneDrive-Raccoltecondivise-DuckyNetworkS.r.l/E-Commerce - FOTO PRODOTTO 2019_2022_2023_2024_2025/DISCHI/R-FIX/BW06RI.jpg,BW06RI,41159367,DRY_RUN_OK,
/Users/anna.nardi/Library/CloudStorage/OneDrive-Raccoltecondivise-DuckyNetworkS.r.l/E-Commerce - FOTO PRODOTTO 2019_2022_2023_2024_2025/DISCHI/W-FIX/BW06RID.jpg,BW06RID,41159368,DRY_RUN_OK,
/Users/anna.nardi/Library/CloudStorage/OneDrive-Raccoltecondivise-DuckyNetworkS.r.l/E-Commerce - FOTO PRODOTTO 2019_2022_2023_2024_2025/DISCHI/BATFLY/BY102L.jpg,BY102L,41159369,DRY_RUN_OK,
/Users/anna.nardi/Library/CloudStorage/OneDrive-Raccoltecondivise-DuckyNetworkS.r.l/E-Commerce - FOTO PRODOTTO 2019_2022_2023_2024_2025/DISCHI/BATFLY/BY102R.jpg,BY102R,41159370,DRY_RUN_OK,
/Users/anna.nardi/Library/CloudStorage/OneDrive-Raccoltecondivise-DuckyNetworkS.r.l/E-Commerce - FOTO PRODOTTO 2019_2022_2023_2024_2025/BICI/Dischi bici/BY2001.jpg,BY2001,41159374,DRY_RUN_OK,
/Users/anna.nardi/Library/CloudStorage/OneDrive-Raccoltecondivise-DuckyNetworkS.r.l/E-Commerce - FOTO PRODOTTO 2019_2022_2023_2024_2025/BICI/Dischi bici/BY2002.jpg,BY2002,41159375,DRY_RUN_OK,
/Users/anna.nardi/Library/CloudStorage/OneDrive-Raccoltecondivise-DuckyNetworkS.r.l/E-Commerce - FOTO PRODOTTO 2019_2022_2023_2024_2025/BICI/Dischi bici/BY2003.jpg,BY2003,41159376,DRY_RUN_OK,
/Users/anna.nardi/Library/CloudStorage/OneDrive-Raccoltecondivise-DuckyNetworkS.r.l/E-Commerce - FOTO PRODOTTO 2019_2022_2023_2024_2025/BICI/Dischi bici/BY2004.jpg,BY2004,41159377,DRY_RUN_OK,
/Users/anna.nardi/Library/CloudStorage/OneDrive-Raccoltecondivise-DuckyNetworkS.r.l/E-Commerce - FOTO PRODOTTO 2019_2022_2023_2024_2025/DISCHI/BATFLY/BY4122.jpg,BY4122,41159380,DRY_RUN_OK,
/Users/anna.nardi/Library/CloudStorage/OneDrive-Raccoltecondivise-DuckyNetworkS.r.l/E-Commerce - FOTO PRODOTTO 2019_2022_2023_2024_2025/DISCHI/EPTA OFF/BY4122E.jpg,BY4122E,41159381,DRY_RUN_OK,
/Users/anna.nardi/Library/CloudStorage/OneDrive-Raccoltecondivise-DuckyNetworkS.r.l/E-Commerce - FOTO PRODOTTO 2019_2022_2023_2024_2025/DISCHI/BATFLY/BY4123.jpg,BY4123,41159382,DRY_RUN_OK,
/Users/anna.nardi/Library/CloudStorage/OneDrive-Raccoltecondivise-DuckyNetworkS.r.l/E-Commerce - FOTO PRODOTTO 2019_2022_2023_2024_2025/DISCHI/EPTA OFF/BY4124E.jpg,BY4124E,41159383,DRY_RUN_OK,
/Users/anna.nardi/Library/CloudStorage/OneDrive-Raccoltecondivise-DuckyNetworkS.r.l/E-Commerce - FOTO PRODOTTO 2019_2022_2023_2024_2025/DISCHI/BATFLY/BY4125.jpg,BY4125,41159384,DRY_RUN_OK,
/Users/anna.nardi/Library/CloudStorage/OneDrive-Raccoltecondivise-DuckyNetworkS.r.l/E-Commerce - FOTO PRODOTTO 2019_2022_2023_2024_2025/DISCHI/EPTA OFF/BY4125E.jpg,BY4125E,41159385,DRY_RUN_OK,
/Users/anna.nardi/Library/CloudStorage/OneDrive-Raccoltecondivise-DuckyNetworkS.r.l/E-Commerce - FOTO PRODOTTO 2019_2022_2023_2024_2025/DISCHI/EPTA OFF/BY4126E.jpg,BY4126E,41159386,DRY_RUN_OK,
/Users/anna.nardi/Library/CloudStorage/OneDrive-Raccoltecondivise-DuckyNetworkS.r.l/E-Commerce - FOTO PRODOTTO 2019_2022_2023_2024_2025/DISCHI/BATFLY/BY4128.jpg,BY4128,41159388,DRY_RUN_OK,
/Users/anna.nardi/Library/CloudStorage/OneDrive-Raccoltecondivise-DuckyNetworkS.r.l/E-Commerce - FOTO PRODOTTO 2019_2022_2023_2024_2025/DISCHI/EPTA OFF/BY4128E.jpg,BY4128E,41159389,DRY_RUN_OK,
/Users/anna.nardi/Library/CloudStorage/OneDrive-Raccoltecondivise-DuckyNetworkS.r.l/E-Commerce - FOTO PRODOTTO 2019_2022_2023_2024_2025/DISCHI/EPTA OFF/BY4130E.jpg,BY4130E,41159390,DRY_RUN_OK,
/Users/anna.nardi/Library/CloudStorage/OneDrive-Raccoltecondivise-DuckyNetworkS.r.l/E-Commerce - FOTO PRODOTTO 2019_2022_2023_2024_2025/DISCHI/BATFLY/BY4132.jpg,BY4132,41232089,DRY_RUN_OK,
/Users/anna.nardi/Library/CloudStorage/OneDrive-Raccoltecondivise-DuckyNetworkS.r.l/E-Commerce - FOTO PRODOTTO 2019_2022_2023_2024_2025/DISCHI/BATFLY/BY4134.jpg,BY4134,41159392,DRY_RUN_OK,
/Users/anna.nardi/Library/CloudStorage/OneDrive-Raccoltecondivise-DuckyNetworkS.r.l/E-Commerce - FOTO PRODOTTO 2019_2022_2023_2024_2025/DISCHI/EPTA OFF/BY4134E.jpg,BY4134E,41159393,DRY_RUN_OK,
/Users/anna.nardi/Library/CloudStorage/OneDrive-Raccoltecondivise-DuckyNetworkS.r.l/E-Commerce - FOTO PRODOTTO 2019_2022_2023_2024_2025/DISCHI/EPTA OFF/BY4135E.jpg,BY4135E,41159394,DRY_RUN_OK,
/Users/anna.nardi/Library/CloudStorage/OneDrive-Raccoltecondivise-DuckyNetworkS.r.l/E-Commerce - FOTO PRODOTTO 2019_2022_2023_2024_2025/DISCHI/BATFLY/BY4136.jpg,BY4136,41159395,DRY_RUN_OK,
/Users/anna.nardi/Library/CloudStorage/OneDrive-Raccoltecondivise-DuckyNetworkS.r.l/E-Commerce - FOTO PRODOTTO 2019_2022_2023_2024_2025/DISCHI/EPTA OFF/BY4137E.jpg,BY4137E,41159396,DRY_RUN_OK,
/Users/anna.nardi/Library/CloudStorage/OneDrive-Raccoltecondivise-DuckyNetworkS.r.l/E-Commerce - FOTO PRODOTTO 2019_2022_2023_2024_2025/DISCHI/BATFLY/BY4501.jpg,BY4501,41159397,DRY_RUN_OK,
/Users/anna.nardi/Library/CloudStorage/OneDrive-Raccoltecondivise-DuckyNetworkS.r.l/E-Commerce - FOTO PRODOTTO 2019_2022_2023_2024_2025/DISCHI/BATFLY/BY4502.jpg,BY4502,41159398,DRY_RUN_OK,
/Users/anna.nardi/Library/CloudStorage/OneDrive-Raccoltecondivise-DuckyNetworkS.r.l/E-Commerce - FOTO PRODOTTO 2019_2022_2023_2024_2025/DISCHI/BATFLY/BY4503.jpg,BY4503,41159399,DRY_RUN_OK,
/Users/anna.nardi/Library/CloudStorage/OneDrive-Raccoltecondivise-DuckyNetworkS.r.l/E-Commerce - FOTO PRODOTTO 2019_2022_2023_2024_2025/DISCHI/BATFLY/BY4504.jpg,BY4504,41159400,DRY_RUN_OK,
/Users/anna.nardi/Library/CloudStorage/OneDrive-Raccoltecondivise-DuckyNetworkS.r.l/E-Commerce - FOTO PRODOTTO 2019_2022_2023_2024_2025/DISCHI/BATFLY/BY4505.jpg,BY4505,41159401,DRY_RUN_OK,
/Users/anna.nardi/Library/CloudStorage/OneDrive-Raccoltecondivise-DuckyNetworkS.r.l/E-Commerce - FOTO PRODOTTO 2019_2022_2023_2024_2025/DISCHI/BATFLY/BY4506.jpg,BY4506,41159402,DRY_RUN_OK,
/Users/anna.nardi/Library/CloudStorage/OneDrive-Raccoltecondivise-DuckyNetworkS.r.l/E-Commerce - FOTO PRODOTTO 2019_2022_2023_2024_2025/DISCHI/BATFLY/BY4507.jpg,BY4507,41159403,DRY_RUN_OK,
/Users/anna.nardi/Library/CloudStorage/OneDrive-Raccoltecondivise-DuckyNetworkS.r.l/E-Commerce - FOTO PRODOTTO 2019_2022_2023_2024_2025/DISCHI/BATFLY/BY4508.jpg,BY4508,41159404,DRY_RUN_OK,
/Users/anna.nardi/Library/CloudStorage/OneDrive-Raccoltecondivise-DuckyNetworkS.r.l/E-Commerce - FOTO PRODOTTO 2019_2022_2023_2024_2025/DISCHI/BATFLY/BY4509.jpg,BY4509,41159405,DRY_RUN_OK,
/Users/anna.nardi/Library/CloudStorage/OneDrive-Raccoltecondivise-DuckyNetworkS.r.l/E-Commerce - FOTO PRODOTTO 2019_2022_2023_2024_2025/DISCHI/BATFLY/BY701L.jpg,BY701L,41159406,DRY_RUN_OK,
/Users/anna.nardi/Library/CloudStorage/OneDrive-Raccoltecondivise-DuckyNetworkS.r.l/E-Commerce - FOTO PRODOTTO 2019_2022_2023_2024_2025/DISCHI/BATFLY/BY709L.jpg,BY709L,41159407,DRY_RUN_OK,
/Users/anna.nardi/Library/CloudStorage/OneDrive-Raccoltecondivise-DuckyNetworkS.r.l/E-Commerce - FOTO PRODOTTO 2019_2022_2023_2024_2025/DISCHI/BATFLY/BY711L.jpg,BY711L,41159409,DRY_RUN_OK,
/Users/anna.nardi/Library/CloudStorage/OneDrive-Raccoltecondivise-DuckyNetworkS.r.l/E-Commerce - FOTO PRODOTTO 2019_2022_2023_2024_2025/DISCHI/BATFLY/BY711R.jpg,BY711R,41159410,DRY_RUN_OK,
/Users/anna.nardi/Library/CloudStorage/OneDrive-Raccoltecondivise-DuckyNetworkS.r.l/E-Commerce - FOTO PRODOTTO 2019_2022_2023_2024_2025/DISCHI/BATFLY/BY770L.jpg,BY770L,41159411,DRY_RUN_OK,
/Users/anna.nardi/Library/CloudStorage/OneDrive-Raccoltecondivise-DuckyNetworkS.r.l/E-Commerce - FOTO PRODOTTO 2019_2022_2023_2024_2025/DISCHI/BATFLY/BY770R.jpg,BY770R,41159412,DRY_RUN_OK,
/Users/anna.nardi/Library/CloudStorage/OneDrive-Raccoltecondivise-DuckyNetworkS.r.l/E-Commerce - FOTO PRODOTTO 2019_2022_2023_2024_2025/DISCHI/BATFLY/BY778L.jpg,BY778L,41159413,DRY_RUN_OK,
/Users/anna.nardi/Library/CloudStorage/OneDrive-Raccoltecondivise-DuckyNetworkS.r.l/E-Commerce - FOTO PRODOTTO 2019_2022_2023_2024_2025/DISCHI/BATFLY/BY778R.jpg,BY778R,41232090,DRY_RUN_OK,
/Users/anna.nardi/Library/CloudStorage/OneDrive-Raccoltecondivise-DuckyNetworkS.r.l/E-Commerce - FOTO PRODOTTO 2019_2022_2023_2024_2025/DISCHI/UTV/BY9001.jpg,BY9001,41159416,DRY_RUN_OK,
/Users/anna.nardi/Library/CloudStorage/OneDrive-Raccoltecondivise-DuckyNetworkS.r.l/E-Commerce - FOTO PRODOTTO 2019_2022_2023_2024_2025/DISCHI/UTV/BY9002.jpg,BY9002,41159417,DRY_RUN_OK,
/Users/anna.nardi/Library/CloudStorage/OneDrive-Raccoltecondivise-DuckyNetworkS.r.l/E-Commerce - FOTO PRODOTTO 2019_2022_2023_2024_2025/DISCHI/UTV/BY9003.jpg,BY9003,41159418,DRY_RUN_OK,
/Users/anna.nardi/Library/CloudStorage/OneDrive-Raccoltecondivise-DuckyNetworkS.r.l/E-Commerce - FOTO PRODOTTO 2019_2022_2023_2024_2025/DISCHI/UTV/BY9004L.jpg,BY9004L,41159419,DRY_RUN_OK,
/Users/anna.nardi/Library/CloudStorage/OneDrive-Raccoltecondivise-DuckyNetworkS.r.l/E-Commerce - FOTO PRODOTTO 2019_2022_2023_2024_2025/DISCHI/UTV/BY9005.jpg,BY9005,41159421,DRY_RUN_OK,
/Users/anna.nardi/Library/CloudStorage/OneDrive-Raccoltecondivise-DuckyNetworkS.r.l/E-Commerce - FOTO PRODOTTO 2019_2022_2023_2024_2025/DISCHI/UTV/BY9006L.jpg,BY9006L,41159422,DRY_RUN_OK,
/Users/anna.nardi/Library/CloudStorage/OneDrive-Raccoltecondivise-DuckyNetworkS.r.l/E-Commerce - FOTO PRODOTTO 2019_2022_2023_2024_2025/DISCHI/UTV/BY9007.jpg,BY9007,41159424,DRY_RUN_OK,
/Users/anna.nardi/Library/CloudStorage/OneDrive-Raccoltecondivise-DuckyNetworkS.r.l/E-Commerce - FOTO PRODOTTO 2019_2022_2023_2024_2025/DISCHI/UTV/BY9008.jpg,BY9008,41159425,DRY_RUN_OK,
/Users/anna.nardi/Library/CloudStorage/OneDrive-Raccoltecondivise-DuckyNetworkS.r.l/E-Commerce - FOTO PRODOTTO 2019_2022_2023_2024_2025/DISCHI/UTV/BY9009R.jpg,BY9009R,41159427,DRY_RUN_OK,
/Users/anna.nardi/Library/CloudStorage/OneDrive-Raccoltecondivise-DuckyNetworkS.r.l/E-Commerce - FOTO PRODOTTO 2019_2022_2023_2024_2025/DISCHI/UTV/BY9010.jpg,BY9010,41159428,DRY_RUN_OK,
/Users/anna.nardi/Library/CloudStorage/OneDrive-Raccoltecondivise-DuckyNetworkS.r.l/E-Commerce - FOTO PRODOTTO 2019_2022_2023_2024_2025/DISCHI/UTV/BY9011.jpg,BY9011,41159429,DRY_RUN_OK,
/Users/anna.nardi/Library/CloudStorage/OneDrive-Raccoltecondivise-DuckyNetworkS.r.l/E-Commerce - FOTO PRODOTTO 2019_2022_2023_2024_2025/DISCHI/UTV/BY9012L.jpg,BY9012L,41159430,DRY_RUN_OK,
/Users/anna.nardi/Library/CloudStorage/OneDrive-Raccoltecondivise-DuckyNetworkS.r.l/E-Commerce - FOTO PRODOTTO 2019_2022_2023_2024_2025/DISCHI/UTV/BY9012R.jpg,BY9012R,41159431,DRY_RUN_OK,
/Users/anna.nardi/Library/CloudStorage/OneDrive-Raccoltecondivise-DuckyNetworkS.r.l/E-Commerce - FOTO PRODOTTO 2019_2022_2023_2024_2025/DISCHI/UTV/BY9013L.jpg,BY9013L,41159432,DRY_RUN_OK,
/Users/anna.nardi/Library/CloudStorage/OneDrive-Raccoltecondivise-DuckyNetworkS.r.l/E-Commerce - FOTO PRODOTTO 2019_2022_2023_2024_2025/DISCHI/UTV/BY9013R.jpg,BY9013R,41159433,DRY_RUN_OK,
/Users/anna.nardi/Library/CloudStorage/OneDrive-Raccoltecondivise-DuckyNetworkS.r.l/E-Commerce - FOTO PRODOTTO 2019_2022_2023_2024_2025/DISCHI/UTV/BY9014.jpg,BY9014,41159434,DRY_RUN_OK,
/Users/anna.nardi/Library/CloudStorage/OneDrive-Raccoltecondivise-DuckyNetworkS.r.l/E-Commerce - FOTO PRODOTTO 2019_2022_2023_2024_2025/DISCHI/UTV/BY9015.jpg,BY9015,41159435,DRY_RUN_OK,
/Users/anna.nardi/Library/CloudStorage/OneDrive-Raccoltecondivise-DuckyNetworkS.r.l/E-Commerce - FOTO PRODOTTO 2019_2022_2023_2024_2025/DISCHI/UTV/BY9016L.jpg,BY9016L,41159436,DRY_RUN_OK,
/Users/anna.nardi/Library/CloudStorage/OneDrive-Raccoltecondivise-DuckyNetworkS.r.l/E-Commerce - FOTO PRODOTTO 2019_2022_2023_2024_2025/DISCHI/UTV/BY9016R.jpg,BY9016R,41159437,DRY_RUN_OK,
/Users/anna.nardi/Library/CloudStorage/OneDrive-Raccoltecondivise-DuckyNetworkS.r.l/E-Commerce - FOTO PRODOTTO 2019_2022_2023_2024_2025/DISCHI/UTV/BY9017.jpg,BY9017,41159438,DRY_RUN_OK,
/Users/anna.nardi/Library/CloudStorage/OneDrive-Raccoltecondivise-DuckyNetworkS.r.l/E-Commerce - FOTO PRODOTTO 2019_2022_2023_2024_2025/DISCHI/UTV/BY9018.jpg,BY9018,41159439,DRY_RUN_OK,
/Users/anna.nardi/Library/CloudStorage/OneDrive-Raccoltecondivise-DuckyNetworkS.r.l/E-Commerce - FOTO PRODOTTO 2019_2022_2023_2024_2025/DISCHI/BATFLY/BY9019.jpg,BY9019,41159440,DRY_RUN_OK,
/Users/anna.nardi/Library/CloudStorage/OneDrive-Raccoltecondivise-DuckyNetworkS.r.l/E-Commerce - FOTO PRODOTTO 2019_2022_2023_2024_2025/DISCHI/UTV/BY9020R.jpg,BY9020R,41159442,DRY_RUN_OK,
/Users/anna.nardi/Library/CloudStorage/OneDrive-Raccoltecondivise-DuckyNetworkS.r.l/E-Commerce - FOTO PRODOTTO 2019_2022_2023_2024_2025/DISCHI/BATFLY/BY9022L.jpg,BY9022L,41159443,DRY_RUN_OK,
/Users/anna.nardi/Library/CloudStorage/OneDrive-Raccoltecondivise-DuckyNetworkS.r.l/E-Commerce - FOTO PRODOTTO 2019_2022_2023_2024_2025/DISCHI/BATFLY/BY9022R.jpg,BY9022R,41159444,DRY_RUN_OK,
/Users/anna.nardi/Library/CloudStorage/OneDrive-Raccoltecondivise-DuckyNetworkS.r.l/E-Commerce - FOTO PRODOTTO 2019_2022_2023_2024_2025/DISCHI/BATFLY/BY9023L.jpg,BY9023L,41159445,DRY_RUN_OK,
/Users/anna.nardi/Library/CloudStorage/OneDrive-Raccoltecondivise-DuckyNetworkS.r.l/E-Commerce - FOTO PRODOTTO 2019_2022_2023_2024_2025/DISCHI/BATFLY/BY9023R.jpg,BY9023R,41159446,DRY_RUN_OK,
/Users/anna.nardi/Library/CloudStorage/OneDrive-Raccoltecondivise-DuckyNetworkS.r.l/E-Commerce - FOTO PRODOTTO 2019_2022_2023_2024_2025/DISCHI/W-FIX/DC02RID.jpg,DC02RID,41159456,DRY_RUN_OK,
/Users/anna.nardi/Library/CloudStorage/OneDrive-Raccoltecondivise-DuckyNetworkS.r.l/E-Commerce - FOTO PRODOTTO 2019_2022_2023_2024_2025/DISCHI/W-FIX/DC04RID.jpg,DC04RID,41159457,DRY_RUN_OK,
/Users/anna.nardi/Library/CloudStorage/OneDrive-Raccoltecondivise-DuckyNetworkS.r.l/E-Commerce - FOTO PRODOTTO 2019_2022_2023_2024_2025/DISCHI/W-FIX/DC05FID.jpg,DC05FID,41159458,DRY_RUN_OK,
/Users/anna.nardi/Library/CloudStorage/OneDrive-Raccoltecondivise-DuckyNetworkS.r.l/E-Commerce - FOTO PRODOTTO 2019_2022_2023_2024_2025/DISCHI/W-FIX/DC05RID.jpg,DC05RID,41159459,DRY_RUN_OK,
/Users/anna.nardi/Library/CloudStorage/OneDrive-Raccoltecondivise-DuckyNetworkS.r.l/E-Commerce - FOTO PRODOTTO 2019_2022_2023_2024_2025/DISCHI/W-FIX/DC06RID.jpg,DC06RID,41159460,DRY_RUN_OK,
/Users/anna.nardi/Library/CloudStorage/OneDrive-Raccoltecondivise-DuckyNetworkS.r.l/E-Commerce - FOTO PRODOTTO 2019_2022_2023_2024_2025/DISCHI/EPTA/EP047L.jpg,EP047L,41159466,DRY_RUN_OK,
/Users/anna.nardi/Library/CloudStorage/OneDrive-Raccoltecondivise-DuckyNetworkS.r.l/E-Commerce - FOTO PRODOTTO 2019_2022_2023_2024_2025/DISCHI/EPTA/EP070L.jpg,EP070L,41159468,DRY_RUN_OK,
/Users/anna.nardi/Library/CloudStorage/OneDrive-Raccoltecondivise-DuckyNetworkS.r.l/E-Commerce - FOTO PRODOTTO 2019_2022_2023_2024_2025/DISCHI/EPTA/EP070R.jpg,EP070R,41159469,DRY_RUN_OK,
/Users/anna.nardi/Library/CloudStorage/OneDrive-Raccoltecondivise-DuckyNetworkS.r.l/E-Commerce - FOTO PRODOTTO 2019_2022_2023_2024_2025/DISCHI/EPTA/EP071L.jpg,EP071L,41159470,DRY_RUN_OK,
/Users/anna.nardi/Library/CloudStorage/OneDrive-Raccoltecondivise-DuckyNetworkS.r.l/E-Commerce - FOTO PRODOTTO 2019_2022_2023_2024_2025/DISCHI/EPTA/EP071R.jpg,EP071R,41159471,DRY_RUN_OK,
/Users/anna.nardi/Library/CloudStorage/OneDrive-Raccoltecondivise-DuckyNetworkS.r.l/E-Commerce - FOTO PRODOTTO 2019_2022_2023_2024_2025/DISCHI/EPTA/EP073L.jpg,EP073L,41159472,DRY_RUN_OK,
/Users/anna.nardi/Library/CloudStorage/OneDrive-Raccoltecondivise-DuckyNetworkS.r.l/E-Commerce - FOTO PRODOTTO 2019_2022_2023_2024_2025/DISCHI/EPTA/EP073R.jpg,EP073R,41159473,DRY_RUN_OK,
/Users/anna.nardi/Library/CloudStorage/OneDrive-Raccoltecondivise-DuckyNetworkS.r.l/E-Commerce - FOTO PRODOTTO 2019_2022_2023_2024_2025/DISCHI/EPTA/EP090L.jpg,EP090L,41159474,DRY_RUN_OK,
/Users/anna.nardi/Library/CloudStorage/OneDrive-Raccoltecondivise-DuckyNetworkS.r.l/E-Commerce - FOTO PRODOTTO 2019_2022_2023_2024_2025/DISCHI/EPTA/EP090R.jpg,EP090R,41159475,DRY_RUN_OK,
/Users/anna.nardi/Library/CloudStorage/OneDrive-Raccoltecondivise-DuckyNetworkS.r.l/E-Commerce - FOTO PRODOTTO 2019_2022_2023_2024_2025/DISCHI/EPTA/EP098L.jpg,EP098L,41159476,DRY_RUN_OK,
/Users/anna.nardi/Library/CloudStorage/OneDrive-Raccoltecondivise-DuckyNetworkS.r.l/E-Commerce - FOTO PRODOTTO 2019_2022_2023_2024_2025/DISCHI/EPTA/EP098R.jpg,EP098R,41159477,DRY_RUN_OK,
/Users/anna.nardi/Library/CloudStorage/OneDrive-Raccoltecondivise-DuckyNetworkS.r.l/E-Commerce - FOTO PRODOTTO 2019_2022_2023_2024_2025/DISCHI/EPTA/EP101L.jpg,EP101L,41159478,DRY_RUN_OK,
/Users/anna.nardi/Library/CloudStorage/OneDrive-Raccoltecondivise-DuckyNetworkS.r.l/E-Commerce - FOTO PRODOTTO 2019_2022_2023_2024_2025/DISCHI/EPTA/EP101R.jpg,EP101R,41159479,DRY_RUN_OK,
/Users/anna.nardi/Library/CloudStorage/OneDrive-Raccoltecondivise-DuckyNetworkS.r.l/E-Commerce - FOTO PRODOTTO 2019_2022_2023_2024_2025/DISCHI/EPTA/EP111L.jpg,EP111L,41232093,DRY_RUN_OK,
/Users/anna.nardi/Library/CloudStorage/OneDrive-Raccoltecondivise-DuckyNetworkS.r.l/E-Commerce - FOTO PRODOTTO 2019_2022_2023_2024_2025/DISCHI/EPTA/EP111R.jpg,EP111R,41232094,DRY_RUN_OK,
/Users/anna.nardi/Library/CloudStorage/OneDrive-Raccoltecondivise-DuckyNetworkS.r.l/E-Commerce - FOTO PRODOTTO 2019_2022_2023_2024_2025/DISCHI/EPTA/EP117L.jpg,EP117L,41159480,DRY_RUN_OK,
/Users/anna.nardi/Library/CloudStorage/OneDrive-Raccoltecondivise-DuckyNetworkS.r.l/E-Commerce - FOTO PRODOTTO 2019_2022_2023_2024_2025/DISCHI/EPTA/EP117R.jpg,EP117R,41159481,DRY_RUN_OK,
/Users/anna.nardi/Library/CloudStorage/OneDrive-Raccoltecondivise-DuckyNetworkS.r.l/E-Commerce - FOTO PRODOTTO 2019_2022_2023_2024_2025/DISCHI/EPTA/EP144L.jpg,EP144L,41159482,DRY_RUN_OK,
/Users/anna.nardi/Library/CloudStorage/OneDrive-Raccoltecondivise-DuckyNetworkS.r.l/E-Commerce - FOTO PRODOTTO 2019_2022_2023_2024_2025/DISCHI/EPTA/EP144R.jpg,EP144R,41159483,DRY_RUN_OK,
/Users/anna.nardi/Library/CloudStorage/OneDrive-Raccoltecondivise-DuckyNetworkS.r.l/E-Commerce - FOTO PRODOTTO 2019_2022_2023_2024_2025/DISCHI/EPTA/EP146L.jpg,EP146L,41232095,DRY_RUN_OK,
/Users/anna.nardi/Library/CloudStorage/OneDrive-Raccoltecondivise-DuckyNetworkS.r.l/E-Commerce - FOTO PRODOTTO 2019_2022_2023_2024_2025/DISCHI/EPTA/EP146R.jpg,EP146R,41232096,DRY_RUN_OK,
/Users/anna.nardi/Library/CloudStorage/OneDrive-Raccoltecondivise-DuckyNetworkS.r.l/E-Commerce - FOTO PRODOTTO 2019_2022_2023_2024_2025/DISCHI/EPTA/EP149L.jpg,EP149L,41159484,DRY_RUN_OK,
/Users/anna.nardi/Library/CloudStorage/OneDrive-Raccoltecondivise-DuckyNetworkS.r.l/E-Commerce - FOTO PRODOTTO 2019_2022_2023_2024_2025/DISCHI/EPTA/EP149R.jpg,EP149R,41159485,DRY_RUN_OK,
/Users/anna.nardi/Library/CloudStorage/OneDrive-Raccoltecondivise-DuckyNetworkS.r.l/E-Commerce - FOTO PRODOTTO 2019_2022_2023_2024_2025/DISCHI/EPTA/EP153L.jpg,EP153L,41159486,DRY_RUN_OK,
/Users/anna.nardi/Library/CloudStorage/OneDrive-Raccoltecondivise-DuckyNetworkS.r.l/E-Commerce - FOTO PRODOTTO 2019_2022_2023_2024_2025/DISCHI/EPTA/EP153R.jpg,EP153R,41159487,DRY_RUN_OK,
/Users/anna.nardi/Library/CloudStorage/OneDrive-Raccoltecondivise-DuckyNetworkS.r.l/E-Commerce - FOTO PRODOTTO 2019_2022_2023_2024_2025/DISCHI/EPTA/EP158L.jpg,EP158L,41159490,DRY_RUN_OK,
/Users/anna.nardi/Library/CloudStorage/OneDrive-Raccoltecondivise-DuckyNetworkS.r.l/E-Commerce - FOTO PRODOTTO 2019_2022_2023_2024_2025/DISCHI/EPTA/EP158R.jpg,EP158R,41159491,DRY_RUN_OK,
/Users/anna.nardi/Library/CloudStorage/OneDrive-Raccoltecondivise-DuckyNetworkS.r.l/E-Commerce - FOTO PRODOTTO 2019_2022_2023_2024_2025/DISCHI/EPTA/EP159R.jpg,EP159R,41159492,DRY_RUN_OK,
/Users/anna.nardi/Library/CloudStorage/OneDrive-Raccoltecondivise-DuckyNetworkS.r.l/E-Commerce - FOTO PRODOTTO 2019_2022_2023_2024_2025/DISCHI/EPTA STAGE 0/EPR101L.jpg,EPR101L,41159505,DRY_RUN_OK,
/Users/anna.nardi/Library/CloudStorage/OneDrive-Raccoltecondivise-DuckyNetworkS.r.l/E-Commerce - FOTO PRODOTTO 2019_2022_2023_2024_2025/DISCHI/EPTA STAGE 0/EPR101R/EPR101R.jpg,EPR101R,41232099,DRY_RUN_OK,
/Users/anna.nardi/Library/CloudStorage/OneDrive-Raccoltecondivise-DuckyNetworkS.r.l/E-Commerce - FOTO PRODOTTO 2019_2022_2023_2024_2025/DISCHI/EPTA STAGE 0/EPR117L.jpg,EPR117L,41159510,DRY_RUN_OK,
/Users/anna.nardi/Library/CloudStorage/OneDrive-Raccoltecondivise-DuckyNetworkS.r.l/E-Commerce - FOTO PRODOTTO 2019_2022_2023_2024_2025/DISCHI/EPTA STAGE 0/EPR117R.jpg,EPR117R,41159511,DRY_RUN_OK,
/Users/anna.nardi/Library/CloudStorage/OneDrive-Raccoltecondivise-DuckyNetworkS.r.l/E-Commerce - FOTO PRODOTTO 2019_2022_2023_2024_2025/DISCHI/EPTA STAGE 0/EPR136L.jpg,EPR136L,41232100,DRY_RUN_OK,
/Users/anna.nardi/Library/CloudStorage/OneDrive-Raccoltecondivise-DuckyNetworkS.r.l/E-Commerce - FOTO PRODOTTO 2019_2022_2023_2024_2025/DISCHI/EPTA STAGE 0/EPR145L.jpg,EPR145L,41159512,DRY_RUN_OK,
/Users/anna.nardi/Library/CloudStorage/OneDrive-Raccoltecondivise-DuckyNetworkS.r.l/E-Commerce - FOTO PRODOTTO 2019_2022_2023_2024_2025/DISCHI/EPTA STAGE 0/EPR145R.jpg,EPR145R,41159513,DRY_RUN_OK,
/Users/anna.nardi/Library/CloudStorage/OneDrive-Raccoltecondivise-DuckyNetworkS.r.l/E-Commerce - FOTO PRODOTTO 2019_2022_2023_2024_2025/DISCHI/EPTA STAGE 0/EPR146L.jpg,EPR146L,41159514,DRY_RUN_OK,
/Users/anna.nardi/Library/CloudStorage/OneDrive-Raccoltecondivise-DuckyNetworkS.r.l/E-Commerce - FOTO PRODOTTO 2019_2022_2023_2024_2025/DISCHI/EPTA STAGE 0/EPR146R.jpg,EPR146R,41159515,DRY_RUN_OK,
/Users/anna.nardi/Library/CloudStorage/OneDrive-Raccoltecondivise-DuckyNetworkS.r.l/E-Commerce - FOTO PRODOTTO 2019_2022_2023_2024_2025/DISCHI/EPTA STAGE 0/EPR149L.jpg,EPR149L,41159518,DRY_RUN_OK,
/Users/anna.nardi/Library/CloudStorage/OneDrive-Raccoltecondivise-DuckyNetworkS.r.l/E-Commerce - FOTO PRODOTTO 2019_2022_2023_2024_2025/DISCHI/EPTA STAGE 0/EPR149R.jpg,EPR149R,41159519,DRY_RUN_OK,
/Users/anna.nardi/Library/CloudStorage/OneDrive-Raccoltecondivise-DuckyNetworkS.r.l/E-Commerce - FOTO PRODOTTO 2019_2022_2023_2024_2025/DISCHI/EPTA STAGE 0/EPR153L.jpg,EPR153L,41232102,DRY_RUN_OK,
/Users/anna.nardi/Library/CloudStorage/OneDrive-Raccoltecondivise-DuckyNetworkS.r.l/E-Commerce - FOTO PRODOTTO 2019_2022_2023_2024_2025/DISCHI/EPTA STAGE 0/EPR153R.jpg,EPR153R,41232103,DRY_RUN_OK,
/Users/anna.nardi/Library/CloudStorage/OneDrive-Raccoltecondivise-DuckyNetworkS.r.l/E-Commerce - FOTO PRODOTTO 2019_2022_2023_2024_2025/DISCHI/EPTA STAGE 0/EPR155L.jpg,EPR155L,41159520,DRY_RUN_OK,
/Users/anna.nardi/Library/CloudStorage/OneDrive-Raccoltecondivise-DuckyNetworkS.r.l/E-Commerce - FOTO PRODOTTO 2019_2022_2023_2024_2025/DISCHI/EPTA STAGE 0/EPR155R.jpg,EPR155R,41159521,DRY_RUN_OK,
/Users/anna.nardi/Library/CloudStorage/OneDrive-Raccoltecondivise-DuckyNetworkS.r.l/E-Commerce - FOTO PRODOTTO 2019_2022_2023_2024_2025/DISCHI/EPTA STAGE 0/EPR156L.jpg,EPR156L,41159522,DRY_RUN_OK,
/Users/anna.nardi/Library/CloudStorage/OneDrive-Raccoltecondivise-DuckyNetworkS.r.l/E-Commerce - FOTO PRODOTTO 2019_2022_2023_2024_2025/DISCHI/EPTA STAGE 0/EPR156R.jpg,EPR156R,41159523,DRY_RUN_OK,
/Users/anna.nardi/Library/CloudStorage/OneDrive-Raccoltecondivise-DuckyNetworkS.r.l/E-Commerce - FOTO PRODOTTO 2019_2022_2023_2024_2025/DISCHI/EPTA STAGE 0/EPR158L.jpg,EPR158L,41159524,DRY_RUN_OK,
/Users/anna.nardi/Library/CloudStorage/OneDrive-Raccoltecondivise-DuckyNetworkS.r.l/E-Commerce - FOTO PRODOTTO 2019_2022_2023_2024_2025/DISCHI/EPTA STAGE 0/EPR158R.jpg,EPR158R,41159525,DRY_RUN_OK,
/Users/anna.nardi/Library/CloudStorage/OneDrive-Raccoltecondivise-DuckyNetworkS.r.l/E-Commerce - FOTO PRODOTTO 2019_2022_2023_2024_2025/DISCHI/W-FLO/GA04FLD.jpg,GA04FLD,41159536,DRY_RUN_OK,
/Users/anna.nardi/Library/CloudStorage/OneDrive-Raccoltecondivise-DuckyNetworkS.r.l/E-Commerce - FOTO PRODOTTO 2019_2022_2023_2024_2025/DISCHI/W-FIX/GL01RID.jpg,GL01RID,41159537,DRY_RUN_OK,
/Users/anna.nardi/Library/CloudStorage/OneDrive-Raccoltecondivise-DuckyNetworkS.r.l/E-Commerce - FOTO PRODOTTO 2019_2022_2023_2024_2025/DISCHI/W-FIX/GL06FID.jpg,GL06FID,41159538,DRY_RUN_OK,
/Users/anna.nardi/Library/CloudStorage/OneDrive-Raccoltecondivise-DuckyNetworkS.r.l/E-Commerce - FOTO PRODOTTO 2019_2022_2023_2024_2025/DISCHI/W-FIX/GL06RID.jpg,GL06RID,41159539,DRY_RUN_OK,
/Users/anna.nardi/Library/CloudStorage/OneDrive-Raccoltecondivise-DuckyNetworkS.r.l/E-Commerce - FOTO PRODOTTO 2019_2022_2023_2024_2025/DISCHI/R-FIX/HD01FI.jpg,HD01FI,41159557,DRY_RUN_OK,
/Users/anna.nardi/Library/CloudStorage/OneDrive-Raccoltecondivise-DuckyNetworkS.r.l/E-Commerce - FOTO PRODOTTO 2019_2022_2023_2024_2025/DISCHI/R-FLO/HD01FL.jpg,HD01FL,41159558,DRY_RUN_OK,
/Users/anna.nardi/Library/CloudStorage/OneDrive-Raccoltecondivise-DuckyNetworkS.r.l/E-Commerce - FOTO PRODOTTO 2019_2022_2023_2024_2025/DISCHI/R-FIX/HD01RI.jpg,HD01RI,41159559,DRY_RUN_OK,
/Users/anna.nardi/Library/CloudStorage/OneDrive-Raccoltecondivise-DuckyNetworkS.r.l/E-Commerce - FOTO PRODOTTO 2019_2022_2023_2024_2025/DISCHI/R-FLO/HD01RL.jpg,HD01RL,41159560,DRY_RUN_OK,
/Users/anna.nardi/Library/CloudStorage/OneDrive-Raccoltecondivise-DuckyNetworkS.r.l/E-Commerce - FOTO PRODOTTO 2019_2022_2023_2024_2025/DISCHI/HUMMER/HD03FLD.jpg,HD03FLD,41159561,DRY_RUN_OK,
/Users/anna.nardi/Library/CloudStorage/OneDrive-Raccoltecondivise-DuckyNetworkS.r.l/E-Commerce - FOTO PRODOTTO 2019_2022_2023_2024_2025/DISCHI/HUMMER/HD03RLD.jpg,HD03RLD,41232105,DRY_RUN_OK,
/Users/anna.nardi/Library/CloudStorage/OneDrive-Raccoltecondivise-DuckyNetworkS.r.l/E-Commerce - FOTO PRODOTTO 2019_2022_2023_2024_2025/DISCHI/HUMMER/HD09FLD.jpg,HD09FLD,41159562,DRY_RUN_OK,
/Users/anna.nardi/Library/CloudStorage/OneDrive-Raccoltecondivise-DuckyNetworkS.r.l/E-Commerce - FOTO PRODOTTO 2019_2022_2023_2024_2025/DISCHI/R-FIX/HD292R.jpg,HD292R,41159563,DRY_RUN_OK,
/Users/anna.nardi/Library/CloudStorage/OneDrive-Raccoltecondivise-DuckyNetworkS.r.l/E-Commerce - FOTO PRODOTTO 2019_2022_2023_2024_2025/DISCHI/R-FLO/HD292RFL.jpg,HD292RFL,41159564,DRY_RUN_OK,
/Users/anna.nardi/Library/CloudStorage/OneDrive-Raccoltecondivise-DuckyNetworkS.r.l/E-Commerce - FOTO PRODOTTO 2019_2022_2023_2024_2025/DISCHI/R-FLO/HD292SFL.jpg,HD292SFL,41159565,DRY_RUN_OK,
/Users/anna.nardi/Library/CloudStorage/OneDrive-Raccoltecondivise-DuckyNetworkS.r.l/E-Commerce - FOTO PRODOTTO 2019_2022_2023_2024_2025/DISCHI/R-FIX/HDF.jpg,HDF,41159566,DRY_RUN_OK,
/Users/anna.nardi/Library/CloudStorage/OneDrive-Raccoltecondivise-DuckyNetworkS.r.l/E-Commerce - FOTO PRODOTTO 2019_2022_2023_2024_2025/DISCHI/R-FLO/HDFFL.jpg,HDFFL,41159567,DRY_RUN_OK,
/Users/anna.nardi/Library/CloudStorage/OneDrive-Raccoltecondivise-DuckyNetworkS.r.l/E-Commerce - FOTO PRODOTTO 2019_2022_2023_2024_2025/DISCHI/R-FIX/HDR.jpg,HDR,41159568,DRY_RUN_OK,
/Users/anna.nardi/Library/CloudStorage/OneDrive-Raccoltecondivise-DuckyNetworkS.r.l/E-Commerce - FOTO PRODOTTO 2019_2022_2023_2024_2025/DISCHI/R-FLO/HDRFL.jpg,HDRFL,41159569,DRY_RUN_OK,
/Users/anna.nardi/Library/CloudStorage/OneDrive-Raccoltecondivise-DuckyNetworkS.r.l/E-Commerce - FOTO PRODOTTO 2019_2022_2023_2024_2025/DISCHI/R-FIX/HO02RI.jpg,HO02RI,41159570,DRY_RUN_OK,
/Users/anna.nardi/Library/CloudStorage/OneDrive-Raccoltecondivise-DuckyNetworkS.r.l/E-Commerce - FOTO PRODOTTO 2019_2022_2023_2024_2025/DISCHI/R-FIX/HO03FI.jpg,HO03FI,41159571,DRY_RUN_OK,
/Users/anna.nardi/Library/CloudStorage/OneDrive-Raccoltecondivise-DuckyNetworkS.r.l/E-Commerce - FOTO PRODOTTO 2019_2022_2023_2024_2025/DISCHI/R-FIX/HO03RI.jpg,HO03RI,41159572,DRY_RUN_OK,
/Users/anna.nardi/Library/CloudStorage/OneDrive-Raccoltecondivise-DuckyNetworkS.r.l/E-Commerce - FOTO PRODOTTO 2019_2022_2023_2024_2025/DISCHI/R-FIX/HO04FI.jpg,HO04FI,41159573,DRY_RUN_OK,
/Users/anna.nardi/Library/CloudStorage/OneDrive-Raccoltecondivise-DuckyNetworkS.r.l/E-Commerce - FOTO PRODOTTO 2019_2022_2023_2024_2025/DISCHI/R-FIX/HO05FI.jpg,HO05FI,41159574,DRY_RUN_OK,
/Users/anna.nardi/Library/CloudStorage/OneDrive-Raccoltecondivise-DuckyNetworkS.r.l/E-Commerce - FOTO PRODOTTO 2019_2022_2023_2024_2025/DISCHI/R-FIX/HO05RI.jpg,HO05RI,41159575,DRY_RUN_OK,
/Users/anna.nardi/Library/CloudStorage/OneDrive-Raccoltecondivise-DuckyNetworkS.r.l/E-Commerce - FOTO PRODOTTO 2019_2022_2023_2024_2025/DISCHI/W-FIX/HO05RID.jpg,HO05RID,41159576,DRY_RUN_OK,
/Users/anna.nardi/Library/CloudStorage/OneDrive-Raccoltecondivise-DuckyNetworkS.r.l/E-Commerce - FOTO PRODOTTO 2019_2022_2023_2024_2025/DISCHI/W-FIX/HO06RID.jpg,HO06RID,41159577,DRY_RUN_OK,
/Users/anna.nardi/Library/CloudStorage/OneDrive-Raccoltecondivise-DuckyNetworkS.r.l/E-Commerce - FOTO PRODOTTO 2019_2022_2023_2024_2025/DISCHI/R-FIX/HO07FI.jpg,HO07FI,41159578,DRY_RUN_OK,
/Users/anna.nardi/Library/CloudStorage/OneDrive-Raccoltecondivise-DuckyNetworkS.r.l/E-Commerce - FOTO PRODOTTO 2019_2022_2023_2024_2025/DISCHI/W-FIX/HO09FID.jpg,HO09FID,41159579,DRY_RUN_OK,
/Users/anna.nardi/Library/CloudStorage/OneDrive-Raccoltecondivise-DuckyNetworkS.r.l/E-Commerce - FOTO PRODOTTO 2019_2022_2023_2024_2025/DISCHI/R-FIX/HO09RI.jpg,HO09RI,41159580,DRY_RUN_OK,
/Users/anna.nardi/Library/CloudStorage/OneDrive-Raccoltecondivise-DuckyNetworkS.r.l/E-Commerce - FOTO PRODOTTO 2019_2022_2023_2024_2025/DISCHI/W-FIX/HO09RID.jpg,HO09RID,41159581,DRY_RUN_OK,
/Users/anna.nardi/Library/CloudStorage/OneDrive-Raccoltecondivise-DuckyNetworkS.r.l/E-Commerce - FOTO PRODOTTO 2019_2022_2023_2024_2025/DISCHI/R-FIX/HO13FI.jpg,HO13FI,41159582,DRY_RUN_OK,
/Users/anna.nardi/Library/CloudStorage/OneDrive-Raccoltecondivise-DuckyNetworkS.r.l/E-Commerce - FOTO PRODOTTO 2019_2022_2023_2024_2025/DISCHI/W-FIX/HO13RID.jpg,HO13RID,41159583,DRY_RUN_OK,
/Users/anna.nardi/Library/CloudStorage/OneDrive-Raccoltecondivise-DuckyNetworkS.r.l/E-Commerce - FOTO PRODOTTO 2019_2022_2023_2024_2025/DISCHI/R-FIX/HO14FI.jpg,HO14FI,41159584,DRY_RUN_OK,
/Users/anna.nardi/Library/CloudStorage/OneDrive-Raccoltecondivise-DuckyNetworkS.r.l/E-Commerce - FOTO PRODOTTO 2019_2022_2023_2024_2025/DISCHI/R-FIX/HO17FI.jpg,HO17FI,41159585,DRY_RUN_OK,
/Users/anna.nardi/Library/CloudStorage/OneDrive-Raccoltecondivise-DuckyNetworkS.r.l/E-Commerce - FOTO PRODOTTO 2019_2022_2023_2024_2025/DISCHI/W-FIX/HO17FID.jpg,HO17FID,41159586,DRY_RUN_OK,
/Users/anna.nardi/Library/CloudStorage/OneDrive-Raccoltecondivise-DuckyNetworkS.r.l/E-Commerce - FOTO PRODOTTO 2019_2022_2023_2024_2025/DISCHI/W-FIX/HO18FID.jpg,HO18FID,41159588,DRY_RUN_OK,
/Users/anna.nardi/Library/CloudStorage/OneDrive-Raccoltecondivise-DuckyNetworkS.r.l/E-Commerce - FOTO PRODOTTO 2019_2022_2023_2024_2025/DISCHI/R-FIX/HO18RI.jpg,HO18RI,41159589,DRY_RUN_OK,
/Users/anna.nardi/Library/CloudStorage/OneDrive-Raccoltecondivise-DuckyNetworkS.r.l/E-Commerce - FOTO PRODOTTO 2019_2022_2023_2024_2025/DISCHI/R-FIX/HO20FI.jpg,HO20FI,41159590,DRY_RUN_OK,
/Users/anna.nardi/Library/CloudStorage/OneDrive-Raccoltecondivise-DuckyNetworkS.r.l/E-Commerce - FOTO PRODOTTO 2019_2022_2023_2024_2025/DISCHI/W-FIX/HO20FID.jpg,HO20FID,41159591,DRY_RUN_OK,
/Users/anna.nardi/Library/CloudStorage/OneDrive-Raccoltecondivise-DuckyNetworkS.r.l/E-Commerce - FOTO PRODOTTO 2019_2022_2023_2024_2025/DISCHI/R-FIX/HO21FI.jpg,HO21FI,41159592,DRY_RUN_OK,
/Users/anna.nardi/Library/CloudStorage/OneDrive-Raccoltecondivise-DuckyNetworkS.r.l/E-Commerce - FOTO PRODOTTO 2019_2022_2023_2024_2025/DISCHI/W-FIX/HO21FID.jpg,HO21FID,41159593,DRY_RUN_OK,
/Users/anna.nardi/Library/CloudStorage/OneDrive-Raccoltecondivise-DuckyNetworkS.r.l/E-Commerce - FOTO PRODOTTO 2019_2022_2023_2024_2025/DISCHI/W-FIX/HO21RID.jpg,HO21RID,41159594,DRY_RUN_OK,
/Users/anna.nardi/Library/CloudStorage/OneDrive-Raccoltecondivise-DuckyNetworkS.r.l/E-Commerce - FOTO PRODOTTO 2019_2022_2023_2024_2025/DISCHI/R-FIX/HO22FI.jpg,HO22FI,41159595,DRY_RUN_OK,
/Users/anna.nardi/Library/CloudStorage/OneDrive-Raccoltecondivise-DuckyNetworkS.r.l/E-Commerce - FOTO PRODOTTO 2019_2022_2023_2024_2025/DISCHI/W-FIX/HO22FID.jpg,HO22FID,41159596,DRY_RUN_OK,
/Users/anna.nardi/Library/CloudStorage/OneDrive-Raccoltecondivise-DuckyNetworkS.r.l/E-Commerce - FOTO PRODOTTO 2019_2022_2023_2024_2025/DISCHI/R-FIX/HO22RI.jpg,HO22RI,41159597,DRY_RUN_OK,
/Users/anna.nardi/Library/CloudStorage/OneDrive-Raccoltecondivise-DuckyNetworkS.r.l/E-Commerce - FOTO PRODOTTO 2019_2022_2023_2024_2025/DISCHI/W-FIX/HO22RID.jpg,HO22RID,41159598,DRY_RUN_OK,
/Users/anna.nardi/Library/CloudStorage/OneDrive-Raccoltecondivise-DuckyNetworkS.r.l/E-Commerce - FOTO PRODOTTO 2019_2022_2023_2024_2025/DISCHI/R-FIX/HO23FI.jpg,HO23FI,41159599,DRY_RUN_OK,
/Users/anna.nardi/Library/CloudStorage/OneDrive-Raccoltecondivise-DuckyNetworkS.r.l/E-Commerce - FOTO PRODOTTO 2019_2022_2023_2024_2025/DISCHI/W-FIX/HO23FID.jpg,HO23FID,41159600,DRY_RUN_OK,
/Users/anna.nardi/Library/CloudStorage/OneDrive-Raccoltecondivise-DuckyNetworkS.r.l/E-Commerce - FOTO PRODOTTO 2019_2022_2023_2024_2025/DISCHI/R-FIX/HO23RI.jpg,HO23RI,41159601,DRY_RUN_OK,
/Users/anna.nardi/Library/CloudStorage/OneDrive-Raccoltecondivise-DuckyNetworkS.r.l/E-Commerce - FOTO PRODOTTO 2019_2022_2023_2024_2025/DISCHI/W-FIX/HO23RID.jpg,HO23RID,41159602,DRY_RUN_OK,
/Users/anna.nardi/Library/CloudStorage/OneDrive-Raccoltecondivise-DuckyNetworkS.r.l/E-Commerce - FOTO PRODOTTO 2019_2022_2023_2024_2025/DISCHI/W-FIX/HO24FID.jpg,HO24FID,41159603,DRY_RUN_OK,
/Users/anna.nardi/Library/CloudStorage/OneDrive-Raccoltecondivise-DuckyNetworkS.r.l/E-Commerce - FOTO PRODOTTO 2019_2022_2023_2024_2025/DISCHI/W-FIX/HO25FID.jpg,HO25FID,41159604,DRY_RUN_OK,
/Users/anna.nardi/Library/CloudStorage/OneDrive-Raccoltecondivise-DuckyNetworkS.r.l/E-Commerce - FOTO PRODOTTO 2019_2022_2023_2024_2025/DISCHI/W-FIX/HO25RID.jpg,HO25RID,41159605,DRY_RUN_OK,
/Users/anna.nardi/Library/CloudStorage/OneDrive-Raccoltecondivise-DuckyNetworkS.r.l/E-Commerce - FOTO PRODOTTO 2019_2022_2023_2024_2025/DISCHI/W-FLO/HO26FLD.jpg,HO26FLD,41159606,DRY_RUN_OK,
/Users/anna.nardi/Library/CloudStorage/OneDrive-Raccoltecondivise-DuckyNetworkS.r.l/E-Commerce - FOTO PRODOTTO 2019_2022_2023_2024_2025/DISCHI/R-FIX/HO31RI.jpg,HO31RI,41159607,DRY_RUN_OK,
/Users/anna.nardi/Library/CloudStorage/OneDrive-Raccoltecondivise-DuckyNetworkS.r.l/E-Commerce - FOTO PRODOTTO 2019_2022_2023_2024_2025/DISCHI/R-FIX/HO32FID.jpg,HO32FID,41159608,DRY_RUN_OK,
/Users/anna.nardi/Library/CloudStorage/OneDrive-Raccoltecondivise-DuckyNetworkS.r.l/E-Commerce - FOTO PRODOTTO 2019_2022_2023_2024_2025/DISCHI/R-FIX/HO33FI.jpg,HO33FI,41159609,DRY_RUN_OK,
/Users/anna.nardi/Library/CloudStorage/OneDrive-Raccoltecondivise-DuckyNetworkS.r.l/E-Commerce - FOTO PRODOTTO 2019_2022_2023_2024_2025/DISCHI/R-FIX/HO33RI.jpg,HO33RI,41159610,DRY_RUN_OK,
/Users/anna.nardi/Library/CloudStorage/OneDrive-Raccoltecondivise-DuckyNetworkS.r.l/E-Commerce - FOTO PRODOTTO 2019_2022_2023_2024_2025/DISCHI/W-FIX/HO40RID.jpg,HO40RID,41159611,DRY_RUN_OK,
/Users/anna.nardi/Library/CloudStorage/OneDrive-Raccoltecondivise-DuckyNetworkS.r.l/E-Commerce - FOTO PRODOTTO 2019_2022_2023_2024_2025/DISCHI/W-FIX/HO41FID.jpg,HO41FID,41159612,DRY_RUN_OK,
/Users/anna.nardi/Library/CloudStorage/OneDrive-Raccoltecondivise-DuckyNetworkS.r.l/E-Commerce - FOTO PRODOTTO 2019_2022_2023_2024_2025/DISCHI/W-FIX/HO47RID.jpg,HO47RID,41159613,DRY_RUN_OK,
/Users/anna.nardi/Library/CloudStorage/OneDrive-Raccoltecondivise-DuckyNetworkS.r.l/E-Commerce - FOTO PRODOTTO 2019_2022_2023_2024_2025/DISCHI/W-FIX/HO49FID.jpg,HO49FID,41159614,DRY_RUN_OK,
/Users/anna.nardi/Library/CloudStorage/OneDrive-Raccoltecondivise-DuckyNetworkS.r.l/E-Commerce - FOTO PRODOTTO 2019_2022_2023_2024_2025/DISCHI/W-FIX/HO50FID.jpg,HO50FID,41159615,DRY_RUN_OK,
/Users/anna.nardi/Library/CloudStorage/OneDrive-Raccoltecondivise-DuckyNetworkS.r.l/E-Commerce - FOTO PRODOTTO 2019_2022_2023_2024_2025/DISCHI/W-FIX/HO50RID.jpg,HO50RID,41227038,DRY_RUN_OK,
/Users/anna.nardi/Library/CloudStorage/OneDrive-Raccoltecondivise-DuckyNetworkS.r.l/E-Commerce - FOTO PRODOTTO 2019_2022_2023_2024_2025/DISCHI/W-FIX/HO51RID.jpg,HO51RID,41159616,DRY_RUN_OK,
/Users/anna.nardi/Library/CloudStorage/OneDrive-Raccoltecondivise-DuckyNetworkS.r.l/E-Commerce - FOTO PRODOTTO 2019_2022_2023_2024_2025/DISCHI/W-FIX/HO53RID.jpg,HO53RID,41159617,DRY_RUN_OK,
/Users/anna.nardi/Library/CloudStorage/OneDrive-Raccoltecondivise-DuckyNetworkS.r.l/E-Commerce - FOTO PRODOTTO 2019_2022_2023_2024_2025/DISCHI/W-FIX/HO55RID.jpg,HO55RID,41159618,DRY_RUN_OK,
/Users/anna.nardi/Library/CloudStorage/OneDrive-Raccoltecondivise-DuckyNetworkS.r.l/E-Commerce - FOTO PRODOTTO 2019_2022_2023_2024_2025/DISCHI/W-FIX/HO60RID.jpg,HO60RID,41159619,DRY_RUN_OK,
/Users/anna.nardi/Library/CloudStorage/OneDrive-Raccoltecondivise-DuckyNetworkS.r.l/E-Commerce - FOTO PRODOTTO 2019_2022_2023_2024_2025/DISCHI/W-FIX/HU09RID.jpg,HU09RID,41159620,DRY_RUN_OK,
/Users/anna.nardi/Library/CloudStorage/OneDrive-Raccoltecondivise-DuckyNetworkS.r.l/E-Commerce - FOTO PRODOTTO 2019_2022_2023_2024_2025/DISCHI/R-FIX/KM01FI.jpg,KM01FI,41159634,DRY_RUN_OK,
/Users/anna.nardi/Library/CloudStorage/OneDrive-Raccoltecondivise-DuckyNetworkS.r.l/E-Commerce - FOTO PRODOTTO 2019_2022_2023_2024_2025/DISCHI/W-FIX/KM01FID.jpg,KM01FID,41159635,DRY_RUN_OK,
/Users/anna.nardi/Library/CloudStorage/OneDrive-Raccoltecondivise-DuckyNetworkS.r.l/E-Commerce - FOTO PRODOTTO 2019_2022_2023_2024_2025/DISCHI/R-FIX/KM04FI.jpg,KM04FI,41159636,DRY_RUN_OK,
/Users/anna.nardi/Library/CloudStorage/OneDrive-Raccoltecondivise-DuckyNetworkS.r.l/E-Commerce - FOTO PRODOTTO 2019_2022_2023_2024_2025/DISCHI/R-FIX/KM04RI.jpg,KM04RI,41159637,DRY_RUN_OK,
/Users/anna.nardi/Library/CloudStorage/OneDrive-Raccoltecondivise-DuckyNetworkS.r.l/E-Commerce - FOTO PRODOTTO 2019_2022_2023_2024_2025/DISCHI/W-FIX/KM04RID.jpg,KM04RID,41159638,DRY_RUN_OK,
/Users/anna.nardi/Library/CloudStorage/OneDrive-Raccoltecondivise-DuckyNetworkS.r.l/E-Commerce - FOTO PRODOTTO 2019_2022_2023_2024_2025/DISCHI/R-FIX/KM05FI.jpg,KM05FI,41159639,DRY_RUN_OK,
/Users/anna.nardi/Library/CloudStorage/OneDrive-Raccoltecondivise-DuckyNetworkS.r.l/E-Commerce - FOTO PRODOTTO 2019_2022_2023_2024_2025/DISCHI/R-FIX/KM05RI.jpg,KM05RI,41159640,DRY_RUN_OK,
/Users/anna.nardi/Library/CloudStorage/OneDrive-Raccoltecondivise-DuckyNetworkS.r.l/E-Commerce - FOTO PRODOTTO 2019_2022_2023_2024_2025/DISCHI/W-FIX/KM05RID.jpg,KM05RID,41159641,DRY_RUN_OK,
/Users/anna.nardi/Library/CloudStorage/OneDrive-Raccoltecondivise-DuckyNetworkS.r.l/E-Commerce - FOTO PRODOTTO 2019_2022_2023_2024_2025/KR/KR0007.jpg,KR0007,41159642,DRY_RUN_OK,
/Users/anna.nardi/Library/CloudStorage/OneDrive-Raccoltecondivise-DuckyNetworkS.r.l/E-Commerce - FOTO PRODOTTO 2019_2022_2023_2024_2025/KR/KR0039.jpg,KR0039,41159646,DRY_RUN_OK,
/Users/anna.nardi/Library/CloudStorage/OneDrive-Raccoltecondivise-DuckyNetworkS.r.l/E-Commerce - FOTO PRODOTTO 2019_2022_2023_2024_2025/KR/KR0049.jpg,KR0049,41159650,DRY_RUN_OK,
/Users/anna.nardi/Library/CloudStorage/OneDrive-Raccoltecondivise-DuckyNetworkS.r.l/E-Commerce - FOTO PRODOTTO 2019_2022_2023_2024_2025/KR/KR0050.jpg,KR0050,41159651,DRY_RUN_OK,
/Users/anna.nardi/Library/CloudStorage/OneDrive-Raccoltecondivise-DuckyNetworkS.r.l/E-Commerce - FOTO PRODOTTO 2019_2022_2023_2024_2025/KR/KR0051.jpg,KR0051,41159652,DRY_RUN_OK,
/Users/anna.nardi/Library/CloudStorage/OneDrive-Raccoltecondivise-DuckyNetworkS.r.l/E-Commerce - FOTO PRODOTTO 2019_2022_2023_2024_2025/KR/KR0080.jpg,KR0080,41159660,DRY_RUN_OK,
/Users/anna.nardi/Library/CloudStorage/OneDrive-Raccoltecondivise-DuckyNetworkS.r.l/E-Commerce - FOTO PRODOTTO 2019_2022_2023_2024_2025/KR/KR0082.jpg,KR0082,41159661,DRY_RUN_OK,
/Users/anna.nardi/Library/CloudStorage/OneDrive-Raccoltecondivise-DuckyNetworkS.r.l/E-Commerce - FOTO PRODOTTO 2019_2022_2023_2024_2025/KR/KR0084.jpg,KR0084,41159662,DRY_RUN_OK,
/Users/anna.nardi/Library/CloudStorage/OneDrive-Raccoltecondivise-DuckyNetworkS.r.l/E-Commerce - FOTO PRODOTTO 2019_2022_2023_2024_2025/KR/KR0090.jpg,KR0090,41159665,DRY_RUN_OK,
/Users/anna.nardi/Library/CloudStorage/OneDrive-Raccoltecondivise-DuckyNetworkS.r.l/E-Commerce - FOTO PRODOTTO 2019_2022_2023_2024_2025/KR/KR0091.jpg,KR0091,41159666,DRY_RUN_OK,
/Users/anna.nardi/Library/CloudStorage/OneDrive-Raccoltecondivise-DuckyNetworkS.r.l/E-Commerce - FOTO PRODOTTO 2019_2022_2023_2024_2025/KR/KR0093.jpg,KR0093,41159667,DRY_RUN_OK,
/Users/anna.nardi/Library/CloudStorage/OneDrive-Raccoltecondivise-DuckyNetworkS.r.l/E-Commerce - FOTO PRODOTTO 2019_2022_2023_2024_2025/KR/KR0094.jpg,KR0094,41232109,DRY_RUN_OK,
/Users/anna.nardi/Library/CloudStorage/OneDrive-Raccoltecondivise-DuckyNetworkS.r.l/E-Commerce - FOTO PRODOTTO 2019_2022_2023_2024_2025/KR/KR0097.jpg,KR0097,41159668,DRY_RUN_OK,
/Users/anna.nardi/Library/CloudStorage/OneDrive-Raccoltecondivise-DuckyNetworkS.r.l/E-Commerce - FOTO PRODOTTO 2019_2022_2023_2024_2025/KR/KR0100.jpg,KR0100,41159670,DRY_RUN_OK,
/Users/anna.nardi/Library/CloudStorage/OneDrive-Raccoltecondivise-DuckyNetworkS.r.l/E-Commerce - FOTO PRODOTTO 2019_2022_2023_2024_2025/KR/KR0101.jpg,KR0101,41159671,DRY_RUN_OK,
/Users/anna.nardi/Library/CloudStorage/OneDrive-Raccoltecondivise-DuckyNetworkS.r.l/E-Commerce - FOTO PRODOTTO 2019_2022_2023_2024_2025/KR/KR0104.jpg,KR0104,41159672,DRY_RUN_OK,
/Users/anna.nardi/Library/CloudStorage/OneDrive-Raccoltecondivise-DuckyNetworkS.r.l/E-Commerce - FOTO PRODOTTO 2019_2022_2023_2024_2025/KR/KR0106L.jpg,KR0106L,41159675,DRY_RUN_OK,
/Users/anna.nardi/Library/CloudStorage/OneDrive-Raccoltecondivise-DuckyNetworkS.r.l/E-Commerce - FOTO PRODOTTO 2019_2022_2023_2024_2025/KR/KR0106R.jpg,KR0106R,41159676,DRY_RUN_OK,
/Users/anna.nardi/Library/CloudStorage/OneDrive-Raccoltecondivise-DuckyNetworkS.r.l/E-Commerce - FOTO PRODOTTO 2019_2022_2023_2024_2025/KR/KR0119.jpg,KR0119,41159677,DRY_RUN_OK,
/Users/anna.nardi/Library/CloudStorage/OneDrive-Raccoltecondivise-DuckyNetworkS.r.l/E-Commerce - FOTO PRODOTTO 2019_2022_2023_2024_2025/KR/KR0120.jpg,KR0120,41159678,DRY_RUN_OK,
/Users/anna.nardi/Library/CloudStorage/OneDrive-Raccoltecondivise-DuckyNetworkS.r.l/E-Commerce - FOTO PRODOTTO 2019_2022_2023_2024_2025/KR/KR0121.jpg,KR0121,41159679,DRY_RUN_OK,
/Users/anna.nardi/Library/CloudStorage/OneDrive-Raccoltecondivise-DuckyNetworkS.r.l/E-Commerce - FOTO PRODOTTO 2019_2022_2023_2024_2025/KR/KR0122.jpg,KR0122,41159680,DRY_RUN_OK,
/Users/anna.nardi/Library/CloudStorage/OneDrive-Raccoltecondivise-DuckyNetworkS.r.l/E-Commerce - FOTO PRODOTTO 2019_2022_2023_2024_2025/KR/KR0123.jpg,KR0123,41159681,DRY_RUN_OK,
/Users/anna.nardi/Library/CloudStorage/OneDrive-Raccoltecondivise-DuckyNetworkS.r.l/E-Commerce - FOTO PRODOTTO 2019_2022_2023_2024_2025/KR/KR0124.jpg,KR0124,41159682,DRY_RUN_OK,
/Users/anna.nardi/Library/CloudStorage/OneDrive-Raccoltecondivise-DuckyNetworkS.r.l/E-Commerce - FOTO PRODOTTO 2019_2022_2023_2024_2025/KR/KR0126.jpg,KR0126,41159684,DRY_RUN_OK,
/Users/anna.nardi/Library/CloudStorage/OneDrive-Raccoltecondivise-DuckyNetworkS.r.l/E-Commerce - FOTO PRODOTTO 2019_2022_2023_2024_2025/KR/KR0127.jpg,KR0127,41159685,DRY_RUN_OK,
/Users/anna.nardi/Library/CloudStorage/OneDrive-Raccoltecondivise-DuckyNetworkS.r.l/E-Commerce - FOTO PRODOTTO 2019_2022_2023_2024_2025/KR/KR0142.jpg,KR0142,41159686,DRY_RUN_OK,
/Users/anna.nardi/Library/CloudStorage/OneDrive-Raccoltecondivise-DuckyNetworkS.r.l/E-Commerce - FOTO PRODOTTO 2019_2022_2023_2024_2025/KR/KR0143.jpg,KR0143,41159687,DRY_RUN_OK,
/Users/anna.nardi/Library/CloudStorage/OneDrive-Raccoltecondivise-DuckyNetworkS.r.l/E-Commerce - FOTO PRODOTTO 2019_2022_2023_2024_2025/KR/KR0144.jpg,KR0144,41159688,DRY_RUN_OK,
/Users/anna.nardi/Library/CloudStorage/OneDrive-Raccoltecondivise-DuckyNetworkS.r.l/E-Commerce - FOTO PRODOTTO 2019_2022_2023_2024_2025/KR/KR0145.jpg,KR0145,41159689,DRY_RUN_OK,
/Users/anna.nardi/Library/CloudStorage/OneDrive-Raccoltecondivise-DuckyNetworkS.r.l/E-Commerce - FOTO PRODOTTO 2019_2022_2023_2024_2025/KR/KR0148.jpg,KR0148,41159692,DRY_RUN_OK,
/Users/anna.nardi/Library/CloudStorage/OneDrive-Raccoltecondivise-DuckyNetworkS.r.l/E-Commerce - FOTO PRODOTTO 2019_2022_2023_2024_2025/KR/KR0149.jpg,KR0149,41159693,DRY_RUN_OK,
/Users/anna.nardi/Library/CloudStorage/OneDrive-Raccoltecondivise-DuckyNetworkS.r.l/E-Commerce - FOTO PRODOTTO 2019_2022_2023_2024_2025/KR/KR0150.jpg,KR0150,41232111,DRY_RUN_OK,
/Users/anna.nardi/Library/CloudStorage/OneDrive-Raccoltecondivise-DuckyNetworkS.r.l/E-Commerce - FOTO PRODOTTO 2019_2022_2023_2024_2025/KR/KR0151.jpg,KR0151,41159694,DRY_RUN_OK,
/Users/anna.nardi/Library/CloudStorage/OneDrive-Raccoltecondivise-DuckyNetworkS.r.l/E-Commerce - FOTO PRODOTTO 2019_2022_2023_2024_2025/KR/KR0152.jpg,KR0152,41159695,DRY_RUN_OK,
/Users/anna.nardi/Library/CloudStorage/OneDrive-Raccoltecondivise-DuckyNetworkS.r.l/E-Commerce - FOTO PRODOTTO 2019_2022_2023_2024_2025/KR/KR0153.jpg,KR0153,41159696,DRY_RUN_OK,
/Users/anna.nardi/Library/CloudStorage/OneDrive-Raccoltecondivise-DuckyNetworkS.r.l/E-Commerce - FOTO PRODOTTO 2019_2022_2023_2024_2025/KR/KR0165.jpg,KR0165,41159700,DRY_RUN_OK,
/Users/anna.nardi/Library/CloudStorage/OneDrive-Raccoltecondivise-DuckyNetworkS.r.l/E-Commerce - FOTO PRODOTTO 2019_2022_2023_2024_2025/KR/KR0166.jpg,KR0166,41159701,DRY_RUN_OK,
/Users/anna.nardi/Library/CloudStorage/OneDrive-Raccoltecondivise-DuckyNetworkS.r.l/E-Commerce - FOTO PRODOTTO 2019_2022_2023_2024_2025/KR/KR0167.jpg,KR0167,41159702,DRY_RUN_OK,
/Users/anna.nardi/Library/CloudStorage/OneDrive-Raccoltecondivise-DuckyNetworkS.r.l/E-Commerce - FOTO PRODOTTO 2019_2022_2023_2024_2025/KR/KR0168.jpg,KR0168,41159703,DRY_RUN_OK,
/Users/anna.nardi/Library/CloudStorage/OneDrive-Raccoltecondivise-DuckyNetworkS.r.l/E-Commerce - FOTO PRODOTTO 2019_2022_2023_2024_2025/KR/KR0169.jpg,KR0169,41232113,DRY_RUN_OK,
/Users/anna.nardi/Library/CloudStorage/OneDrive-Raccoltecondivise-DuckyNetworkS.r.l/E-Commerce - FOTO PRODOTTO 2019_2022_2023_2024_2025/KR/KR0171.jpg,KR0171,41159705,DRY_RUN_OK,
/Users/anna.nardi/Library/CloudStorage/OneDrive-Raccoltecondivise-DuckyNetworkS.r.l/E-Commerce - FOTO PRODOTTO 2019_2022_2023_2024_2025/KR/KR0180.jpg,KR0180,41159707,DRY_RUN_OK,
/Users/anna.nardi/Library/CloudStorage/OneDrive-Raccoltecondivise-DuckyNetworkS.r.l/E-Commerce - FOTO PRODOTTO 2019_2022_2023_2024_2025/KR/KR0181.jpg,KR0181,41159708,DRY_RUN_OK,
/Users/anna.nardi/Library/CloudStorage/OneDrive-Raccoltecondivise-DuckyNetworkS.r.l/E-Commerce - FOTO PRODOTTO 2019_2022_2023_2024_2025/KR/KR0184.jpg,KR0184,41159711,DRY_RUN_OK,
/Users/anna.nardi/Library/CloudStorage/OneDrive-Raccoltecondivise-DuckyNetworkS.r.l/E-Commerce - FOTO PRODOTTO 2019_2022_2023_2024_2025/KR/KR0194.jpg,KR0194,41159713,DRY_RUN_OK,
/Users/anna.nardi/Library/CloudStorage/OneDrive-Raccoltecondivise-DuckyNetworkS.r.l/E-Commerce - FOTO PRODOTTO 2019_2022_2023_2024_2025/KR/KR0195L.jpg,KR0195L,41159714,DRY_RUN_OK,
/Users/anna.nardi/Library/CloudStorage/OneDrive-Raccoltecondivise-DuckyNetworkS.r.l/E-Commerce - FOTO PRODOTTO 2019_2022_2023_2024_2025/KR/KR0196.jpg,KR0196,41159716,DRY_RUN_OK,
/Users/anna.nardi/Library/CloudStorage/OneDrive-Raccoltecondivise-DuckyNetworkS.r.l/E-Commerce - FOTO PRODOTTO 2019_2022_2023_2024_2025/KR/KR0198.jpg,KR0198,41159718,DRY_RUN_OK,
/Users/anna.nardi/Library/CloudStorage/OneDrive-Raccoltecondivise-DuckyNetworkS.r.l/E-Commerce - FOTO PRODOTTO 2019_2022_2023_2024_2025/KR/KR0199.jpg,KR0199,41159719,DRY_RUN_OK,
/Users/anna.nardi/Library/CloudStorage/OneDrive-Raccoltecondivise-DuckyNetworkS.r.l/E-Commerce - FOTO PRODOTTO 2019_2022_2023_2024_2025/KR/KR0200.jpg,KR0200,41159720,DRY_RUN_OK,
/Users/anna.nardi/Library/CloudStorage/OneDrive-Raccoltecondivise-DuckyNetworkS.r.l/E-Commerce - FOTO PRODOTTO 2019_2022_2023_2024_2025/KR/KR0207.jpg,KR0207,41159725,DRY_RUN_OK,
/Users/anna.nardi/Library/CloudStorage/OneDrive-Raccoltecondivise-DuckyNetworkS.r.l/E-Commerce - FOTO PRODOTTO 2019_2022_2023_2024_2025/KR/KR0208.jpg,KR0208,41159726,DRY_RUN_OK,
/Users/anna.nardi/Library/CloudStorage/OneDrive-Raccoltecondivise-DuckyNetworkS.r.l/E-Commerce - FOTO PRODOTTO 2019_2022_2023_2024_2025/KR/KR0214.jpg,KR0214,41159728,DRY_RUN_OK,
/Users/anna.nardi/Library/CloudStorage/OneDrive-Raccoltecondivise-DuckyNetworkS.r.l/E-Commerce - FOTO PRODOTTO 2019_2022_2023_2024_2025/DISCHI/R-FLO/KT02FID.jpg,KT02FID,41159788,DRY_RUN_OK,
/Users/anna.nardi/Library/CloudStorage/OneDrive-Raccoltecondivise-DuckyNetworkS.r.l/E-Commerce - FOTO PRODOTTO 2019_2022_2023_2024_2025/DISCHI/R-FLO/KT03FL.jpg,KT03FL,41227064,DRY_RUN_OK,
/Users/anna.nardi/Library/CloudStorage/OneDrive-Raccoltecondivise-DuckyNetworkS.r.l/E-Commerce - FOTO PRODOTTO 2019_2022_2023_2024_2025/DISCHI/R-FLO/KT03FLD.jpg,KT03FLD,41159789,DRY_RUN_OK,
/Users/anna.nardi/Library/CloudStorage/OneDrive-Raccoltecondivise-DuckyNetworkS.r.l/E-Commerce - FOTO PRODOTTO 2019_2022_2023_2024_2025/DISCHI/R-FLO/KT06FID.jpg,KT06FID,41159790,DRY_RUN_OK,
/Users/anna.nardi/Library/CloudStorage/OneDrive-Raccoltecondivise-DuckyNetworkS.r.l/E-Commerce - FOTO PRODOTTO 2019_2022_2023_2024_2025/DISCHI/R-FLO/KT06RID.jpg,KT06RID,41159791,DRY_RUN_OK,
/Users/anna.nardi/Library/CloudStorage/OneDrive-Raccoltecondivise-DuckyNetworkS.r.l/E-Commerce - FOTO PRODOTTO 2019_2022_2023_2024_2025/DISCHI/R-FLO/KT07FID.jpg,KT07FID,41159792,DRY_RUN_OK,
/Users/anna.nardi/Library/CloudStorage/OneDrive-Raccoltecondivise-DuckyNetworkS.r.l/E-Commerce - FOTO PRODOTTO 2019_2022_2023_2024_2025/DISCHI/R-FLO/KT07RID.jpg,KT07RID,41159793,DRY_RUN_OK,
/Users/anna.nardi/Library/CloudStorage/OneDrive-Raccoltecondivise-DuckyNetworkS.r.l/E-Commerce - FOTO PRODOTTO 2019_2022_2023_2024_2025/DISCHI/R-FLO/KT08FLD.jpg,KT08FLD,41159794,DRY_RUN_OK,
/Users/anna.nardi/Library/CloudStorage/OneDrive-Raccoltecondivise-DuckyNetworkS.r.l/E-Commerce - FOTO PRODOTTO 2019_2022_2023_2024_2025/DISCHI/R-FLO/KT09RID.jpg,KT09RID,41159795,DRY_RUN_OK,
/Users/anna.nardi/Library/CloudStorage/OneDrive-Raccoltecondivise-DuckyNetworkS.r.l/E-Commerce - FOTO PRODOTTO 2019_2022_2023_2024_2025/DISCHI/R-FLO/KT10RID.jpg,KT10RID,41159796,DRY_RUN_OK,
/Users/anna.nardi/Library/CloudStorage/OneDrive-Raccoltecondivise-DuckyNetworkS.r.l/E-Commerce - FOTO PRODOTTO 2019_2022_2023_2024_2025/DISCHI/R-FLO/KT11RI.JPG,KT11RI,41159797,DRY_RUN_OK,
/Users/anna.nardi/Library/CloudStorage/OneDrive-Raccoltecondivise-DuckyNetworkS.r.l/E-Commerce - FOTO PRODOTTO 2019_2022_2023_2024_2025/DISCHI/R-FLO/KT11RID.jpg,KT11RID,41159798,DRY_RUN_OK,
/Users/anna.nardi/Library/CloudStorage/OneDrive-Raccoltecondivise-DuckyNetworkS.r.l/E-Commerce - FOTO PRODOTTO 2019_2022_2023_2024_2025/DISCHI/W-FIX/KW01FID.jpg,KW01FID,41159799,DRY_RUN_OK,
/Users/anna.nardi/Library/CloudStorage/OneDrive-Raccoltecondivise-DuckyNetworkS.r.l/E-Commerce - FOTO PRODOTTO 2019_2022_2023_2024_2025/DISCHI/W-FIX/KW01RID.jpg,KW01RID,41159800,DRY_RUN_OK,
/Users/anna.nardi/Library/CloudStorage/OneDrive-Raccoltecondivise-DuckyNetworkS.r.l/E-Commerce - FOTO PRODOTTO 2019_2022_2023_2024_2025/DISCHI/R-FIX/KW02FI.jpg,KW02FI,41159801,DRY_RUN_OK,
/Users/anna.nardi/Library/CloudStorage/OneDrive-Raccoltecondivise-DuckyNetworkS.r.l/E-Commerce - FOTO PRODOTTO 2019_2022_2023_2024_2025/DISCHI/W-FIX/KW04RID.jpg,KW04RID,41159802,DRY_RUN_OK,
/Users/anna.nardi/Library/CloudStorage/OneDrive-Raccoltecondivise-DuckyNetworkS.r.l/E-Commerce - FOTO PRODOTTO 2019_2022_2023_2024_2025/DISCHI/R-FIX/KW07FI.jpg,KW07FI,41159803,DRY_RUN_OK,
/Users/anna.nardi/Library/CloudStorage/OneDrive-Raccoltecondivise-DuckyNetworkS.r.l/E-Commerce - FOTO PRODOTTO 2019_2022_2023_2024_2025/DISCHI/W-FIX/KW13FID.jpg,KW13FID,41159804,DRY_RUN_OK,
/Users/anna.nardi/Library/CloudStorage/OneDrive-Raccoltecondivise-DuckyNetworkS.r.l/E-Commerce - FOTO PRODOTTO 2019_2022_2023_2024_2025/DISCHI/W-FIX/KW15RID.jpg,KW15RID,41159805,DRY_RUN_OK,
/Users/anna.nardi/Library/CloudStorage/OneDrive-Raccoltecondivise-DuckyNetworkS.r.l/E-Commerce - FOTO PRODOTTO 2019_2022_2023_2024_2025/DISCHI/R-FIX/KW16RI.jpg,KW16RI,41159806,DRY_RUN_OK,
/Users/anna.nardi/Library/CloudStorage/OneDrive-Raccoltecondivise-DuckyNetworkS.r.l/E-Commerce - FOTO PRODOTTO 2019_2022_2023_2024_2025/DISCHI/W-FIX/KW18FID.JPG,KW18FID,41159807,DRY_RUN_OK,
/Users/anna.nardi/Library/CloudStorage/OneDrive-Raccoltecondivise-DuckyNetworkS.r.l/E-Commerce - FOTO PRODOTTO 2019_2022_2023_2024_2025/DISCHI/W-FIX/KW18RID.jpg,KW18RID,41159808,DRY_RUN_OK,
/Users/anna.nardi/Library/CloudStorage/OneDrive-Raccoltecondivise-DuckyNetworkS.r.l/E-Commerce - FOTO PRODOTTO 2019_2022_2023_2024_2025/DISCHI/R-FIX/KW30RI.jpg,KW30RI,41159809,DRY_RUN_OK,
/Users/anna.nardi/Library/CloudStorage/OneDrive-Raccoltecondivise-DuckyNetworkS.r.l/E-Commerce - FOTO PRODOTTO 2019_2022_2023_2024_2025/DISCHI/W-FIX/KW30RID.jpg,KW30RID,41159810,DRY_RUN_OK,
/Users/anna.nardi/Library/CloudStorage/OneDrive-Raccoltecondivise-DuckyNetworkS.r.l/E-Commerce - FOTO PRODOTTO 2019_2022_2023_2024_2025/DISCHI/W-FIX/KW32RID.jpg,KW32RID,41159811,DRY_RUN_OK,
/Users/anna.nardi/Library/CloudStorage/OneDrive-Raccoltecondivise-DuckyNetworkS.r.l/E-Commerce - FOTO PRODOTTO 2019_2022_2023_2024_2025/DISCHI/W-FIX/KW34RID.jpg,KW34RID,41159812,DRY_RUN_OK,
/Users/anna.nardi/Library/CloudStorage/OneDrive-Raccoltecondivise-DuckyNetworkS.r.l/E-Commerce - FOTO PRODOTTO 2019_2022_2023_2024_2025/DISCHI/W-FIX/KW35FID.jpg,KW35FID,41159813,DRY_RUN_OK,
/Users/anna.nardi/Library/CloudStorage/OneDrive-Raccoltecondivise-DuckyNetworkS.r.l/E-Commerce - FOTO PRODOTTO 2019_2022_2023_2024_2025/DISCHI/W-FIX/KW36RID.jpg,KW36RID,41159814,DRY_RUN_OK,
/Users/anna.nardi/Library/CloudStorage/OneDrive-Raccoltecondivise-DuckyNetworkS.r.l/E-Commerce - FOTO PRODOTTO 2019_2022_2023_2024_2025/DISCHI/W-FIX/KW38RID.jpg,KW38RID,41159815,DRY_RUN_OK,
/Users/anna.nardi/Library/CloudStorage/OneDrive-Raccoltecondivise-DuckyNetworkS.r.l/E-Commerce - FOTO PRODOTTO 2019_2022_2023_2024_2025/DISCHI/W-FIX/KW39FID.jpg,KW39FID,41159816,DRY_RUN_OK,
/Users/anna.nardi/Library/CloudStorage/OneDrive-Raccoltecondivise-DuckyNetworkS.r.l/E-Commerce - FOTO PRODOTTO 2019_2022_2023_2024_2025/DISCHI/W-FIX/KW40RID.jpg,KW40RID,41159817,DRY_RUN_OK,
/Users/anna.nardi/Library/CloudStorage/OneDrive-Raccoltecondivise-DuckyNetworkS.r.l/E-Commerce - FOTO PRODOTTO 2019_2022_2023_2024_2025/DISCHI/W-FIX/KW41RID.jpg,KW41RID,41159818,DRY_RUN_OK,
/Users/anna.nardi/Library/CloudStorage/OneDrive-Raccoltecondivise-DuckyNetworkS.r.l/E-Commerce - FOTO PRODOTTO 2019_2022_2023_2024_2025/DISCHI/R-FIX/MA03FI.jpg,MA03FI,41159821,DRY_RUN_OK,
/Users/anna.nardi/Library/CloudStorage/OneDrive-Raccoltecondivise-DuckyNetworkS.r.l/E-Commerce - FOTO PRODOTTO 2019_2022_2023_2024_2025/DISCHI/R-FIX/MA04FI.jpg,MA04FI,41159822,DRY_RUN_OK,
/Users/anna.nardi/Library/CloudStorage/OneDrive-Raccoltecondivise-DuckyNetworkS.r.l/E-Commerce - FOTO PRODOTTO 2019_2022_2023_2024_2025/DISCHI/W-FIX/MA04FID.jpg,MA04FID,41159823,DRY_RUN_OK,
/Users/anna.nardi/Library/CloudStorage/OneDrive-Raccoltecondivise-DuckyNetworkS.r.l/E-Commerce - FOTO PRODOTTO 2019_2022_2023_2024_2025/DISCHI/R-FIX/MB02FI.jpg,MB02FI,41159824,DRY_RUN_OK,
/Users/anna.nardi/Library/CloudStorage/OneDrive-Raccoltecondivise-DuckyNetworkS.r.l/E-Commerce - FOTO PRODOTTO 2019_2022_2023_2024_2025/DISCHI/W-FIX/MB02FID.jpg,MB02FID,41159825,DRY_RUN_OK,
/Users/anna.nardi/Library/CloudStorage/OneDrive-Raccoltecondivise-DuckyNetworkS.r.l/E-Commerce - FOTO PRODOTTO 2019_2022_2023_2024_2025/DISCHI/R-FIX/MB03FI.jpg,MB03FI,41159826,DRY_RUN_OK,
/Users/anna.nardi/Library/CloudStorage/OneDrive-Raccoltecondivise-DuckyNetworkS.r.l/E-Commerce - FOTO PRODOTTO 2019_2022_2023_2024_2025/DISCHI/W-FIX/MB03FID.jpg,MB03FID,41159827,DRY_RUN_OK,
/Users/anna.nardi/Library/CloudStorage/OneDrive-Raccoltecondivise-DuckyNetworkS.r.l/E-Commerce - FOTO PRODOTTO 2019_2022_2023_2024_2025/DISCHI/W-FIX/MB04FID.jpg,MB04FID,41159828,DRY_RUN_OK,
/Users/anna.nardi/Library/CloudStorage/OneDrive-Raccoltecondivise-DuckyNetworkS.r.l/E-Commerce - FOTO PRODOTTO 2019_2022_2023_2024_2025/DISCHI/W-FIX/MB04RID.jpg,MB04RID,41159829,DRY_RUN_OK,
/Users/anna.nardi/Library/CloudStorage/OneDrive-Raccoltecondivise-DuckyNetworkS.r.l/E-Commerce - FOTO PRODOTTO 2019_2022_2023_2024_2025/POMPE/Master Cilynder/MC3601.jpg,MC3601,41159837,DRY_RUN_OK,
/Users/anna.nardi/Library/CloudStorage/OneDrive-Raccoltecondivise-DuckyNetworkS.r.l/E-Commerce - FOTO PRODOTTO 2019_2022_2023_2024_2025/POMPE/Master Cilynder/MC6601.jpg,MC6601,41159838,DRY_RUN_OK,
/Users/anna.nardi/Library/CloudStorage/OneDrive-Raccoltecondivise-DuckyNetworkS.r.l/E-Commerce - FOTO PRODOTTO 2019_2022_2023_2024_2025/POMPE/Master Cilynder/MC6603.jpg,MC6603,41159839,DRY_RUN_OK,
/Users/anna.nardi/Library/CloudStorage/OneDrive-Raccoltecondivise-DuckyNetworkS.r.l/E-Commerce - FOTO PRODOTTO 2019_2022_2023_2024_2025/POMPE/Master Cilynder/MC9601.jpg,MC9601,41159840,DRY_RUN_OK,
/Users/anna.nardi/Library/CloudStorage/OneDrive-Raccoltecondivise-DuckyNetworkS.r.l/E-Commerce - FOTO PRODOTTO 2019_2022_2023_2024_2025/POMPE/Master Cilynder/MC9603.jpg,MC9603,41159841,DRY_RUN_OK,
/Users/anna.nardi/Library/CloudStorage/OneDrive-Raccoltecondivise-DuckyNetworkS.r.l/E-Commerce - FOTO PRODOTTO 2019_2022_2023_2024_2025/DISCHI/R-FIX/MV01RID.jpg,MV01RID,41159846,DRY_RUN_OK,
/Users/anna.nardi/Library/CloudStorage/OneDrive-Raccoltecondivise-DuckyNetworkS.r.l/E-Commerce - FOTO PRODOTTO 2019_2022_2023_2024_2025/KIT/Kit/OKBY18E.jpg,OKBY18E,41159849,DRY_RUN_OK,
/Users/anna.nardi/Library/CloudStorage/OneDrive-Raccoltecondivise-DuckyNetworkS.r.l/E-Commerce - FOTO PRODOTTO 2019_2022_2023_2024_2025/KIT/Kit/OKBY19E.jpg,OKBY19E,41159850,DRY_RUN_OK,
/Users/anna.nardi/Library/CloudStorage/OneDrive-Raccoltecondivise-DuckyNetworkS.r.l/E-Commerce - FOTO PRODOTTO 2019_2022_2023_2024_2025/KIT/Kit/OKBY20E.jpg,OKBY20E,41159851,DRY_RUN_OK,
/Users/anna.nardi/Library/CloudStorage/OneDrive-Raccoltecondivise-DuckyNetworkS.r.l/E-Commerce - FOTO PRODOTTO 2019_2022_2023_2024_2025/KIT/Kit/OKBY21.jpg,OKBY21,41159852,DRY_RUN_OK,
/Users/anna.nardi/Library/CloudStorage/OneDrive-Raccoltecondivise-DuckyNetworkS.r.l/E-Commerce - FOTO PRODOTTO 2019_2022_2023_2024_2025/KIT/Kit/OKBY21E.jpg,OKBY21E,41232128,DRY_RUN_OK,
/Users/anna.nardi/Library/CloudStorage/OneDrive-Raccoltecondivise-DuckyNetworkS.r.l/E-Commerce - FOTO PRODOTTO 2019_2022_2023_2024_2025/KIT/Kit/OKBY22E.jpg,OKBY22E,41159853,DRY_RUN_OK,
/Users/anna.nardi/Library/CloudStorage/OneDrive-Raccoltecondivise-DuckyNetworkS.r.l/E-Commerce - FOTO PRODOTTO 2019_2022_2023_2024_2025/KIT/Kit/OKBY23E.jpg,OKBY23E,41159854,DRY_RUN_OK,
/Users/anna.nardi/Library/CloudStorage/OneDrive-Raccoltecondivise-DuckyNetworkS.r.l/E-Commerce - FOTO PRODOTTO 2019_2022_2023_2024_2025/KIT/Kit/OKBY24E.jpg,OKBY24E,41232129,DRY_RUN_OK,
/Users/anna.nardi/Library/CloudStorage/OneDrive-Raccoltecondivise-DuckyNetworkS.r.l/E-Commerce - FOTO PRODOTTO 2019_2022_2023_2024_2025/KIT/Kit/OKBY25E.jpg,OKBY25E,41159855,DRY_RUN_OK,
/Users/anna.nardi/Library/CloudStorage/OneDrive-Raccoltecondivise-DuckyNetworkS.r.l/E-Commerce - FOTO PRODOTTO 2019_2022_2023_2024_2025/KIT/Kit/OKBY26E.jpg,OKBY26E,41232130,DRY_RUN_OK,
/Users/anna.nardi/Library/CloudStorage/OneDrive-Raccoltecondivise-DuckyNetworkS.r.l/E-Commerce - FOTO PRODOTTO 2019_2022_2023_2024_2025/KIT/Kit/OKBY27E.jpg,OKBY27E,41232131,DRY_RUN_OK,
/Users/anna.nardi/Library/CloudStorage/OneDrive-Raccoltecondivise-DuckyNetworkS.r.l/E-Commerce - FOTO PRODOTTO 2019_2022_2023_2024_2025/KIT/Kit/OKBY28E.jpg,OKBY28E,41159856,DRY_RUN_OK,
/Users/anna.nardi/Library/CloudStorage/OneDrive-Raccoltecondivise-DuckyNetworkS.r.l/E-Commerce - FOTO PRODOTTO 2019_2022_2023_2024_2025/KIT/Kit/OKBY29E.jpg,OKBY29E,41159857,DRY_RUN_OK,
/Users/anna.nardi/Library/CloudStorage/OneDrive-Raccoltecondivise-DuckyNetworkS.r.l/E-Commerce - FOTO PRODOTTO 2019_2022_2023_2024_2025/KIT/Kit/OKBY30E.jpg,OKBY30E,41159858,DRY_RUN_OK,
/Users/anna.nardi/Library/CloudStorage/OneDrive-Raccoltecondivise-DuckyNetworkS.r.l/E-Commerce - FOTO PRODOTTO 2019_2022_2023_2024_2025/KIT/Kit/OKBY31E.jpg,OKBY31E,41159859,DRY_RUN_OK,
/Users/anna.nardi/Library/CloudStorage/OneDrive-Raccoltecondivise-DuckyNetworkS.r.l/E-Commerce - FOTO PRODOTTO 2019_2022_2023_2024_2025/KIT/Kit/OKBY32E.jpg,OKBY32E,41159860,DRY_RUN_OK,
/Users/anna.nardi/Library/CloudStorage/OneDrive-Raccoltecondivise-DuckyNetworkS.r.l/E-Commerce - FOTO PRODOTTO 2019_2022_2023_2024_2025/KIT/Kit/OKBY33E.jpg,OKBY33E,41159861,DRY_RUN_OK,
/Users/anna.nardi/Library/CloudStorage/OneDrive-Raccoltecondivise-DuckyNetworkS.r.l/E-Commerce - FOTO PRODOTTO 2019_2022_2023_2024_2025/KIT/Kit/OKBY34E.jpg,OKBY34E,41159862,DRY_RUN_OK,
/Users/anna.nardi/Library/CloudStorage/OneDrive-Raccoltecondivise-DuckyNetworkS.r.l/E-Commerce - FOTO PRODOTTO 2019_2022_2023_2024_2025/KIT/Kit/OKBY35E.jpg,OKBY35E,41159863,DRY_RUN_OK,
/Users/anna.nardi/Library/CloudStorage/OneDrive-Raccoltecondivise-DuckyNetworkS.r.l/E-Commerce - FOTO PRODOTTO 2019_2022_2023_2024_2025/KIT/Kit/OKBY36E.jpg,OKBY36E,41159864,DRY_RUN_OK,
/Users/anna.nardi/Library/CloudStorage/OneDrive-Raccoltecondivise-DuckyNetworkS.r.l/E-Commerce - FOTO PRODOTTO 2019_2022_2023_2024_2025/KIT/Kit/OKI64.jpg,OKI64,41159865,DRY_RUN_OK,
/Users/anna.nardi/Library/CloudStorage/OneDrive-Raccoltecondivise-DuckyNetworkS.r.l/E-Commerce - FOTO PRODOTTO 2019_2022_2023_2024_2025/KIT/Kit/OKI80.jpg,OKI80,41159866,DRY_RUN_OK,
/Users/anna.nardi/Library/CloudStorage/OneDrive-Raccoltecondivise-DuckyNetworkS.r.l/E-Commerce - FOTO PRODOTTO 2019_2022_2023_2024_2025/KIT/Kit/OKI87.jpg,OKI87,41159867,DRY_RUN_OK,
/Users/anna.nardi/Library/CloudStorage/OneDrive-Raccoltecondivise-DuckyNetworkS.r.l/E-Commerce - FOTO PRODOTTO 2019_2022_2023_2024_2025/KIT/Kit/OKI89.jpg,OKI89,41159868,DRY_RUN_OK,
/Users/anna.nardi/Library/CloudStorage/OneDrive-Raccoltecondivise-DuckyNetworkS.r.l/E-Commerce - FOTO PRODOTTO 2019_2022_2023_2024_2025/KIT/Kit/OKRH01.jpg,OKRH01,41159871,DRY_RUN_OK,
/Users/anna.nardi/Library/CloudStorage/OneDrive-Raccoltecondivise-DuckyNetworkS.r.l/E-Commerce - FOTO PRODOTTO 2019_2022_2023_2024_2025/KIT/Kit/OKS301.jpg,OKS301,41159874,DRY_RUN_OK,
/Users/anna.nardi/Library/CloudStorage/OneDrive-Raccoltecondivise-DuckyNetworkS.r.l/E-Commerce - FOTO PRODOTTO 2019_2022_2023_2024_2025/KIT/Kit/OKS305.jpg,OKS305,41159875,DRY_RUN_OK,
/Users/anna.nardi/Library/CloudStorage/OneDrive-Raccoltecondivise-DuckyNetworkS.r.l/E-Commerce - FOTO PRODOTTO 2019_2022_2023_2024_2025/KIT/Kit/OKS307.jpg,OKS307,41159876,DRY_RUN_OK,
/Users/anna.nardi/Library/CloudStorage/OneDrive-Raccoltecondivise-DuckyNetworkS.r.l/E-Commerce - FOTO PRODOTTO 2019_2022_2023_2024_2025/KIT/Kit/OKS308.jpg,OKS308,41159877,DRY_RUN_OK,
/Users/anna.nardi/Library/CloudStorage/OneDrive-Raccoltecondivise-DuckyNetworkS.r.l/E-Commerce - FOTO PRODOTTO 2019_2022_2023_2024_2025/KIT/Kit/OKS309.jpg,OKS309,41159878,DRY_RUN_OK,
/Users/anna.nardi/Library/CloudStorage/OneDrive-Raccoltecondivise-DuckyNetworkS.r.l/E-Commerce - FOTO PRODOTTO 2019_2022_2023_2024_2025/KIT/Kit/OKS311.jpg,OKS311,41159879,DRY_RUN_OK,
/Users/anna.nardi/Library/CloudStorage/OneDrive-Raccoltecondivise-DuckyNetworkS.r.l/E-Commerce - FOTO PRODOTTO 2019_2022_2023_2024_2025/KIT/Kit/OKWH01.jpg,OKWH01,41232132,DRY_RUN_OK,
/Users/anna.nardi/Library/CloudStorage/OneDrive-Raccoltecondivise-DuckyNetworkS.r.l/E-Commerce - FOTO PRODOTTO 2019_2022_2023_2024_2025/KIT/Kit/OKWK01.jpg,OKWK01,41159881,DRY_RUN_OK,
/Users/anna.nardi/Library/CloudStorage/OneDrive-Raccoltecondivise-DuckyNetworkS.r.l/E-Commerce - FOTO PRODOTTO 2019_2022_2023_2024_2025/KIT/Kit/OKWK02.jpg,OKWK02,41159882,DRY_RUN_OK,
/Users/anna.nardi/Library/CloudStorage/OneDrive-Raccoltecondivise-DuckyNetworkS.r.l/E-Commerce - FOTO PRODOTTO 2019_2022_2023_2024_2025/KIT/Kit/OKWK04.jpg,OKWK04,41159884,DRY_RUN_OK,
/Users/anna.nardi/Library/CloudStorage/OneDrive-Raccoltecondivise-DuckyNetworkS.r.l/E-Commerce - FOTO PRODOTTO 2019_2022_2023_2024_2025/KIT/Kit/OKWK05.jpg,OKWK05,41159885,DRY_RUN_OK,
/Users/anna.nardi/Library/CloudStorage/OneDrive-Raccoltecondivise-DuckyNetworkS.r.l/E-Commerce - FOTO PRODOTTO 2019_2022_2023_2024_2025/KIT/Kit/OKWK06.jpg,OKWK06,41159886,DRY_RUN_OK,
/Users/anna.nardi/Library/CloudStorage/OneDrive-Raccoltecondivise-DuckyNetworkS.r.l/E-Commerce - FOTO PRODOTTO 2019_2022_2023_2024_2025/KIT/Kit/OKWK07.jpg,OKWK07,41159887,DRY_RUN_OK,
/Users/anna.nardi/Library/CloudStorage/OneDrive-Raccoltecondivise-DuckyNetworkS.r.l/E-Commerce - FOTO PRODOTTO 2019_2022_2023_2024_2025/KIT/Kit/OKWK08.jpg,OKWK08,41159888,DRY_RUN_OK,
/Users/anna.nardi/Library/CloudStorage/OneDrive-Raccoltecondivise-DuckyNetworkS.r.l/E-Commerce - FOTO PRODOTTO 2019_2022_2023_2024_2025/KIT/Kit/OKWK09.jpg,OKWK09,41159889,DRY_RUN_OK,
/Users/anna.nardi/Library/CloudStorage/OneDrive-Raccoltecondivise-DuckyNetworkS.r.l/E-Commerce - FOTO PRODOTTO 2019_2022_2023_2024_2025/KIT/Kit/OKWK10.jpg,OKWK10,41159890,DRY_RUN_OK,
/Users/anna.nardi/Library/CloudStorage/OneDrive-Raccoltecondivise-DuckyNetworkS.r.l/E-Commerce - FOTO PRODOTTO 2019_2022_2023_2024_2025/KIT/Kit/OKWK11.jpg,OKWK11,41159891,DRY_RUN_OK,
/Users/anna.nardi/Library/CloudStorage/OneDrive-Raccoltecondivise-DuckyNetworkS.r.l/E-Commerce - FOTO PRODOTTO 2019_2022_2023_2024_2025/KIT/Kit/OKWK12.jpg,OKWK12,41159892,DRY_RUN_OK,
/Users/anna.nardi/Library/CloudStorage/OneDrive-Raccoltecondivise-DuckyNetworkS.r.l/E-Commerce - FOTO PRODOTTO 2019_2022_2023_2024_2025/KIT/Kit/OKWL01.jpg,OKWL01,41159894,DRY_RUN_OK,
/Users/anna.nardi/Library/CloudStorage/OneDrive-Raccoltecondivise-DuckyNetworkS.r.l/E-Commerce - FOTO PRODOTTO 2019_2022_2023_2024_2025/KIT/Kit/OKWL03.jpg,OKWL03,41232133,DRY_RUN_OK,
/Users/anna.nardi/Library/CloudStorage/OneDrive-Raccoltecondivise-DuckyNetworkS.r.l/E-Commerce - FOTO PRODOTTO 2019_2022_2023_2024_2025/KIT/Kit/OKWL04.jpg,OKWL04,41227088,DRY_RUN_OK,
/Users/anna.nardi/Library/CloudStorage/OneDrive-Raccoltecondivise-DuckyNetworkS.r.l/E-Commerce - FOTO PRODOTTO 2019_2022_2023_2024_2025/KIT/Kit/OKWL06.jpg,OKWL06,41159895,DRY_RUN_OK,
/Users/anna.nardi/Library/CloudStorage/OneDrive-Raccoltecondivise-DuckyNetworkS.r.l/E-Commerce - FOTO PRODOTTO 2019_2022_2023_2024_2025/KIT/Kit/OKWL07.jpg,OKWL07,41159896,DRY_RUN_OK,
/Users/anna.nardi/Library/CloudStorage/OneDrive-Raccoltecondivise-DuckyNetworkS.r.l/E-Commerce - FOTO PRODOTTO 2019_2022_2023_2024_2025/KIT/Kit/OKWL08.jpg,OKWL08,41159897,DRY_RUN_OK,
/Users/anna.nardi/Library/CloudStorage/OneDrive-Raccoltecondivise-DuckyNetworkS.r.l/E-Commerce - FOTO PRODOTTO 2019_2022_2023_2024_2025/KIT/Kit/OKWL12.jpg,OKWL12,41159898,DRY_RUN_OK,
/Users/anna.nardi/Library/CloudStorage/OneDrive-Raccoltecondivise-DuckyNetworkS.r.l/E-Commerce - FOTO PRODOTTO 2019_2022_2023_2024_2025/KIT/Kit/OKWL14.jpg,OKWL14,41159899,DRY_RUN_OK,
/Users/anna.nardi/Library/CloudStorage/OneDrive-Raccoltecondivise-DuckyNetworkS.r.l/E-Commerce - FOTO PRODOTTO 2019_2022_2023_2024_2025/KIT/Kit/OKWL15.jpg,OKWL15,41159900,DRY_RUN_OK,
/Users/anna.nardi/Library/CloudStorage/OneDrive-Raccoltecondivise-DuckyNetworkS.r.l/E-Commerce - FOTO PRODOTTO 2019_2022_2023_2024_2025/PASTIGLIE/P1R/P1R786.jpg,P1R786,41159901,DRY_RUN_OK,
/Users/anna.nardi/Library/CloudStorage/OneDrive-Raccoltecondivise-DuckyNetworkS.r.l/E-Commerce - FOTO PRODOTTO 2019_2022_2023_2024_2025/PASTIGLIE/P1R/P1R898.jpg,P1R898,41159902,DRY_RUN_OK,
/Users/anna.nardi/Library/CloudStorage/OneDrive-Raccoltecondivise-DuckyNetworkS.r.l/E-Commerce - FOTO PRODOTTO 2019_2022_2023_2024_2025/PASTIGLIE/P1R/P1R899.jpg,P1R899,41159903,DRY_RUN_OK,
/Users/anna.nardi/Library/CloudStorage/OneDrive-Raccoltecondivise-DuckyNetworkS.r.l/E-Commerce - FOTO PRODOTTO 2019_2022_2023_2024_2025/PASTIGLIE/P1R/P1R927.jpg,P1R927,41159904,DRY_RUN_OK,
/Users/anna.nardi/Library/CloudStorage/OneDrive-Raccoltecondivise-DuckyNetworkS.r.l/E-Commerce - FOTO PRODOTTO 2019_2022_2023_2024_2025/PASTIGLIE/P1R/P1R928.jpg,P1R928,41159905,DRY_RUN_OK,
/Users/anna.nardi/Library/CloudStorage/OneDrive-Raccoltecondivise-DuckyNetworkS.r.l/E-Commerce - FOTO PRODOTTO 2019_2022_2023_2024_2025/PASTIGLIE/P1R/P1R930.jpg,P1R930,41159906,DRY_RUN_OK,
/Users/anna.nardi/Library/CloudStorage/OneDrive-Raccoltecondivise-DuckyNetworkS.r.l/E-Commerce - FOTO PRODOTTO 2019_2022_2023_2024_2025/PASTIGLIE/P1R/P1R947.jpg,P1R947,41159907,DRY_RUN_OK,
/Users/anna.nardi/Library/CloudStorage/OneDrive-Raccoltecondivise-DuckyNetworkS.r.l/E-Commerce - FOTO PRODOTTO 2019_2022_2023_2024_2025/PASTIGLIE/P2R/P2R223.jpg,P2R223,41159999,DRY_RUN_OK,
/Users/anna.nardi/Library/CloudStorage/OneDrive-Raccoltecondivise-DuckyNetworkS.r.l/E-Commerce - FOTO PRODOTTO 2019_2022_2023_2024_2025/PASTIGLIE/P2R/P2R224.jpg,P2R224,41160000,DRY_RUN_OK,
/Users/anna.nardi/Library/CloudStorage/OneDrive-Raccoltecondivise-DuckyNetworkS.r.l/E-Commerce - FOTO PRODOTTO 2019_2022_2023_2024_2025/PASTIGLIE/P2R/P2R776.jpg,P2R776,41160001,DRY_RUN_OK,
/Users/anna.nardi/Library/CloudStorage/OneDrive-Raccoltecondivise-DuckyNetworkS.r.l/E-Commerce - FOTO PRODOTTO 2019_2022_2023_2024_2025/PASTIGLIE/P2R/P2R960.jpg,P2R960,41160002,DRY_RUN_OK,
/Users/anna.nardi/Library/CloudStorage/OneDrive-Raccoltecondivise-DuckyNetworkS.r.l/E-Commerce - FOTO PRODOTTO 2019_2022_2023_2024_2025/PASTIGLIE/P2R/P2R978.jpg,P2R978,41160003,DRY_RUN_OK,
/Users/anna.nardi/Library/CloudStorage/OneDrive-Raccoltecondivise-DuckyNetworkS.r.l/E-Commerce - FOTO PRODOTTO 2019_2022_2023_2024_2025/PASTIGLIE/P2R/P2R994.jpg,P2R994,41160004,DRY_RUN_OK,
/Users/anna.nardi/Library/CloudStorage/OneDrive-Raccoltecondivise-DuckyNetworkS.r.l/E-Commerce - FOTO PRODOTTO 2019_2022_2023_2024_2025/PASTIGLIE/P30/P30653.jpg,P30653,41160007,DRY_RUN_OK,
/Users/anna.nardi/Library/CloudStorage/OneDrive-Raccoltecondivise-DuckyNetworkS.r.l/E-Commerce - FOTO PRODOTTO 2019_2022_2023_2024_2025/PASTIGLIE/P30/P30667.jpg,P30667,41160008,DRY_RUN_OK,
/Users/anna.nardi/Library/CloudStorage/OneDrive-Raccoltecondivise-DuckyNetworkS.r.l/E-Commerce - FOTO PRODOTTO 2019_2022_2023_2024_2025/PASTIGLIE/P30/P30696.jpg,P30696,41160009,DRY_RUN_OK,
/Users/anna.nardi/Library/CloudStorage/OneDrive-Raccoltecondivise-DuckyNetworkS.r.l/E-Commerce - FOTO PRODOTTO 2019_2022_2023_2024_2025/PASTIGLIE/P30/P30716.jpg,P30716,41160010,DRY_RUN_OK,
/Users/anna.nardi/Library/CloudStorage/OneDrive-Raccoltecondivise-DuckyNetworkS.r.l/E-Commerce - FOTO PRODOTTO 2019_2022_2023_2024_2025/PASTIGLIE/P30/P30725.jpg,P30725,41160011,DRY_RUN_OK,
/Users/anna.nardi/Library/CloudStorage/OneDrive-Raccoltecondivise-DuckyNetworkS.r.l/E-Commerce - FOTO PRODOTTO 2019_2022_2023_2024_2025/PASTIGLIE/P30/P30748.jpg,P30748,41160012,DRY_RUN_OK,
/Users/anna.nardi/Library/CloudStorage/OneDrive-Raccoltecondivise-DuckyNetworkS.r.l/E-Commerce - FOTO PRODOTTO 2019_2022_2023_2024_2025/PASTIGLIE/P30/P30750.jpg,P30750,41160013,DRY_RUN_OK,
/Users/anna.nardi/Library/CloudStorage/OneDrive-Raccoltecondivise-DuckyNetworkS.r.l/E-Commerce - FOTO PRODOTTO 2019_2022_2023_2024_2025/PASTIGLIE/P30/P30777.jpg,P30777,41160014,DRY_RUN_OK,
/Users/anna.nardi/Library/CloudStorage/OneDrive-Raccoltecondivise-DuckyNetworkS.r.l/E-Commerce - FOTO PRODOTTO 2019_2022_2023_2024_2025/PASTIGLIE/P30/P30786.jpg,P30786,41160015,DRY_RUN_OK,
/Users/anna.nardi/Library/CloudStorage/OneDrive-Raccoltecondivise-DuckyNetworkS.r.l/E-Commerce - FOTO PRODOTTO 2019_2022_2023_2024_2025/PASTIGLIE/P30/P30808.jpg,P30808,41160016,DRY_RUN_OK,
/Users/anna.nardi/Library/CloudStorage/OneDrive-Raccoltecondivise-DuckyNetworkS.r.l/E-Commerce - FOTO PRODOTTO 2019_2022_2023_2024_2025/PASTIGLIE/P30/P30813.jpg,P30813,41160017,DRY_RUN_OK,
/Users/anna.nardi/Library/CloudStorage/OneDrive-Raccoltecondivise-DuckyNetworkS.r.l/E-Commerce - FOTO PRODOTTO 2019_2022_2023_2024_2025/PASTIGLIE/P30/P30822.jpg,P30822,41160018,DRY_RUN_OK,
/Users/anna.nardi/Library/CloudStorage/OneDrive-Raccoltecondivise-DuckyNetworkS.r.l/E-Commerce - FOTO PRODOTTO 2019_2022_2023_2024_2025/PASTIGLIE/P30/P30828.jpg,P30828,41160019,DRY_RUN_OK,
/Users/anna.nardi/Library/CloudStorage/OneDrive-Raccoltecondivise-DuckyNetworkS.r.l/E-Commerce - FOTO PRODOTTO 2019_2022_2023_2024_2025/PASTIGLIE/P30/P30830.jpg,P30830,41160020,DRY_RUN_OK,
/Users/anna.nardi/Library/CloudStorage/OneDrive-Raccoltecondivise-DuckyNetworkS.r.l/E-Commerce - FOTO PRODOTTO 2019_2022_2023_2024_2025/PASTIGLIE/P30/P30853.jpg,P30853,41160021,DRY_RUN_OK,
/Users/anna.nardi/Library/CloudStorage/OneDrive-Raccoltecondivise-DuckyNetworkS.r.l/E-Commerce - FOTO PRODOTTO 2019_2022_2023_2024_2025/PASTIGLIE/P30/P30868.jpg,P30868,41160022,DRY_RUN_OK,
/Users/anna.nardi/Library/CloudStorage/OneDrive-Raccoltecondivise-DuckyNetworkS.r.l/E-Commerce - FOTO PRODOTTO 2019_2022_2023_2024_2025/PASTIGLIE/P30/P30888.jpg,P30888,41160023,DRY_RUN_OK,
/Users/anna.nardi/Library/CloudStorage/OneDrive-Raccoltecondivise-DuckyNetworkS.r.l/E-Commerce - FOTO PRODOTTO 2019_2022_2023_2024_2025/PASTIGLIE/P30/P30896.jpg,P30896,41160024,DRY_RUN_OK,
/Users/anna.nardi/Library/CloudStorage/OneDrive-Raccoltecondivise-DuckyNetworkS.r.l/E-Commerce - FOTO PRODOTTO 2019_2022_2023_2024_2025/PASTIGLIE/P30/P30904.jpg,P30904,41160025,DRY_RUN_OK,
/Users/anna.nardi/Library/CloudStorage/OneDrive-Raccoltecondivise-DuckyNetworkS.r.l/E-Commerce - FOTO PRODOTTO 2019_2022_2023_2024_2025/PASTIGLIE/P30/P30908.jpg,P30908,41160026,DRY_RUN_OK,
/Users/anna.nardi/Library/CloudStorage/OneDrive-Raccoltecondivise-DuckyNetworkS.r.l/E-Commerce - FOTO PRODOTTO 2019_2022_2023_2024_2025/PASTIGLIE/P30/P30910.jpg,P30910,41160027,DRY_RUN_OK,
/Users/anna.nardi/Library/CloudStorage/OneDrive-Raccoltecondivise-DuckyNetworkS.r.l/E-Commerce - FOTO PRODOTTO 2019_2022_2023_2024_2025/PASTIGLIE/P30/P30940.jpg,P30940,41160028,DRY_RUN_OK,
/Users/anna.nardi/Library/CloudStorage/OneDrive-Raccoltecondivise-DuckyNetworkS.r.l/E-Commerce - FOTO PRODOTTO 2019_2022_2023_2024_2025/PASTIGLIE/P30/P30945.jpg,P30945,41160029,DRY_RUN_OK,
/Users/anna.nardi/Library/CloudStorage/OneDrive-Raccoltecondivise-DuckyNetworkS.r.l/E-Commerce - FOTO PRODOTTO 2019_2022_2023_2024_2025/PASTIGLIE/P30/P30980.jpg,P30980,41160030,DRY_RUN_OK,
/Users/anna.nardi/Library/CloudStorage/OneDrive-Raccoltecondivise-DuckyNetworkS.r.l/E-Commerce - FOTO PRODOTTO 2019_2022_2023_2024_2025/PASTIGLIE/P50/P50707.jpg,P50707,41160031,DRY_RUN_OK,
/Users/anna.nardi/Library/CloudStorage/OneDrive-Raccoltecondivise-DuckyNetworkS.r.l/E-Commerce - FOTO PRODOTTO 2019_2022_2023_2024_2025/PASTIGLIE/P50/P50782.jpg,P50782,41160032,DRY_RUN_OK,
/Users/anna.nardi/Library/CloudStorage/OneDrive-Raccoltecondivise-DuckyNetworkS.r.l/E-Commerce - FOTO PRODOTTO 2019_2022_2023_2024_2025/PASTIGLIE/P50/P50893.jpg,P50893,41160034,DRY_RUN_OK,
/Users/anna.nardi/Library/CloudStorage/OneDrive-Raccoltecondivise-DuckyNetworkS.r.l/E-Commerce - FOTO PRODOTTO 2019_2022_2023_2024_2025/PASTIGLIE/P50/P50898.jpg,P50898,41464566,DRY_RUN_OK,
/Users/anna.nardi/Library/CloudStorage/OneDrive-Raccoltecondivise-DuckyNetworkS.r.l/E-Commerce - FOTO PRODOTTO 2019_2022_2023_2024_2025/PASTIGLIE/P50/P50928.jpg,P50928,41160035,DRY_RUN_OK,
/Users/anna.nardi/Library/CloudStorage/OneDrive-Raccoltecondivise-DuckyNetworkS.r.l/E-Commerce - FOTO PRODOTTO 2019_2022_2023_2024_2025/PASTIGLIE/P50/P50941.jpg,P50941,41160036,DRY_RUN_OK,
/Users/anna.nardi/Library/CloudStorage/OneDrive-Raccoltecondivise-DuckyNetworkS.r.l/E-Commerce - FOTO PRODOTTO 2019_2022_2023_2024_2025/PASTIGLIE/P50/P50947.jpg,P50947,41160037,DRY_RUN_OK,
/Users/anna.nardi/Library/CloudStorage/OneDrive-Raccoltecondivise-DuckyNetworkS.r.l/E-Commerce - FOTO PRODOTTO 2019_2022_2023_2024_2025/PASTIGLIE/P50/P50950.jpg,P50950,41160038,DRY_RUN_OK,
/Users/anna.nardi/Library/CloudStorage/OneDrive-Raccoltecondivise-DuckyNetworkS.r.l/E-Commerce - FOTO PRODOTTO 2019_2022_2023_2024_2025/PASTIGLIE/P90/editate laterale pastiglie/P90201.jpg,P90201,41160042,DRY_RUN_OK,
/Users/anna.nardi/Library/CloudStorage/OneDrive-Raccoltecondivise-DuckyNetworkS.r.l/E-Commerce - FOTO PRODOTTO 2019_2022_2023_2024_2025/PASTIGLIE/P90/P90202.jpg,P90202,41160043,DRY_RUN_OK,
/Users/anna.nardi/Library/CloudStorage/OneDrive-Raccoltecondivise-DuckyNetworkS.r.l/E-Commerce - FOTO PRODOTTO 2019_2022_2023_2024_2025/PASTIGLIE/P90/editate laterale pastiglie/P90203.jpg,P90203,41160044,DRY_RUN_OK,
/Users/anna.nardi/Library/CloudStorage/OneDrive-Raccoltecondivise-DuckyNetworkS.r.l/E-Commerce - FOTO PRODOTTO 2019_2022_2023_2024_2025/PASTIGLIE/P90/editate laterale pastiglie/P90204.jpg,P90204,41160045,DRY_RUN_OK,
/Users/anna.nardi/Library/CloudStorage/OneDrive-Raccoltecondivise-DuckyNetworkS.r.l/E-Commerce - FOTO PRODOTTO 2019_2022_2023_2024_2025/PASTIGLIE/P90/P90205.jpg,P90205,41160046,DRY_RUN_OK,
/Users/anna.nardi/Library/CloudStorage/OneDrive-Raccoltecondivise-DuckyNetworkS.r.l/E-Commerce - FOTO PRODOTTO 2019_2022_2023_2024_2025/PASTIGLIE/P90/editate laterale pastiglie/P90206.jpg,P90206,41160047,DRY_RUN_OK,
/Users/anna.nardi/Library/CloudStorage/OneDrive-Raccoltecondivise-DuckyNetworkS.r.l/E-Commerce - FOTO PRODOTTO 2019_2022_2023_2024_2025/PASTIGLIE/P90/editate laterale pastiglie/P90207.jpg,P90207,41160048,DRY_RUN_OK,
/Users/anna.nardi/Library/CloudStorage/OneDrive-Raccoltecondivise-DuckyNetworkS.r.l/E-Commerce - FOTO PRODOTTO 2019_2022_2023_2024_2025/PASTIGLIE/P90/editate laterale pastiglie/P90208.jpg,P90208,41160049,DRY_RUN_OK,
/Users/anna.nardi/Library/CloudStorage/OneDrive-Raccoltecondivise-DuckyNetworkS.r.l/E-Commerce - FOTO PRODOTTO 2019_2022_2023_2024_2025/PASTIGLIE/P90/editate laterale pastiglie/P90209.jpg,P90209,41160050,DRY_RUN_OK,
/Users/anna.nardi/Library/CloudStorage/OneDrive-Raccoltecondivise-DuckyNetworkS.r.l/E-Commerce - FOTO PRODOTTO 2019_2022_2023_2024_2025/PASTIGLIE/P90/editate laterale pastiglie/P90210.jpg,P90210,41160051,DRY_RUN_OK,
/Users/anna.nardi/Library/CloudStorage/OneDrive-Raccoltecondivise-DuckyNetworkS.r.l/E-Commerce - FOTO PRODOTTO 2019_2022_2023_2024_2025/PASTIGLIE/P90/editate laterale pastiglie/P90211.jpg,P90211,41160052,DRY_RUN_OK,
/Users/anna.nardi/Library/CloudStorage/OneDrive-Raccoltecondivise-DuckyNetworkS.r.l/E-Commerce - FOTO PRODOTTO 2019_2022_2023_2024_2025/PASTIGLIE/P90/editate laterale pastiglie/P90212.jpg,P90212,41160053,DRY_RUN_OK,
/Users/anna.nardi/Library/CloudStorage/OneDrive-Raccoltecondivise-DuckyNetworkS.r.l/E-Commerce - FOTO PRODOTTO 2019_2022_2023_2024_2025/PASTIGLIE/P90/editate laterale pastiglie/P90213.jpg,P90213,41160054,DRY_RUN_OK,
/Users/anna.nardi/Library/CloudStorage/OneDrive-Raccoltecondivise-DuckyNetworkS.r.l/E-Commerce - FOTO PRODOTTO 2019_2022_2023_2024_2025/PASTIGLIE/P90/editate laterale pastiglie/P90214.jpg,P90214,41160055,DRY_RUN_OK,
/Users/anna.nardi/Library/CloudStorage/OneDrive-Raccoltecondivise-DuckyNetworkS.r.l/E-Commerce - FOTO PRODOTTO 2019_2022_2023_2024_2025/PASTIGLIE/P90/editate laterale pastiglie/P90215.jpg,P90215,41160056,DRY_RUN_OK,
/Users/anna.nardi/Library/CloudStorage/OneDrive-Raccoltecondivise-DuckyNetworkS.r.l/E-Commerce - FOTO PRODOTTO 2019_2022_2023_2024_2025/PASTIGLIE/P90/editate laterale pastiglie/P90216.jpg,P90216,41160057,DRY_RUN_OK,
/Users/anna.nardi/Library/CloudStorage/OneDrive-Raccoltecondivise-DuckyNetworkS.r.l/E-Commerce - FOTO PRODOTTO 2019_2022_2023_2024_2025/PASTIGLIE/P90/editate laterale pastiglie/P90217.jpg,P90217,41160058,DRY_RUN_OK,
/Users/anna.nardi/Library/CloudStorage/OneDrive-Raccoltecondivise-DuckyNetworkS.r.l/E-Commerce - FOTO PRODOTTO 2019_2022_2023_2024_2025/DISCHI/R-FIX/PE01FI.jpg,PE01FI,41160059,DRY_RUN_OK,
/Users/anna.nardi/Library/CloudStorage/OneDrive-Raccoltecondivise-DuckyNetworkS.r.l/E-Commerce - FOTO PRODOTTO 2019_2022_2023_2024_2025/DISCHI/W-FIX/PE01FID.jpg,PE01FID,41160060,DRY_RUN_OK,
/Users/anna.nardi/Library/CloudStorage/OneDrive-Raccoltecondivise-DuckyNetworkS.r.l/E-Commerce - FOTO PRODOTTO 2019_2022_2023_2024_2025/DISCHI/R-FIX/PE02FI.jpg,PE02FI,41160061,DRY_RUN_OK,
/Users/anna.nardi/Library/CloudStorage/OneDrive-Raccoltecondivise-DuckyNetworkS.r.l/E-Commerce - FOTO PRODOTTO 2019_2022_2023_2024_2025/DISCHI/W-FIX/PE02FID.JPG,PE02FID,41160062,DRY_RUN_OK,
/Users/anna.nardi/Library/CloudStorage/OneDrive-Raccoltecondivise-DuckyNetworkS.r.l/E-Commerce - FOTO PRODOTTO 2019_2022_2023_2024_2025/DISCHI/R-FIX/PI01FI.jpg,PI01FI,41160063,DRY_RUN_OK,
/Users/anna.nardi/Library/CloudStorage/OneDrive-Raccoltecondivise-DuckyNetworkS.r.l/E-Commerce - FOTO PRODOTTO 2019_2022_2023_2024_2025/DISCHI/W-FIX/PI01FID.jpg,PI01FID,41160064,DRY_RUN_OK,
/Users/anna.nardi/Library/CloudStorage/OneDrive-Raccoltecondivise-DuckyNetworkS.r.l/E-Commerce - FOTO PRODOTTO 2019_2022_2023_2024_2025/DISCHI/R-FIX/PI03FI.jpg,PI03FI,41160065,DRY_RUN_OK,
/Users/anna.nardi/Library/CloudStorage/OneDrive-Raccoltecondivise-DuckyNetworkS.r.l/E-Commerce - FOTO PRODOTTO 2019_2022_2023_2024_2025/DISCHI/W-FIX/PI03FID.jpg,PI03FID,41160066,DRY_RUN_OK,
/Users/anna.nardi/Library/CloudStorage/OneDrive-Raccoltecondivise-DuckyNetworkS.r.l/E-Commerce - FOTO PRODOTTO 2019_2022_2023_2024_2025/DISCHI/R-FIX/PI04FI.jpg,PI04FI,41160067,DRY_RUN_OK,
/Users/anna.nardi/Library/CloudStorage/OneDrive-Raccoltecondivise-DuckyNetworkS.r.l/E-Commerce - FOTO PRODOTTO 2019_2022_2023_2024_2025/DISCHI/W-FIX/PI04FID.jpg,PI04FID,41160068,DRY_RUN_OK,
/Users/anna.nardi/Library/CloudStorage/OneDrive-Raccoltecondivise-DuckyNetworkS.r.l/E-Commerce - FOTO PRODOTTO 2019_2022_2023_2024_2025/SUPPORTI/Bracket/POW02.jpg,POW02,41160071,DRY_RUN_OK,
/Users/anna.nardi/Library/CloudStorage/OneDrive-Raccoltecondivise-DuckyNetworkS.r.l/E-Commerce - FOTO PRODOTTO 2019_2022_2023_2024_2025/SUPPORTI/Bracket/POW04.jpg,POW04,41160072,DRY_RUN_OK,
/Users/anna.nardi/Library/CloudStorage/OneDrive-Raccoltecondivise-DuckyNetworkS.r.l/E-Commerce - FOTO PRODOTTO 2019_2022_2023_2024_2025/SUPPORTI/Bracket/POW106.jpg,POW106,41160073,DRY_RUN_OK,
/Users/anna.nardi/Library/CloudStorage/OneDrive-Raccoltecondivise-DuckyNetworkS.r.l/E-Commerce - FOTO PRODOTTO 2019_2022_2023_2024_2025/SUPPORTI/Bracket/POW113.jpg,POW113,41160076,DRY_RUN_OK,
/Users/anna.nardi/Library/CloudStorage/OneDrive-Raccoltecondivise-DuckyNetworkS.r.l/E-Commerce - FOTO PRODOTTO 2019_2022_2023_2024_2025/SUPPORTI/Bracket/POW13.jpg,POW13,41160077,DRY_RUN_OK,
/Users/anna.nardi/Library/CloudStorage/OneDrive-Raccoltecondivise-DuckyNetworkS.r.l/E-Commerce - FOTO PRODOTTO 2019_2022_2023_2024_2025/SUPPORTI/Bracket/POW17.jpg,POW17,41160078,DRY_RUN_OK,
/Users/anna.nardi/Library/CloudStorage/OneDrive-Raccoltecondivise-DuckyNetworkS.r.l/E-Commerce - FOTO PRODOTTO 2019_2022_2023_2024_2025/SUPPORTI/Bracket/POW21.jpg,POW21,41160081,DRY_RUN_OK,
/Users/anna.nardi/Library/CloudStorage/OneDrive-Raccoltecondivise-DuckyNetworkS.r.l/E-Commerce - FOTO PRODOTTO 2019_2022_2023_2024_2025/SUPPORTI/Bracket/POW44.jpg,POW44,41160084,DRY_RUN_OK,
/Users/anna.nardi/Library/CloudStorage/OneDrive-Raccoltecondivise-DuckyNetworkS.r.l/E-Commerce - FOTO PRODOTTO 2019_2022_2023_2024_2025/SUPPORTI/Bracket/POW68.jpg,POW68,41160085,DRY_RUN_OK,
/Users/anna.nardi/Library/CloudStorage/OneDrive-Raccoltecondivise-DuckyNetworkS.r.l/E-Commerce - FOTO PRODOTTO 2019_2022_2023_2024_2025/SUPPORTI/Bracket/POW78.jpg,POW78,41160086,DRY_RUN_OK,
/Users/anna.nardi/Library/CloudStorage/OneDrive-Raccoltecondivise-DuckyNetworkS.r.l/E-Commerce - FOTO PRODOTTO 2019_2022_2023_2024_2025/SUPPORTI/Bracket/POW79.jpg,POW79,41160087,DRY_RUN_OK,
/Users/anna.nardi/Library/CloudStorage/OneDrive-Raccoltecondivise-DuckyNetworkS.r.l/E-Commerce - FOTO PRODOTTO 2019_2022_2023_2024_2025/SUPPORTI/Bracket/POW80.jpg,POW80,41160088,DRY_RUN_OK,
/Users/anna.nardi/Library/CloudStorage/OneDrive-Raccoltecondivise-DuckyNetworkS.r.l/E-Commerce - FOTO PRODOTTO 2019_2022_2023_2024_2025/SUPPORTI/Bracket/POW81.jpg,POW81,41160089,DRY_RUN_OK,
/Users/anna.nardi/Library/CloudStorage/OneDrive-Raccoltecondivise-DuckyNetworkS.r.l/E-Commerce - FOTO PRODOTTO 2019_2022_2023_2024_2025/SUPPORTI/Bracket/POW83.jpg,POW83,41160090,DRY_RUN_OK,
/Users/anna.nardi/Library/CloudStorage/OneDrive-Raccoltecondivise-DuckyNetworkS.r.l/E-Commerce - FOTO PRODOTTO 2019_2022_2023_2024_2025/SUPPORTI/Bracket/POW84.jpg,POW84,41160091,DRY_RUN_OK,
/Users/anna.nardi/Library/CloudStorage/OneDrive-Raccoltecondivise-DuckyNetworkS.r.l/E-Commerce - FOTO PRODOTTO 2019_2022_2023_2024_2025/BICI/Adattatori/PW2005.jpg,PW2005,41160097,DRY_RUN_OK,
/Users/anna.nardi/Library/CloudStorage/OneDrive-Raccoltecondivise-DuckyNetworkS.r.l/E-Commerce - FOTO PRODOTTO 2019_2022_2023_2024_2025/BICI/Adattatori/PW2006.jpg,PW2006,41160098,DRY_RUN_OK,
/Users/anna.nardi/Library/CloudStorage/OneDrive-Raccoltecondivise-DuckyNetworkS.r.l/E-Commerce - FOTO PRODOTTO 2019_2022_2023_2024_2025/BICI/Adattatori/PW2007.jpg,PW2007,41160099,DRY_RUN_OK,
/Users/anna.nardi/Library/CloudStorage/OneDrive-Raccoltecondivise-DuckyNetworkS.r.l/E-Commerce - FOTO PRODOTTO 2019_2022_2023_2024_2025/BICI/Adattatori/PW2008.jpg,PW2008,41160100,DRY_RUN_OK,
/Users/anna.nardi/Library/CloudStorage/OneDrive-Raccoltecondivise-DuckyNetworkS.r.l/E-Commerce - FOTO PRODOTTO 2019_2022_2023_2024_2025/SUPPORTI/Bracket/PW4011.jpg,PW4011,41160105,DRY_RUN_OK,
/Users/anna.nardi/Library/CloudStorage/OneDrive-Raccoltecondivise-DuckyNetworkS.r.l/E-Commerce - FOTO PRODOTTO 2019_2022_2023_2024_2025/POMPE/Master Cilynder/QC3601.jpg,QC3601,41160113,DRY_RUN_OK,
/Users/anna.nardi/Library/CloudStorage/OneDrive-Raccoltecondivise-DuckyNetworkS.r.l/E-Commerce - FOTO PRODOTTO 2019_2022_2023_2024_2025/POMPE/Master Cilynder/QC3603.jpg,QC3603,41160114,DRY_RUN_OK,
/Users/anna.nardi/Library/CloudStorage/OneDrive-Raccoltecondivise-DuckyNetworkS.r.l/E-Commerce - FOTO PRODOTTO 2019_2022_2023_2024_2025/POMPE/Master Cilynder/QC6601.jpg,QC6601,41160115,DRY_RUN_OK,
/Users/anna.nardi/Library/CloudStorage/OneDrive-Raccoltecondivise-DuckyNetworkS.r.l/E-Commerce - FOTO PRODOTTO 2019_2022_2023_2024_2025/POMPE/Master Cilynder/QC6603.jpg,QC6603,41160116,DRY_RUN_OK,
/Users/anna.nardi/Library/CloudStorage/OneDrive-Raccoltecondivise-DuckyNetworkS.r.l/E-Commerce - FOTO PRODOTTO 2019_2022_2023_2024_2025/DISCHI/R-FIX/RF3104.jpg,RF3104,41160117,DRY_RUN_OK,
/Users/anna.nardi/Library/CloudStorage/OneDrive-Raccoltecondivise-DuckyNetworkS.r.l/E-Commerce - FOTO PRODOTTO 2019_2022_2023_2024_2025/DISCHI/R-FIX/RF3106.jpg,RF3106,41160119,DRY_RUN_OK,
/Users/anna.nardi/Library/CloudStorage/OneDrive-Raccoltecondivise-DuckyNetworkS.r.l/E-Commerce - FOTO PRODOTTO 2019_2022_2023_2024_2025/DISCHI/R-FIX/RF3504.jpg,RF3504,41160120,DRY_RUN_OK,
/Users/anna.nardi/Library/CloudStorage/OneDrive-Raccoltecondivise-DuckyNetworkS.r.l/E-Commerce - FOTO PRODOTTO 2019_2022_2023_2024_2025/DISCHI/R-FIX/RF3505.jpg,RF3505,41160121,DRY_RUN_OK,
/Users/anna.nardi/Library/CloudStorage/OneDrive-Raccoltecondivise-DuckyNetworkS.r.l/E-Commerce - FOTO PRODOTTO 2019_2022_2023_2024_2025/DISCHI/R-FIX/RF7111.jpg,RF7111,41160122,DRY_RUN_OK,
/Users/anna.nardi/Library/CloudStorage/OneDrive-Raccoltecondivise-DuckyNetworkS.r.l/E-Commerce - FOTO PRODOTTO 2019_2022_2023_2024_2025/DISCHI/R-FIX/RF7112.jpg,RF7112,41160123,DRY_RUN_OK,
/Users/anna.nardi/Library/CloudStorage/OneDrive-Raccoltecondivise-DuckyNetworkS.r.l/E-Commerce - FOTO PRODOTTO 2019_2022_2023_2024_2025/DISCHI/R-FIX/RF7113.jpg,RF7113,41160124,DRY_RUN_OK,
/Users/anna.nardi/Library/CloudStorage/OneDrive-Raccoltecondivise-DuckyNetworkS.r.l/E-Commerce - FOTO PRODOTTO 2019_2022_2023_2024_2025/DISCHI/R-FIX/RF7519.jpg,RF7519,41160125,DRY_RUN_OK,
/Users/anna.nardi/Library/CloudStorage/OneDrive-Raccoltecondivise-DuckyNetworkS.r.l/E-Commerce - FOTO PRODOTTO 2019_2022_2023_2024_2025/DISCHI/R-FIX/RF7521.jpg,RF7521,41160126,DRY_RUN_OK,
/Users/anna.nardi/Library/CloudStorage/OneDrive-Raccoltecondivise-DuckyNetworkS.r.l/E-Commerce - FOTO PRODOTTO 2019_2022_2023_2024_2025/DISCHI/R-FIX/RF7522.jpg,RF7522,41160127,DRY_RUN_OK,
/Users/anna.nardi/Library/CloudStorage/OneDrive-Raccoltecondivise-DuckyNetworkS.r.l/E-Commerce - FOTO PRODOTTO 2019_2022_2023_2024_2025/DISCHI/R-FIX/RF7523.jpg,RF7523,41160128,DRY_RUN_OK,
/Users/anna.nardi/Library/CloudStorage/OneDrive-Raccoltecondivise-DuckyNetworkS.r.l/E-Commerce - FOTO PRODOTTO 2019_2022_2023_2024_2025/DISCHI/R-FIX/RF7524.jpg,RF7524,41160129,DRY_RUN_OK,
/Users/anna.nardi/Library/CloudStorage/OneDrive-Raccoltecondivise-DuckyNetworkS.r.l/E-Commerce - FOTO PRODOTTO 2019_2022_2023_2024_2025/DISCHI/R-FIX/RF7525.jpg,RF7525,41160130,DRY_RUN_OK,
/Users/anna.nardi/Library/CloudStorage/OneDrive-Raccoltecondivise-DuckyNetworkS.r.l/E-Commerce - FOTO PRODOTTO 2019_2022_2023_2024_2025/DISCHI/R-FIX/RF7527.jpg,RF7527,41160131,DRY_RUN_OK,
/Users/anna.nardi/Library/CloudStorage/OneDrive-Raccoltecondivise-DuckyNetworkS.r.l/E-Commerce - FOTO PRODOTTO 2019_2022_2023_2024_2025/DISCHI/R-FIX/RF7528.jpg,RF7528,41160132,DRY_RUN_OK,
/Users/anna.nardi/Library/CloudStorage/OneDrive-Raccoltecondivise-DuckyNetworkS.r.l/E-Commerce - FOTO PRODOTTO 2019_2022_2023_2024_2025/DISCHI/R-FIX/RF7530.JPG,RF7530,41160133,DRY_RUN_OK,
/Users/anna.nardi/Library/CloudStorage/OneDrive-Raccoltecondivise-DuckyNetworkS.r.l/E-Commerce - FOTO PRODOTTO 2019_2022_2023_2024_2025/DISCHI/R-FIX/RF7531.JPG,RF7531,41160134,DRY_RUN_OK,
/Users/anna.nardi/Library/CloudStorage/OneDrive-Raccoltecondivise-DuckyNetworkS.r.l/E-Commerce - FOTO PRODOTTO 2019_2022_2023_2024_2025/DISCHI/R-FIX/RF7532.jpg,RF7532,41160135,DRY_RUN_OK,
/Users/anna.nardi/Library/CloudStorage/OneDrive-Raccoltecondivise-DuckyNetworkS.r.l/E-Commerce - FOTO PRODOTTO 2019_2022_2023_2024_2025/DISCHI/R-FIX/RF7533.jpg,RF7533,41160136,DRY_RUN_OK,
/Users/anna.nardi/Library/CloudStorage/OneDrive-Raccoltecondivise-DuckyNetworkS.r.l/E-Commerce - FOTO PRODOTTO 2019_2022_2023_2024_2025/DISCHI/R-FIX/RF7534.jpg,RF7534,41160137,DRY_RUN_OK,
/Users/anna.nardi/Library/CloudStorage/OneDrive-Raccoltecondivise-DuckyNetworkS.r.l/E-Commerce - FOTO PRODOTTO 2019_2022_2023_2024_2025/DISCHI/R-FIX/RF7535.jpg,RF7535,41160138,DRY_RUN_OK,
/Users/anna.nardi/Library/CloudStorage/OneDrive-Raccoltecondivise-DuckyNetworkS.r.l/E-Commerce - FOTO PRODOTTO 2019_2022_2023_2024_2025/DISCHI/R-FIX/RF7536.jpg,RF7536,41160139,DRY_RUN_OK,
/Users/anna.nardi/Library/CloudStorage/OneDrive-Raccoltecondivise-DuckyNetworkS.r.l/E-Commerce - FOTO PRODOTTO 2019_2022_2023_2024_2025/DISCHI/R-FIX/RF7539.jpg,RF7539,41160140,DRY_RUN_OK,
/Users/anna.nardi/Library/CloudStorage/OneDrive-Raccoltecondivise-DuckyNetworkS.r.l/E-Commerce - FOTO PRODOTTO 2019_2022_2023_2024_2025/DISCHI/R-FIX/RF7540.jpg,RF7540,41160141,DRY_RUN_OK,
/Users/anna.nardi/Library/CloudStorage/OneDrive-Raccoltecondivise-DuckyNetworkS.r.l/E-Commerce - FOTO PRODOTTO 2019_2022_2023_2024_2025/DISCHI/R-FIX/RF7541.jpg,RF7541,41160142,DRY_RUN_OK,
/Users/anna.nardi/Library/CloudStorage/OneDrive-Raccoltecondivise-DuckyNetworkS.r.l/E-Commerce - FOTO PRODOTTO 2019_2022_2023_2024_2025/DISCHI/R-FIX/RF7542.jpg,RF7542,41160143,DRY_RUN_OK,
/Users/anna.nardi/Library/CloudStorage/OneDrive-Raccoltecondivise-DuckyNetworkS.r.l/E-Commerce - FOTO PRODOTTO 2019_2022_2023_2024_2025/DISCHI/R-FIX/RF7544.jpg,RF7544,41160144,DRY_RUN_OK,
/Users/anna.nardi/Library/CloudStorage/OneDrive-Raccoltecondivise-DuckyNetworkS.r.l/E-Commerce - FOTO PRODOTTO 2019_2022_2023_2024_2025/DISCHI/R-FIX/RF7545.jpg,RF7545,41160145,DRY_RUN_OK,
/Users/anna.nardi/Library/CloudStorage/OneDrive-Raccoltecondivise-DuckyNetworkS.r.l/E-Commerce - FOTO PRODOTTO 2019_2022_2023_2024_2025/DISCHI/R-FIX/RF7546.jpg,RF7546,41160146,DRY_RUN_OK,
/Users/anna.nardi/Library/CloudStorage/OneDrive-Raccoltecondivise-DuckyNetworkS.r.l/E-Commerce - FOTO PRODOTTO 2019_2022_2023_2024_2025/DISCHI/R-FIX/RF7547.jpg,RF7547,41160147,DRY_RUN_OK,
/Users/anna.nardi/Library/CloudStorage/OneDrive-Raccoltecondivise-DuckyNetworkS.r.l/E-Commerce - FOTO PRODOTTO 2019_2022_2023_2024_2025/DISCHI/R-FIX/RF7548.jpg,RF7548,41160148,DRY_RUN_OK,
/Users/anna.nardi/Library/CloudStorage/OneDrive-Raccoltecondivise-DuckyNetworkS.r.l/E-Commerce - FOTO PRODOTTO 2019_2022_2023_2024_2025/DISCHI/R-FIX/RF7549.jpg,RF7549,41160149,DRY_RUN_OK,
/Users/anna.nardi/Library/CloudStorage/OneDrive-Raccoltecondivise-DuckyNetworkS.r.l/E-Commerce - FOTO PRODOTTO 2019_2022_2023_2024_2025/DISCHI/R-FIX/RF7550.jpg,RF7550,41160150,DRY_RUN_OK,
/Users/anna.nardi/Library/CloudStorage/OneDrive-Raccoltecondivise-DuckyNetworkS.r.l/E-Commerce - FOTO PRODOTTO 2019_2022_2023_2024_2025/DISCHI/R-FIX/RF7551.jpg,RF7551,41160151,DRY_RUN_OK,
/Users/anna.nardi/Library/CloudStorage/OneDrive-Raccoltecondivise-DuckyNetworkS.r.l/E-Commerce - FOTO PRODOTTO 2019_2022_2023_2024_2025/DISCHI/R-FIX/RF7553.jpg,RF7553,41160152,DRY_RUN_OK,
/Users/anna.nardi/Library/CloudStorage/OneDrive-Raccoltecondivise-DuckyNetworkS.r.l/E-Commerce - FOTO PRODOTTO 2019_2022_2023_2024_2025/DISCHI/R-FIX/RF8114.jpg,RF8114,41160153,DRY_RUN_OK,
/Users/anna.nardi/Library/CloudStorage/OneDrive-Raccoltecondivise-DuckyNetworkS.r.l/E-Commerce - FOTO PRODOTTO 2019_2022_2023_2024_2025/DISCHI/R-FIX/RF8115.jpg,RF8115,41160154,DRY_RUN_OK,
/Users/anna.nardi/Library/CloudStorage/OneDrive-Raccoltecondivise-DuckyNetworkS.r.l/E-Commerce - FOTO PRODOTTO 2019_2022_2023_2024_2025/DISCHI/R-FIX/RF8116.jpg,RF8116,41160155,DRY_RUN_OK,
/Users/anna.nardi/Library/CloudStorage/OneDrive-Raccoltecondivise-DuckyNetworkS.r.l/E-Commerce - FOTO PRODOTTO 2019_2022_2023_2024_2025/DISCHI/R-FIX/RF8117.jpg,RF8117,41160156,DRY_RUN_OK,
/Users/anna.nardi/Library/CloudStorage/OneDrive-Raccoltecondivise-DuckyNetworkS.r.l/E-Commerce - FOTO PRODOTTO 2019_2022_2023_2024_2025/DISCHI/R-FIX/RF8118.jpg,RF8118,41160157,DRY_RUN_OK,
/Users/anna.nardi/Library/CloudStorage/OneDrive-Raccoltecondivise-DuckyNetworkS.r.l/E-Commerce - FOTO PRODOTTO 2019_2022_2023_2024_2025/DISCHI/R-FIX/RF8119.jpg,RF8119,41160158,DRY_RUN_OK,
/Users/anna.nardi/Library/CloudStorage/OneDrive-Raccoltecondivise-DuckyNetworkS.r.l/E-Commerce - FOTO PRODOTTO 2019_2022_2023_2024_2025/DISCHI/R-FIX/RF8121.jpg,RF8121,41160159,DRY_RUN_OK,
/Users/anna.nardi/Library/CloudStorage/OneDrive-Raccoltecondivise-DuckyNetworkS.r.l/E-Commerce - FOTO PRODOTTO 2019_2022_2023_2024_2025/DISCHI/R-FIX/RF8122.jpg,RF8122,41160160,DRY_RUN_OK,
/Users/anna.nardi/Library/CloudStorage/OneDrive-Raccoltecondivise-DuckyNetworkS.r.l/E-Commerce - FOTO PRODOTTO 2019_2022_2023_2024_2025/DISCHI/R-FIX/RF8123.jpg,RF8123,41160161,DRY_RUN_OK,
/Users/anna.nardi/Library/CloudStorage/OneDrive-Raccoltecondivise-DuckyNetworkS.r.l/E-Commerce - FOTO PRODOTTO 2019_2022_2023_2024_2025/DISCHI/R-FIX/RF8124.jpg,RF8124,41160162,DRY_RUN_OK,
/Users/anna.nardi/Library/CloudStorage/OneDrive-Raccoltecondivise-DuckyNetworkS.r.l/E-Commerce - FOTO PRODOTTO 2019_2022_2023_2024_2025/DISCHI/R-FIX/RF8126.jpg,RF8126,41160163,DRY_RUN_OK,
/Users/anna.nardi/Library/CloudStorage/OneDrive-Raccoltecondivise-DuckyNetworkS.r.l/E-Commerce - FOTO PRODOTTO 2019_2022_2023_2024_2025/DISCHI/R-FIX/RF8128.jpg,RF8128,41160164,DRY_RUN_OK,
/Users/anna.nardi/Library/CloudStorage/OneDrive-Raccoltecondivise-DuckyNetworkS.r.l/E-Commerce - FOTO PRODOTTO 2019_2022_2023_2024_2025/DISCHI/R-FIX/RF8129.jpg,RF8129,41160165,DRY_RUN_OK,
/Users/anna.nardi/Library/CloudStorage/OneDrive-Raccoltecondivise-DuckyNetworkS.r.l/E-Commerce - FOTO PRODOTTO 2019_2022_2023_2024_2025/DISCHI/R-FIX/RF8131.jpg,RF8131,41160166,DRY_RUN_OK,
/Users/anna.nardi/Library/CloudStorage/OneDrive-Raccoltecondivise-DuckyNetworkS.r.l/E-Commerce - FOTO PRODOTTO 2019_2022_2023_2024_2025/DISCHI/R-FIX/RF8132.jpg,RF8132,41160167,DRY_RUN_OK,
/Users/anna.nardi/Library/CloudStorage/OneDrive-Raccoltecondivise-DuckyNetworkS.r.l/E-Commerce - FOTO PRODOTTO 2019_2022_2023_2024_2025/DISCHI/R-FIX/RF8134.jpg,RF8134,41160168,DRY_RUN_OK,
/Users/anna.nardi/Library/CloudStorage/OneDrive-Raccoltecondivise-DuckyNetworkS.r.l/E-Commerce - FOTO PRODOTTO 2019_2022_2023_2024_2025/DISCHI/R-FIX/RF8135.jpg,RF8135,41160169,DRY_RUN_OK,
/Users/anna.nardi/Library/CloudStorage/OneDrive-Raccoltecondivise-DuckyNetworkS.r.l/E-Commerce - FOTO PRODOTTO 2019_2022_2023_2024_2025/DISCHI/R-FIX/RF8137.jpg,RF8137,41160170,DRY_RUN_OK,
/Users/anna.nardi/Library/CloudStorage/OneDrive-Raccoltecondivise-DuckyNetworkS.r.l/E-Commerce - FOTO PRODOTTO 2019_2022_2023_2024_2025/DISCHI/R-FIX/RF8140.jpg,RF8140,41160171,DRY_RUN_OK,
/Users/anna.nardi/Library/CloudStorage/OneDrive-Raccoltecondivise-DuckyNetworkS.r.l/E-Commerce - FOTO PRODOTTO 2019_2022_2023_2024_2025/DISCHI/R-FIX/RF8141.jpg,RF8141,41160172,DRY_RUN_OK,
/Users/anna.nardi/Library/CloudStorage/OneDrive-Raccoltecondivise-DuckyNetworkS.r.l/E-Commerce - FOTO PRODOTTO 2019_2022_2023_2024_2025/DISCHI/R-FIX/RF8143.jpg,RF8143,41160173,DRY_RUN_OK,
/Users/anna.nardi/Library/CloudStorage/OneDrive-Raccoltecondivise-DuckyNetworkS.r.l/E-Commerce - FOTO PRODOTTO 2019_2022_2023_2024_2025/DISCHI/R-FIX/RF8144S.jpg,RF8144S,41160174,DRY_RUN_OK,
/Users/anna.nardi/Library/CloudStorage/OneDrive-Raccoltecondivise-DuckyNetworkS.r.l/E-Commerce - FOTO PRODOTTO 2019_2022_2023_2024_2025/DISCHI/R-FIX/RF8145S.jpg,RF8145S,41160175,DRY_RUN_OK,
/Users/anna.nardi/Library/CloudStorage/OneDrive-Raccoltecondivise-DuckyNetworkS.r.l/E-Commerce - FOTO PRODOTTO 2019_2022_2023_2024_2025/DISCHI/R-FIX/RF8147S.jpg,RF8147S,41160178,DRY_RUN_OK,
/Users/anna.nardi/Library/CloudStorage/OneDrive-Raccoltecondivise-DuckyNetworkS.r.l/E-Commerce - FOTO PRODOTTO 2019_2022_2023_2024_2025/DISCHI/R-FIX/RF8148S.jpg,RF8148S,41160179,DRY_RUN_OK,
/Users/anna.nardi/Library/CloudStorage/OneDrive-Raccoltecondivise-DuckyNetworkS.r.l/E-Commerce - FOTO PRODOTTO 2019_2022_2023_2024_2025/DISCHI/R-FIX/RF8149S.jpg,RF8149S,41160180,DRY_RUN_OK,
/Users/anna.nardi/Library/CloudStorage/OneDrive-Raccoltecondivise-DuckyNetworkS.r.l/E-Commerce - FOTO PRODOTTO 2019_2022_2023_2024_2025/DISCHI/R-FIX/RF8150S.jpg,RF8150S,41160181,DRY_RUN_OK,
/Users/anna.nardi/Library/CloudStorage/OneDrive-Raccoltecondivise-DuckyNetworkS.r.l/E-Commerce - FOTO PRODOTTO 2019_2022_2023_2024_2025/DISCHI/R-FIX/RF8151S.jpg,RF8151S,41160182,DRY_RUN_OK,
/Users/anna.nardi/Library/CloudStorage/OneDrive-Raccoltecondivise-DuckyNetworkS.r.l/E-Commerce - FOTO PRODOTTO 2019_2022_2023_2024_2025/DISCHI/R-FIX/RF8152S.jpg,RF8152S,41160183,DRY_RUN_OK,
/Users/anna.nardi/Library/CloudStorage/OneDrive-Raccoltecondivise-DuckyNetworkS.r.l/E-Commerce - FOTO PRODOTTO 2019_2022_2023_2024_2025/DISCHI/R-FIX/RF8153S.jpg,RF8153S,41160184,DRY_RUN_OK,
/Users/anna.nardi/Library/CloudStorage/OneDrive-Raccoltecondivise-DuckyNetworkS.r.l/E-Commerce - FOTO PRODOTTO 2019_2022_2023_2024_2025/DISCHI/R-FIX/RF8154S.jpg,RF8154S,41160185,DRY_RUN_OK,
/Users/anna.nardi/Library/CloudStorage/OneDrive-Raccoltecondivise-DuckyNetworkS.r.l/E-Commerce - FOTO PRODOTTO 2019_2022_2023_2024_2025/DISCHI/R-FIX/RF8506.jpg,RF8506,41160186,DRY_RUN_OK,
/Users/anna.nardi/Library/CloudStorage/OneDrive-Raccoltecondivise-DuckyNetworkS.r.l/E-Commerce - FOTO PRODOTTO 2019_2022_2023_2024_2025/DISCHI/R-FIX/RF8507.jpg,RF8507,41160187,DRY_RUN_OK,
/Users/anna.nardi/Library/CloudStorage/OneDrive-Raccoltecondivise-DuckyNetworkS.r.l/E-Commerce - FOTO PRODOTTO 2019_2022_2023_2024_2025/DISCHI/R-FIX/RF8508.jpg,RF8508,41160188,DRY_RUN_OK,
/Users/anna.nardi/Library/CloudStorage/OneDrive-Raccoltecondivise-DuckyNetworkS.r.l/E-Commerce - FOTO PRODOTTO 2019_2022_2023_2024_2025/DISCHI/R-FIX/RF8509.jpg,RF8509,41160189,DRY_RUN_OK,
/Users/anna.nardi/Library/CloudStorage/OneDrive-Raccoltecondivise-DuckyNetworkS.r.l/E-Commerce - FOTO PRODOTTO 2019_2022_2023_2024_2025/DISCHI/R-FIX/RF8511.jpg,RF8511,41160190,DRY_RUN_OK,
/Users/anna.nardi/Library/CloudStorage/OneDrive-Raccoltecondivise-DuckyNetworkS.r.l/E-Commerce - FOTO PRODOTTO 2019_2022_2023_2024_2025/DISCHI/R-FIX/RF8512.jpg,RF8512,41160191,DRY_RUN_OK,
/Users/anna.nardi/Library/CloudStorage/OneDrive-Raccoltecondivise-DuckyNetworkS.r.l/E-Commerce - FOTO PRODOTTO 2019_2022_2023_2024_2025/DISCHI/R-FIX/RF8513.jpg,RF8513,41160192,DRY_RUN_OK,
/Users/anna.nardi/Library/CloudStorage/OneDrive-Raccoltecondivise-DuckyNetworkS.r.l/E-Commerce - FOTO PRODOTTO 2019_2022_2023_2024_2025/DISCHI/R-FIX/RF8514.jpg,RF8514,41160193,DRY_RUN_OK,
/Users/anna.nardi/Library/CloudStorage/OneDrive-Raccoltecondivise-DuckyNetworkS.r.l/E-Commerce - FOTO PRODOTTO 2019_2022_2023_2024_2025/DISCHI/R-FIX/RF8515.jpg,RF8515,41160194,DRY_RUN_OK,
/Users/anna.nardi/Library/CloudStorage/OneDrive-Raccoltecondivise-DuckyNetworkS.r.l/E-Commerce - FOTO PRODOTTO 2019_2022_2023_2024_2025/DISCHI/R-FIX/RF8516.jpg,RF8516,41160195,DRY_RUN_OK,
/Users/anna.nardi/Library/CloudStorage/OneDrive-Raccoltecondivise-DuckyNetworkS.r.l/E-Commerce - FOTO PRODOTTO 2019_2022_2023_2024_2025/DISCHI/R-FIX/RF8517.jpg,RF8517,41160196,DRY_RUN_OK,
/Users/anna.nardi/Library/CloudStorage/OneDrive-Raccoltecondivise-DuckyNetworkS.r.l/E-Commerce - FOTO PRODOTTO 2019_2022_2023_2024_2025/DISCHI/R-FIX/RF8520.jpg,RF8520,41160197,DRY_RUN_OK,
/Users/anna.nardi/Library/CloudStorage/OneDrive-Raccoltecondivise-DuckyNetworkS.r.l/E-Commerce - FOTO PRODOTTO 2019_2022_2023_2024_2025/DISCHI/R-FIX/RF8522.jpg,RF8522,41160198,DRY_RUN_OK,
/Users/anna.nardi/Library/CloudStorage/OneDrive-Raccoltecondivise-DuckyNetworkS.r.l/E-Commerce - FOTO PRODOTTO 2019_2022_2023_2024_2025/DISCHI/R-FIX/RF8523.jpg,RF8523,41160199,DRY_RUN_OK,
/Users/anna.nardi/Library/CloudStorage/OneDrive-Raccoltecondivise-DuckyNetworkS.r.l/E-Commerce - FOTO PRODOTTO 2019_2022_2023_2024_2025/DISCHI/R-FIX/RF8524S.jpg,RF8524S,41160200,DRY_RUN_OK,
/Users/anna.nardi/Library/CloudStorage/OneDrive-Raccoltecondivise-DuckyNetworkS.r.l/E-Commerce - FOTO PRODOTTO 2019_2022_2023_2024_2025/DISCHI/R-FIX/RF8525S.jpg,RF8525S,41160201,DRY_RUN_OK,
/Users/anna.nardi/Library/CloudStorage/OneDrive-Raccoltecondivise-DuckyNetworkS.r.l/E-Commerce - FOTO PRODOTTO 2019_2022_2023_2024_2025/DISCHI/R-FIX/RF8526S.jpg,RF8526S,41160202,DRY_RUN_OK,
/Users/anna.nardi/Library/CloudStorage/OneDrive-Raccoltecondivise-DuckyNetworkS.r.l/E-Commerce - FOTO PRODOTTO 2019_2022_2023_2024_2025/DISCHI/R-FIX/RF8527S.jpg,RF8527S,41160203,DRY_RUN_OK,
/Users/anna.nardi/Library/CloudStorage/OneDrive-Raccoltecondivise-DuckyNetworkS.r.l/E-Commerce - FOTO PRODOTTO 2019_2022_2023_2024_2025/DISCHI/R-FLO/RH7003.jpg,RH7003,41126660,DRY_RUN_OK,
/Users/anna.nardi/Library/CloudStorage/OneDrive-Raccoltecondivise-DuckyNetworkS.r.l/E-Commerce - FOTO PRODOTTO 2019_2022_2023_2024_2025/DISCHI/R-FLO/RH7004.jpg,RH7004,41126661,DRY_RUN_OK,
/Users/anna.nardi/Library/CloudStorage/OneDrive-Raccoltecondivise-DuckyNetworkS.r.l/E-Commerce - FOTO PRODOTTO 2019_2022_2023_2024_2025/DISCHI/R-FLO/RH7005.jpg,RH7005,41126662,DRY_RUN_OK,
/Users/anna.nardi/Library/CloudStorage/OneDrive-Raccoltecondivise-DuckyNetworkS.r.l/E-Commerce - FOTO PRODOTTO 2019_2022_2023_2024_2025/DISCHI/R-FLO/RH7007.jpg,RH7007,41160204,DRY_RUN_OK,
/Users/anna.nardi/Library/CloudStorage/OneDrive-Raccoltecondivise-DuckyNetworkS.r.l/E-Commerce - FOTO PRODOTTO 2019_2022_2023_2024_2025/DISCHI/R-FLO/RH8101L.jpg,RH8101L,41160205,DRY_RUN_OK,
/Users/anna.nardi/Library/CloudStorage/OneDrive-Raccoltecondivise-DuckyNetworkS.r.l/E-Commerce - FOTO PRODOTTO 2019_2022_2023_2024_2025/DISCHI/R-FLO/RH8101R.jpg,RH8101R,41160206,DRY_RUN_OK,
/Users/anna.nardi/Library/CloudStorage/OneDrive-Raccoltecondivise-DuckyNetworkS.r.l/E-Commerce - FOTO PRODOTTO 2019_2022_2023_2024_2025/DISCHI/R-FLO/RH8102.jpg,RH8102,41160207,DRY_RUN_OK,
/Users/anna.nardi/Library/CloudStorage/OneDrive-Raccoltecondivise-DuckyNetworkS.r.l/E-Commerce - FOTO PRODOTTO 2019_2022_2023_2024_2025/DISCHI/R-FLO/RH8501.jpg,RH8501,41160208,DRY_RUN_OK,
/Users/anna.nardi/Library/CloudStorage/OneDrive-Raccoltecondivise-DuckyNetworkS.r.l/E-Commerce - FOTO PRODOTTO 2019_2022_2023_2024_2025/DISCHI/R-FLO/RL3005.jpg,RL3005,41160209,DRY_RUN_OK,
/Users/anna.nardi/Library/CloudStorage/OneDrive-Raccoltecondivise-DuckyNetworkS.r.l/E-Commerce - FOTO PRODOTTO 2019_2022_2023_2024_2025/DISCHI/R-FLO/RL3007.jpg,RL3007,41160210,DRY_RUN_OK,
/Users/anna.nardi/Library/CloudStorage/OneDrive-Raccoltecondivise-DuckyNetworkS.r.l/E-Commerce - FOTO PRODOTTO 2019_2022_2023_2024_2025/DISCHI/R-FLO/RL7005.jpg,RL7005,41160211,DRY_RUN_OK,
/Users/anna.nardi/Library/CloudStorage/OneDrive-Raccoltecondivise-DuckyNetworkS.r.l/E-Commerce - FOTO PRODOTTO 2019_2022_2023_2024_2025/DISCHI/R-FLO/RL7006.jpg,RL7006,41160212,DRY_RUN_OK,
/Users/anna.nardi/Library/CloudStorage/OneDrive-Raccoltecondivise-DuckyNetworkS.r.l/E-Commerce - FOTO PRODOTTO 2019_2022_2023_2024_2025/DISCHI/R-FLO/RL7007.jpg,RL7007,41160213,DRY_RUN_OK,
/Users/anna.nardi/Library/CloudStorage/OneDrive-Raccoltecondivise-DuckyNetworkS.r.l/E-Commerce - FOTO PRODOTTO 2019_2022_2023_2024_2025/DISCHI/R-FLO/RL7008.jpg,RL7008,41160214,DRY_RUN_OK,
/Users/anna.nardi/Library/CloudStorage/OneDrive-Raccoltecondivise-DuckyNetworkS.r.l/E-Commerce - FOTO PRODOTTO 2019_2022_2023_2024_2025/DISCHI/R-FLO/RL7010.jpg,RL7010,41160215,DRY_RUN_OK,
/Users/anna.nardi/Library/CloudStorage/OneDrive-Raccoltecondivise-DuckyNetworkS.r.l/E-Commerce - FOTO PRODOTTO 2019_2022_2023_2024_2025/DISCHI/R-FLO/RL7011.jpg,RL7011,41160216,DRY_RUN_OK,
/Users/anna.nardi/Library/CloudStorage/OneDrive-Raccoltecondivise-DuckyNetworkS.r.l/E-Commerce - FOTO PRODOTTO 2019_2022_2023_2024_2025/DISCHI/R-FLO/RL8001.jpg,RL8001,41160217,DRY_RUN_OK,
/Users/anna.nardi/Library/CloudStorage/OneDrive-Raccoltecondivise-DuckyNetworkS.r.l/E-Commerce - FOTO PRODOTTO 2019_2022_2023_2024_2025/RACCORDI/alta ris/RN2D011A.jpg,RN2D011A,41160222,DRY_RUN_OK,
/Users/anna.nardi/Library/CloudStorage/OneDrive-Raccoltecondivise-DuckyNetworkS.r.l/E-Commerce - FOTO PRODOTTO 2019_2022_2023_2024_2025/RACCORDI/alta ris/RN3D008C.jpg,RN3D008C,41160223,DRY_RUN_OK,
/Users/anna.nardi/Library/CloudStorage/OneDrive-Raccoltecondivise-DuckyNetworkS.r.l/E-Commerce - FOTO PRODOTTO 2019_2022_2023_2024_2025/RACCORDI/alta ris/RN3D008D.jpg,RN3D008D,41160224,DRY_RUN_OK,
/Users/anna.nardi/Library/CloudStorage/OneDrive-Raccoltecondivise-DuckyNetworkS.r.l/E-Commerce - FOTO PRODOTTO 2019_2022_2023_2024_2025/RACCORDI/alta ris/RN3D009A.jpg,RN3D009A,41160225,DRY_RUN_OK,
/Users/anna.nardi/Library/CloudStorage/OneDrive-Raccoltecondivise-DuckyNetworkS.r.l/E-Commerce - FOTO PRODOTTO 2019_2022_2023_2024_2025/RACCORDI/alta ris/RN3D009B.jpg,RN3D009B,41160226,DRY_RUN_OK,
/Users/anna.nardi/Library/CloudStorage/OneDrive-Raccoltecondivise-DuckyNetworkS.r.l/E-Commerce - FOTO PRODOTTO 2019_2022_2023_2024_2025/RACCORDI/alta ris/RX0001.jpg,RX0001,41464567,DRY_RUN_OK,
/Users/anna.nardi/Library/CloudStorage/OneDrive-Raccoltecondivise-DuckyNetworkS.r.l/E-Commerce - FOTO PRODOTTO 2019_2022_2023_2024_2025/RACCORDI/alta ris/RX0002.jpg,RX0002,41464568,DRY_RUN_OK,
/Users/anna.nardi/Library/CloudStorage/OneDrive-Raccoltecondivise-DuckyNetworkS.r.l/E-Commerce - FOTO PRODOTTO 2019_2022_2023_2024_2025/RACCORDI/alta ris/RX0003.jpg,RX0003,41160227,DRY_RUN_OK,
/Users/anna.nardi/Library/CloudStorage/OneDrive-Raccoltecondivise-DuckyNetworkS.r.l/E-Commerce - FOTO PRODOTTO 2019_2022_2023_2024_2025/RACCORDI/alta ris/RX0004.jpg,RX0004,41160228,DRY_RUN_OK,
/Users/anna.nardi/Library/CloudStorage/OneDrive-Raccoltecondivise-DuckyNetworkS.r.l/E-Commerce - FOTO PRODOTTO 2019_2022_2023_2024_2025/RACCORDI/alta ris/RX0005.jpg,RX0005,41464569,DRY_RUN_OK,
/Users/anna.nardi/Library/CloudStorage/OneDrive-Raccoltecondivise-DuckyNetworkS.r.l/E-Commerce - FOTO PRODOTTO 2019_2022_2023_2024_2025/RACCORDI/alta ris/RX0006.jpg,RX0006,41160229,DRY_RUN_OK,
/Users/anna.nardi/Library/CloudStorage/OneDrive-Raccoltecondivise-DuckyNetworkS.r.l/E-Commerce - FOTO PRODOTTO 2019_2022_2023_2024_2025/RACCORDI/alta ris/RX0010.jpg,RX0010,41160232,DRY_RUN_OK,
/Users/anna.nardi/Library/CloudStorage/OneDrive-Raccoltecondivise-DuckyNetworkS.r.l/E-Commerce - FOTO PRODOTTO 2019_2022_2023_2024_2025/RACCORDI/alta ris/RX0011.jpg,RX0011,41160233,DRY_RUN_OK,
/Users/anna.nardi/Library/CloudStorage/OneDrive-Raccoltecondivise-DuckyNetworkS.r.l/E-Commerce - FOTO PRODOTTO 2019_2022_2023_2024_2025/RACCORDI/alta ris/RX0012.jpg,RX0012,41160234,DRY_RUN_OK,
/Users/anna.nardi/Library/CloudStorage/OneDrive-Raccoltecondivise-DuckyNetworkS.r.l/E-Commerce - FOTO PRODOTTO 2019_2022_2023_2024_2025/RACCORDI/alta ris/RX0013.jpg,RX0013,41160235,DRY_RUN_OK,
/Users/anna.nardi/Library/CloudStorage/OneDrive-Raccoltecondivise-DuckyNetworkS.r.l/E-Commerce - FOTO PRODOTTO 2019_2022_2023_2024_2025/RACCORDI/alta ris/RX0014.jpg,RX0014,41160236,DRY_RUN_OK,
/Users/anna.nardi/Library/CloudStorage/OneDrive-Raccoltecondivise-DuckyNetworkS.r.l/E-Commerce - FOTO PRODOTTO 2019_2022_2023_2024_2025/RACCORDI/alta ris/RX0015.jpg,RX0015,41160237,DRY_RUN_OK,
/Users/anna.nardi/Library/CloudStorage/OneDrive-Raccoltecondivise-DuckyNetworkS.r.l/E-Commerce - FOTO PRODOTTO 2019_2022_2023_2024_2025/RACCORDI/alta ris/RX0016.jpg,RX0016,41160238,DRY_RUN_OK,
/Users/anna.nardi/Library/CloudStorage/OneDrive-Raccoltecondivise-DuckyNetworkS.r.l/E-Commerce - FOTO PRODOTTO 2019_2022_2023_2024_2025/RACCORDI/alta ris/RX0017.jpg,RX0017,41160239,DRY_RUN_OK,
/Users/anna.nardi/Library/CloudStorage/OneDrive-Raccoltecondivise-DuckyNetworkS.r.l/E-Commerce - FOTO PRODOTTO 2019_2022_2023_2024_2025/BICI/Dischi bici/S32007.jpg,S32007,41160240,DRY_RUN_OK,
/Users/anna.nardi/Library/CloudStorage/OneDrive-Raccoltecondivise-DuckyNetworkS.r.l/E-Commerce - FOTO PRODOTTO 2019_2022_2023_2024_2025/BICI/Dischi bici/S32008.jpg,S32008,41160241,DRY_RUN_OK,
/Users/anna.nardi/Library/CloudStorage/OneDrive-Raccoltecondivise-DuckyNetworkS.r.l/E-Commerce - FOTO PRODOTTO 2019_2022_2023_2024_2025/BICI/Dischi bici/S32009.jpg,S32009,41160242,DRY_RUN_OK,
/Users/anna.nardi/Library/CloudStorage/OneDrive-Raccoltecondivise-DuckyNetworkS.r.l/E-Commerce - FOTO PRODOTTO 2019_2022_2023_2024_2025/BICI/Dischi bici/S32010.jpg,S32010,41160243,DRY_RUN_OK,
/Users/anna.nardi/Library/CloudStorage/OneDrive-Raccoltecondivise-DuckyNetworkS.r.l/E-Commerce - FOTO PRODOTTO 2019_2022_2023_2024_2025/DISCHI/S3/S34001.jpg,S34001,41160244,DRY_RUN_OK,
/Users/anna.nardi/Library/CloudStorage/OneDrive-Raccoltecondivise-DuckyNetworkS.r.l/E-Commerce - FOTO PRODOTTO 2019_2022_2023_2024_2025/DISCHI/S3/S34002.jpg,S34002,41160245,DRY_RUN_OK,
/Users/anna.nardi/Library/CloudStorage/OneDrive-Raccoltecondivise-DuckyNetworkS.r.l/E-Commerce - FOTO PRODOTTO 2019_2022_2023_2024_2025/DISCHI/S3/S34003.jpg,S34003,41160246,DRY_RUN_OK,
/Users/anna.nardi/Library/CloudStorage/OneDrive-Raccoltecondivise-DuckyNetworkS.r.l/E-Commerce - FOTO PRODOTTO 2019_2022_2023_2024_2025/DISCHI/S3/S34004.jpg,S34004,41160247,DRY_RUN_OK,
/Users/anna.nardi/Library/CloudStorage/OneDrive-Raccoltecondivise-DuckyNetworkS.r.l/E-Commerce - FOTO PRODOTTO 2019_2022_2023_2024_2025/DISCHI/S3/S34005.jpg,S34005,41160248,DRY_RUN_OK,
/Users/anna.nardi/Library/CloudStorage/OneDrive-Raccoltecondivise-DuckyNetworkS.r.l/E-Commerce - FOTO PRODOTTO 2019_2022_2023_2024_2025/DISCHI/S3/S34006.jpg,S34006,41160249,DRY_RUN_OK,
/Users/anna.nardi/Library/CloudStorage/OneDrive-Raccoltecondivise-DuckyNetworkS.r.l/E-Commerce - FOTO PRODOTTO 2019_2022_2023_2024_2025/DISCHI/S3/S34007.jpg,S34007,41160250,DRY_RUN_OK,
/Users/anna.nardi/Library/CloudStorage/OneDrive-Raccoltecondivise-DuckyNetworkS.r.l/E-Commerce - FOTO PRODOTTO 2019_2022_2023_2024_2025/DISCHI/S3/S34008.jpg,S34008,41160251,DRY_RUN_OK,
/Users/anna.nardi/Library/CloudStorage/OneDrive-Raccoltecondivise-DuckyNetworkS.r.l/E-Commerce - FOTO PRODOTTO 2019_2022_2023_2024_2025/DISCHI/S3/S34009.jpg,S34009,41160252,DRY_RUN_OK,
/Users/anna.nardi/Library/CloudStorage/OneDrive-Raccoltecondivise-DuckyNetworkS.r.l/E-Commerce - FOTO PRODOTTO 2019_2022_2023_2024_2025/DISCHI/S3/S34010.jpg,S34010,41160253,DRY_RUN_OK,
/Users/anna.nardi/Library/CloudStorage/OneDrive-Raccoltecondivise-DuckyNetworkS.r.l/E-Commerce - FOTO PRODOTTO 2019_2022_2023_2024_2025/DISCHI/S3/S34011.jpg,S34011,41160254,DRY_RUN_OK,
/Users/anna.nardi/Library/CloudStorage/OneDrive-Raccoltecondivise-DuckyNetworkS.r.l/E-Commerce - FOTO PRODOTTO 2019_2022_2023_2024_2025/DISCHI/S3/S34012.jpg,S34012,41160255,DRY_RUN_OK,
/Users/anna.nardi/Library/CloudStorage/OneDrive-Raccoltecondivise-DuckyNetworkS.r.l/E-Commerce - FOTO PRODOTTO 2019_2022_2023_2024_2025/DISCHI/S3/S34013.jpg,S34013,41160256,DRY_RUN_OK,
/Users/anna.nardi/Library/CloudStorage/OneDrive-Raccoltecondivise-DuckyNetworkS.r.l/E-Commerce - FOTO PRODOTTO 2019_2022_2023_2024_2025/DISCHI/S3/S34014.jpg,S34014,41160257,DRY_RUN_OK,
/Users/anna.nardi/Library/CloudStorage/OneDrive-Raccoltecondivise-DuckyNetworkS.r.l/E-Commerce - FOTO PRODOTTO 2019_2022_2023_2024_2025/DISCHI/S3/S3 Posteriore/S34501.jpg,S34501,41160258,DRY_RUN_OK,
/Users/anna.nardi/Library/CloudStorage/OneDrive-Raccoltecondivise-DuckyNetworkS.r.l/E-Commerce - FOTO PRODOTTO 2019_2022_2023_2024_2025/DISCHI/S3/S3 Posteriore/S34502.jpg,S34502,41160259,DRY_RUN_OK,
/Users/anna.nardi/Library/CloudStorage/OneDrive-Raccoltecondivise-DuckyNetworkS.r.l/E-Commerce - FOTO PRODOTTO 2019_2022_2023_2024_2025/DISCHI/S3/S3 Posteriore/S34503.jpg,S34503,41160260,DRY_RUN_OK,
/Users/anna.nardi/Library/CloudStorage/OneDrive-Raccoltecondivise-DuckyNetworkS.r.l/E-Commerce - FOTO PRODOTTO 2019_2022_2023_2024_2025/DISCHI/S3/S3 Posteriore/S34504.jpg,S34504,41160261,DRY_RUN_OK,
/Users/anna.nardi/Library/CloudStorage/OneDrive-Raccoltecondivise-DuckyNetworkS.r.l/E-Commerce - FOTO PRODOTTO 2019_2022_2023_2024_2025/DISCHI/S3/S3 Posteriore/S34505.jpg,S34505,41160262,DRY_RUN_OK,
/Users/anna.nardi/Library/CloudStorage/OneDrive-Raccoltecondivise-DuckyNetworkS.r.l/E-Commerce - FOTO PRODOTTO 2019_2022_2023_2024_2025/DISCHI/S3/S38003.jpg,S38003,41160263,DRY_RUN_OK,
/Users/anna.nardi/Library/CloudStorage/OneDrive-Raccoltecondivise-DuckyNetworkS.r.l/E-Commerce - FOTO PRODOTTO 2019_2022_2023_2024_2025/DISCHI/S3/S38004.jpg,S38004,41160264,DRY_RUN_OK,
/Users/anna.nardi/Library/CloudStorage/OneDrive-Raccoltecondivise-DuckyNetworkS.r.l/E-Commerce - FOTO PRODOTTO 2019_2022_2023_2024_2025/DISCHI/S3/S38005.jpg,S38005,41160265,DRY_RUN_OK,
/Users/anna.nardi/Library/CloudStorage/OneDrive-Raccoltecondivise-DuckyNetworkS.r.l/E-Commerce - FOTO PRODOTTO 2019_2022_2023_2024_2025/DISCHI/S3/S38006.jpg,S38006,41160266,DRY_RUN_OK,
/Users/anna.nardi/Library/CloudStorage/OneDrive-Raccoltecondivise-DuckyNetworkS.r.l/E-Commerce - FOTO PRODOTTO 2019_2022_2023_2024_2025/DISCHI/S3/S38007.jpg,S38007,41160267,DRY_RUN_OK,
/Users/anna.nardi/Library/CloudStorage/OneDrive-Raccoltecondivise-DuckyNetworkS.r.l/E-Commerce - FOTO PRODOTTO 2019_2022_2023_2024_2025/DISCHI/S3/S38009.jpg,S38009,41160268,DRY_RUN_OK,
/Users/anna.nardi/Library/CloudStorage/OneDrive-Raccoltecondivise-DuckyNetworkS.r.l/E-Commerce - FOTO PRODOTTO 2019_2022_2023_2024_2025/DISCHI/S3/S38012.jpg,S38012,41160269,DRY_RUN_OK,
/Users/anna.nardi/Library/CloudStorage/OneDrive-Raccoltecondivise-DuckyNetworkS.r.l/E-Commerce - FOTO PRODOTTO 2019_2022_2023_2024_2025/DISCHI/S3/S38014.jpg,S38014,41160270,DRY_RUN_OK,
/Users/anna.nardi/Library/CloudStorage/OneDrive-Raccoltecondivise-DuckyNetworkS.r.l/E-Commerce - FOTO PRODOTTO 2019_2022_2023_2024_2025/DISCHI/S3/S38016.jpg,S38016,41160271,DRY_RUN_OK,
/Users/anna.nardi/Library/CloudStorage/OneDrive-Raccoltecondivise-DuckyNetworkS.r.l/E-Commerce - FOTO PRODOTTO 2019_2022_2023_2024_2025/DISCHI/S3/S38017.jpg,S38017,41160272,DRY_RUN_OK,
/Users/anna.nardi/Library/CloudStorage/OneDrive-Raccoltecondivise-DuckyNetworkS.r.l/E-Commerce - FOTO PRODOTTO 2019_2022_2023_2024_2025/DISCHI/S3/S38020.jpg,S38020,41160273,DRY_RUN_OK,
/Users/anna.nardi/Library/CloudStorage/OneDrive-Raccoltecondivise-DuckyNetworkS.r.l/E-Commerce - FOTO PRODOTTO 2019_2022_2023_2024_2025/DISCHI/S3/S38022.jpg,S38022,41160274,DRY_RUN_OK,
/Users/anna.nardi/Library/CloudStorage/OneDrive-Raccoltecondivise-DuckyNetworkS.r.l/E-Commerce - FOTO PRODOTTO 2019_2022_2023_2024_2025/DISCHI/R-STX/STX01.jpg,STX01,41160279,DRY_RUN_OK,
/Users/anna.nardi/Library/CloudStorage/OneDrive-Raccoltecondivise-DuckyNetworkS.r.l/E-Commerce - FOTO PRODOTTO 2019_2022_2023_2024_2025/DISCHI/R-STX/STX04.jpg,STX04,41160280,DRY_RUN_OK,
/Users/anna.nardi/Library/CloudStorage/OneDrive-Raccoltecondivise-DuckyNetworkS.r.l/E-Commerce - FOTO PRODOTTO 2019_2022_2023_2024_2025/DISCHI/R-STX/STX05.jpg,STX05,41160281,DRY_RUN_OK,
/Users/anna.nardi/Library/CloudStorage/OneDrive-Raccoltecondivise-DuckyNetworkS.r.l/E-Commerce - FOTO PRODOTTO 2019_2022_2023_2024_2025/DISCHI/R-STX/STX06.jpg,STX06,41160282,DRY_RUN_OK,
/Users/anna.nardi/Library/CloudStorage/OneDrive-Raccoltecondivise-DuckyNetworkS.r.l/E-Commerce - FOTO PRODOTTO 2019_2022_2023_2024_2025/DISCHI/R-STX/STX08.jpg,STX08,41160283,DRY_RUN_OK,
/Users/anna.nardi/Library/CloudStorage/OneDrive-Raccoltecondivise-DuckyNetworkS.r.l/E-Commerce - FOTO PRODOTTO 2019_2022_2023_2024_2025/DISCHI/R-STX/STX09.jpg,STX09,41160284,DRY_RUN_OK,
/Users/anna.nardi/Library/CloudStorage/OneDrive-Raccoltecondivise-DuckyNetworkS.r.l/E-Commerce - FOTO PRODOTTO 2019_2022_2023_2024_2025/DISCHI/R-STX/STX10.jpg,STX10,41160285,DRY_RUN_OK,
/Users/anna.nardi/Library/CloudStorage/OneDrive-Raccoltecondivise-DuckyNetworkS.r.l/E-Commerce - FOTO PRODOTTO 2019_2022_2023_2024_2025/DISCHI/R-STX/STX101.jpg,STX101,41160286,DRY_RUN_OK,
/Users/anna.nardi/Library/CloudStorage/OneDrive-Raccoltecondivise-DuckyNetworkS.r.l/E-Commerce - FOTO PRODOTTO 2019_2022_2023_2024_2025/DISCHI/R-STX/STX11.jpg,STX11,41160287,DRY_RUN_OK,
/Users/anna.nardi/Library/CloudStorage/OneDrive-Raccoltecondivise-DuckyNetworkS.r.l/E-Commerce - FOTO PRODOTTO 2019_2022_2023_2024_2025/DISCHI/R-STX/STX110.jpg,STX110,41160288,DRY_RUN_OK,
/Users/anna.nardi/Library/CloudStorage/OneDrive-Raccoltecondivise-DuckyNetworkS.r.l/E-Commerce - FOTO PRODOTTO 2019_2022_2023_2024_2025/DISCHI/R-STX/STX112.jpg,STX112,41160289,DRY_RUN_OK,
/Users/anna.nardi/Library/CloudStorage/OneDrive-Raccoltecondivise-DuckyNetworkS.r.l/E-Commerce - FOTO PRODOTTO 2019_2022_2023_2024_2025/DISCHI/R-STX/STX113.jpg,STX113,41160290,DRY_RUN_OK,
/Users/anna.nardi/Library/CloudStorage/OneDrive-Raccoltecondivise-DuckyNetworkS.r.l/E-Commerce - FOTO PRODOTTO 2019_2022_2023_2024_2025/DISCHI/R-STX/STX12.jpg,STX12,41160291,DRY_RUN_OK,
/Users/anna.nardi/Library/CloudStorage/OneDrive-Raccoltecondivise-DuckyNetworkS.r.l/E-Commerce - FOTO PRODOTTO 2019_2022_2023_2024_2025/DISCHI/R-STX/STX125.jpg,STX125,41160292,DRY_RUN_OK,
/Users/anna.nardi/Library/CloudStorage/OneDrive-Raccoltecondivise-DuckyNetworkS.r.l/E-Commerce - FOTO PRODOTTO 2019_2022_2023_2024_2025/DISCHI/R-STX/STX134.jpg,STX134,41160293,DRY_RUN_OK,
/Users/anna.nardi/Library/CloudStorage/OneDrive-Raccoltecondivise-DuckyNetworkS.r.l/E-Commerce - FOTO PRODOTTO 2019_2022_2023_2024_2025/DISCHI/R-STX/STX136.jpg,STX136,41160294,DRY_RUN_OK,
/Users/anna.nardi/Library/CloudStorage/OneDrive-Raccoltecondivise-DuckyNetworkS.r.l/E-Commerce - FOTO PRODOTTO 2019_2022_2023_2024_2025/DISCHI/R-STX/STX142.jpg,STX142,41160295,DRY_RUN_OK,
/Users/anna.nardi/Library/CloudStorage/OneDrive-Raccoltecondivise-DuckyNetworkS.r.l/E-Commerce - FOTO PRODOTTO 2019_2022_2023_2024_2025/DISCHI/R-STX/STX144.jpg,STX144,41160296,DRY_RUN_OK,
/Users/anna.nardi/Library/CloudStorage/OneDrive-Raccoltecondivise-DuckyNetworkS.r.l/E-Commerce - FOTO PRODOTTO 2019_2022_2023_2024_2025/DISCHI/R-STX/STX149.jpg,STX149,41160297,DRY_RUN_OK,
/Users/anna.nardi/Library/CloudStorage/OneDrive-Raccoltecondivise-DuckyNetworkS.r.l/E-Commerce - FOTO PRODOTTO 2019_2022_2023_2024_2025/DISCHI/R-STX/STX15.jpg,STX15,41160298,DRY_RUN_OK,
/Users/anna.nardi/Library/CloudStorage/OneDrive-Raccoltecondivise-DuckyNetworkS.r.l/E-Commerce - FOTO PRODOTTO 2019_2022_2023_2024_2025/DISCHI/R-STX/STX17.jpg,STX17,41160299,DRY_RUN_OK,
/Users/anna.nardi/Library/CloudStorage/OneDrive-Raccoltecondivise-DuckyNetworkS.r.l/E-Commerce - FOTO PRODOTTO 2019_2022_2023_2024_2025/DISCHI/R-STX/STX20.jpg,STX20,41160300,DRY_RUN_OK,
/Users/anna.nardi/Library/CloudStorage/OneDrive-Raccoltecondivise-DuckyNetworkS.r.l/E-Commerce - FOTO PRODOTTO 2019_2022_2023_2024_2025/DISCHI/R-STX/STX21.jpg,STX21,41160301,DRY_RUN_OK,
/Users/anna.nardi/Library/CloudStorage/OneDrive-Raccoltecondivise-DuckyNetworkS.r.l/E-Commerce - FOTO PRODOTTO 2019_2022_2023_2024_2025/DISCHI/R-STX/STX29.jpg,STX29,41160302,DRY_RUN_OK,
/Users/anna.nardi/Library/CloudStorage/OneDrive-Raccoltecondivise-DuckyNetworkS.r.l/E-Commerce - FOTO PRODOTTO 2019_2022_2023_2024_2025/DISCHI/R-STX/STX33.jpg,STX33,41160303,DRY_RUN_OK,
/Users/anna.nardi/Library/CloudStorage/OneDrive-Raccoltecondivise-DuckyNetworkS.r.l/E-Commerce - FOTO PRODOTTO 2019_2022_2023_2024_2025/DISCHI/R-STX/STX36.jpg,STX36,41160304,DRY_RUN_OK,
/Users/anna.nardi/Library/CloudStorage/OneDrive-Raccoltecondivise-DuckyNetworkS.r.l/E-Commerce - FOTO PRODOTTO 2019_2022_2023_2024_2025/DISCHI/R-STX/STX39.jpg,STX39,41160305,DRY_RUN_OK,
/Users/anna.nardi/Library/CloudStorage/OneDrive-Raccoltecondivise-DuckyNetworkS.r.l/E-Commerce - FOTO PRODOTTO 2019_2022_2023_2024_2025/DISCHI/R-STX/STX40.jpg,STX40,41160306,DRY_RUN_OK,
/Users/anna.nardi/Library/CloudStorage/OneDrive-Raccoltecondivise-DuckyNetworkS.r.l/E-Commerce - FOTO PRODOTTO 2019_2022_2023_2024_2025/DISCHI/R-STX/STX41.jpg,STX41,41160307,DRY_RUN_OK,
/Users/anna.nardi/Library/CloudStorage/OneDrive-Raccoltecondivise-DuckyNetworkS.r.l/E-Commerce - FOTO PRODOTTO 2019_2022_2023_2024_2025/DISCHI/R-STX/STX43.jpg,STX43,41160308,DRY_RUN_OK,
/Users/anna.nardi/Library/CloudStorage/OneDrive-Raccoltecondivise-DuckyNetworkS.r.l/E-Commerce - FOTO PRODOTTO 2019_2022_2023_2024_2025/DISCHI/R-STX/STX46.jpg,STX46,41160309,DRY_RUN_OK,
/Users/anna.nardi/Library/CloudStorage/OneDrive-Raccoltecondivise-DuckyNetworkS.r.l/E-Commerce - FOTO PRODOTTO 2019_2022_2023_2024_2025/DISCHI/R-STX/STX47.jpg,STX47,41160310,DRY_RUN_OK,
/Users/anna.nardi/Library/CloudStorage/OneDrive-Raccoltecondivise-DuckyNetworkS.r.l/E-Commerce - FOTO PRODOTTO 2019_2022_2023_2024_2025/DISCHI/R-STX/STX62.jpg,STX62,41160311,DRY_RUN_OK,
/Users/anna.nardi/Library/CloudStorage/OneDrive-Raccoltecondivise-DuckyNetworkS.r.l/E-Commerce - FOTO PRODOTTO 2019_2022_2023_2024_2025/DISCHI/R-STX/STX66.jpg,STX66,41160312,DRY_RUN_OK,
/Users/anna.nardi/Library/CloudStorage/OneDrive-Raccoltecondivise-DuckyNetworkS.r.l/E-Commerce - FOTO PRODOTTO 2019_2022_2023_2024_2025/DISCHI/R-STX/STX67.jpg,STX67,41160313,DRY_RUN_OK,
/Users/anna.nardi/Library/CloudStorage/OneDrive-Raccoltecondivise-DuckyNetworkS.r.l/E-Commerce - FOTO PRODOTTO 2019_2022_2023_2024_2025/DISCHI/R-STX/STX68.jpg,STX68,41160314,DRY_RUN_OK,
/Users/anna.nardi/Library/CloudStorage/OneDrive-Raccoltecondivise-DuckyNetworkS.r.l/E-Commerce - FOTO PRODOTTO 2019_2022_2023_2024_2025/DISCHI/R-STX/STX69.jpg,STX69,41160315,DRY_RUN_OK,
/Users/anna.nardi/Library/CloudStorage/OneDrive-Raccoltecondivise-DuckyNetworkS.r.l/E-Commerce - FOTO PRODOTTO 2019_2022_2023_2024_2025/DISCHI/R-STX/STX70.jpg,STX70,41160316,DRY_RUN_OK,
/Users/anna.nardi/Library/CloudStorage/OneDrive-Raccoltecondivise-DuckyNetworkS.r.l/E-Commerce - FOTO PRODOTTO 2019_2022_2023_2024_2025/DISCHI/R-STX/STX71.jpg,STX71,41160317,DRY_RUN_OK,
/Users/anna.nardi/Library/CloudStorage/OneDrive-Raccoltecondivise-DuckyNetworkS.r.l/E-Commerce - FOTO PRODOTTO 2019_2022_2023_2024_2025/DISCHI/R-STX/STX73.jpg,STX73,41160318,DRY_RUN_OK,
/Users/anna.nardi/Library/CloudStorage/OneDrive-Raccoltecondivise-DuckyNetworkS.r.l/E-Commerce - FOTO PRODOTTO 2019_2022_2023_2024_2025/DISCHI/R-STX/STX74.jpg,STX74,41160319,DRY_RUN_OK,
/Users/anna.nardi/Library/CloudStorage/OneDrive-Raccoltecondivise-DuckyNetworkS.r.l/E-Commerce - FOTO PRODOTTO 2019_2022_2023_2024_2025/DISCHI/R-STX/STX76.jpg,STX76,41160320,DRY_RUN_OK,
/Users/anna.nardi/Library/CloudStorage/OneDrive-Raccoltecondivise-DuckyNetworkS.r.l/E-Commerce - FOTO PRODOTTO 2019_2022_2023_2024_2025/DISCHI/R-STX/STX78.jpg,STX78,41160321,DRY_RUN_OK,
/Users/anna.nardi/Library/CloudStorage/OneDrive-Raccoltecondivise-DuckyNetworkS.r.l/E-Commerce - FOTO PRODOTTO 2019_2022_2023_2024_2025/DISCHI/R-STX/STX80.jpg,STX80,41160322,DRY_RUN_OK,
/Users/anna.nardi/Library/CloudStorage/OneDrive-Raccoltecondivise-DuckyNetworkS.r.l/E-Commerce - FOTO PRODOTTO 2019_2022_2023_2024_2025/DISCHI/R-STX/STX83.jpg,STX83,41160323,DRY_RUN_OK,
/Users/anna.nardi/Library/CloudStorage/OneDrive-Raccoltecondivise-DuckyNetworkS.r.l/E-Commerce - FOTO PRODOTTO 2019_2022_2023_2024_2025/DISCHI/R-STX/STX90.jpg,STX90,41160324,DRY_RUN_OK,
/Users/anna.nardi/Library/CloudStorage/OneDrive-Raccoltecondivise-DuckyNetworkS.r.l/E-Commerce - FOTO PRODOTTO 2019_2022_2023_2024_2025/DISCHI/R-STX/STX92.jpg,STX92,41160325,DRY_RUN_OK,
/Users/anna.nardi/Library/CloudStorage/OneDrive-Raccoltecondivise-DuckyNetworkS.r.l/E-Commerce - FOTO PRODOTTO 2019_2022_2023_2024_2025/DISCHI/R-STX/STX93.jpg,STX93,41160326,DRY_RUN_OK,
/Users/anna.nardi/Library/CloudStorage/OneDrive-Raccoltecondivise-DuckyNetworkS.r.l/E-Commerce - FOTO PRODOTTO 2019_2022_2023_2024_2025/DISCHI/R-STX/STX94.jpg,STX94,41160327,DRY_RUN_OK,
/Users/anna.nardi/Library/CloudStorage/OneDrive-Raccoltecondivise-DuckyNetworkS.r.l/E-Commerce - FOTO PRODOTTO 2019_2022_2023_2024_2025/DISCHI/R-STX/STX95.jpg,STX95,41160328,DRY_RUN_OK,
/Users/anna.nardi/Library/CloudStorage/OneDrive-Raccoltecondivise-DuckyNetworkS.r.l/E-Commerce - FOTO PRODOTTO 2019_2022_2023_2024_2025/DISCHI/R-STX/STX96.jpg,STX96,41160329,DRY_RUN_OK,
/Users/anna.nardi/Library/CloudStorage/OneDrive-Raccoltecondivise-DuckyNetworkS.r.l/E-Commerce - FOTO PRODOTTO 2019_2022_2023_2024_2025/DISCHI/R-STX/STX97.jpg,STX97,41160330,DRY_RUN_OK,
/Users/anna.nardi/Library/CloudStorage/OneDrive-Raccoltecondivise-DuckyNetworkS.r.l/E-Commerce - FOTO PRODOTTO 2019_2022_2023_2024_2025/DISCHI/R-STX/STX98.jpg,STX98,41160331,DRY_RUN_OK,
/Users/anna.nardi/Library/CloudStorage/OneDrive-Raccoltecondivise-DuckyNetworkS.r.l/E-Commerce - FOTO PRODOTTO 2019_2022_2023_2024_2025/DISCHI/W-FIX/SZ01FID.jpg,SZ01FID,41160332,DRY_RUN_OK,
/Users/anna.nardi/Library/CloudStorage/OneDrive-Raccoltecondivise-DuckyNetworkS.r.l/E-Commerce - FOTO PRODOTTO 2019_2022_2023_2024_2025/DISCHI/W-FIX/SZ01RID.jpg,SZ01RID,41160333,DRY_RUN_OK,
/Users/anna.nardi/Library/CloudStorage/OneDrive-Raccoltecondivise-DuckyNetworkS.r.l/E-Commerce - FOTO PRODOTTO 2019_2022_2023_2024_2025/DISCHI/R-FIX/SZ04RI.jpg,SZ04RI,41160334,DRY_RUN_OK,
/Users/anna.nardi/Library/CloudStorage/OneDrive-Raccoltecondivise-DuckyNetworkS.r.l/E-Commerce - FOTO PRODOTTO 2019_2022_2023_2024_2025/DISCHI/R-FIX/SZ05RI.jpg,SZ05RI,41160335,DRY_RUN_OK,
/Users/anna.nardi/Library/CloudStorage/OneDrive-Raccoltecondivise-DuckyNetworkS.r.l/E-Commerce - FOTO PRODOTTO 2019_2022_2023_2024_2025/DISCHI/R-FIX/SZ08RI.jpg,SZ08RI,41160336,DRY_RUN_OK,
/Users/anna.nardi/Library/CloudStorage/OneDrive-Raccoltecondivise-DuckyNetworkS.r.l/E-Commerce - FOTO PRODOTTO 2019_2022_2023_2024_2025/DISCHI/W-FIX/SZ08RID.jpg,SZ08RID,41160337,DRY_RUN_OK,
/Users/anna.nardi/Library/CloudStorage/OneDrive-Raccoltecondivise-DuckyNetworkS.r.l/E-Commerce - FOTO PRODOTTO 2019_2022_2023_2024_2025/DISCHI/R-FIX/SZ09FI.jpg,SZ09FI,41160338,DRY_RUN_OK,
/Users/anna.nardi/Library/CloudStorage/OneDrive-Raccoltecondivise-DuckyNetworkS.r.l/E-Commerce - FOTO PRODOTTO 2019_2022_2023_2024_2025/DISCHI/R-FIX/SZ14RI.jpg,SZ14RI,41160339,DRY_RUN_OK,
/Users/anna.nardi/Library/CloudStorage/OneDrive-Raccoltecondivise-DuckyNetworkS.r.l/E-Commerce - FOTO PRODOTTO 2019_2022_2023_2024_2025/DISCHI/R-FIX/SZ15FL.jpg,SZ15FL,41160340,DRY_RUN_OK,
/Users/anna.nardi/Library/CloudStorage/OneDrive-Raccoltecondivise-DuckyNetworkS.r.l/E-Commerce - FOTO PRODOTTO 2019_2022_2023_2024_2025/DISCHI/R-FIX/SZ15RI.jpg,SZ15RI,41160341,DRY_RUN_OK,
/Users/anna.nardi/Library/CloudStorage/OneDrive-Raccoltecondivise-DuckyNetworkS.r.l/E-Commerce - FOTO PRODOTTO 2019_2022_2023_2024_2025/DISCHI/W-FIX/SZ16FID.jpg,SZ16FID,41160342,DRY_RUN_OK,
/Users/anna.nardi/Library/CloudStorage/OneDrive-Raccoltecondivise-DuckyNetworkS.r.l/E-Commerce - FOTO PRODOTTO 2019_2022_2023_2024_2025/DISCHI/W-FIX/SZ21RID.jpg,SZ21RID,41160343,DRY_RUN_OK,
/Users/anna.nardi/Library/CloudStorage/OneDrive-Raccoltecondivise-DuckyNetworkS.r.l/E-Commerce - FOTO PRODOTTO 2019_2022_2023_2024_2025/DISCHI/R-FIX/SZ22RI.jpg,SZ22RI,41160344,DRY_RUN_OK,
/Users/anna.nardi/Library/CloudStorage/OneDrive-Raccoltecondivise-DuckyNetworkS.r.l/E-Commerce - FOTO PRODOTTO 2019_2022_2023_2024_2025/DISCHI/W-FIX/SZ22RID.jpg,SZ22RID,41160345,DRY_RUN_OK,
/Users/anna.nardi/Library/CloudStorage/OneDrive-Raccoltecondivise-DuckyNetworkS.r.l/E-Commerce - FOTO PRODOTTO 2019_2022_2023_2024_2025/DISCHI/R-FIX/SZ24FI.jpg,SZ24FI,41160346,DRY_RUN_OK,
/Users/anna.nardi/Library/CloudStorage/OneDrive-Raccoltecondivise-DuckyNetworkS.r.l/E-Commerce - FOTO PRODOTTO 2019_2022_2023_2024_2025/DISCHI/R-FIX/SZ24RI.jpg,SZ24RI,41160347,DRY_RUN_OK,
/Users/anna.nardi/Library/CloudStorage/OneDrive-Raccoltecondivise-DuckyNetworkS.r.l/E-Commerce - FOTO PRODOTTO 2019_2022_2023_2024_2025/DISCHI/W-FIX/SZ24RID.jpg,SZ24RID,41160348,DRY_RUN_OK,
/Users/anna.nardi/Library/CloudStorage/OneDrive-Raccoltecondivise-DuckyNetworkS.r.l/E-Commerce - FOTO PRODOTTO 2019_2022_2023_2024_2025/DISCHI/W-FIX/SZ26FID.jpg,SZ26FID,41160349,DRY_RUN_OK,
/Users/anna.nardi/Library/CloudStorage/OneDrive-Raccoltecondivise-DuckyNetworkS.r.l/E-Commerce - FOTO PRODOTTO 2019_2022_2023_2024_2025/DISCHI/W-FIX/SZ30FID.jpg,SZ30FID,41160350,DRY_RUN_OK,
/Users/anna.nardi/Library/CloudStorage/OneDrive-Raccoltecondivise-DuckyNetworkS.r.l/E-Commerce - FOTO PRODOTTO 2019_2022_2023_2024_2025/DISCHI/R-FIX/SZ32FI.jpg,SZ32FI,41160351,DRY_RUN_OK,
/Users/anna.nardi/Library/CloudStorage/OneDrive-Raccoltecondivise-DuckyNetworkS.r.l/E-Commerce - FOTO PRODOTTO 2019_2022_2023_2024_2025/DISCHI/W-FIX/SZ33RID.jpg,SZ33RID,41160352,DRY_RUN_OK,
/Users/anna.nardi/Library/CloudStorage/OneDrive-Raccoltecondivise-DuckyNetworkS.r.l/E-Commerce - FOTO PRODOTTO 2019_2022_2023_2024_2025/DISCHI/W-FIX/SZ35RID.jpg,SZ35RID,41160353,DRY_RUN_OK,
/Users/anna.nardi/Library/CloudStorage/OneDrive-Raccoltecondivise-DuckyNetworkS.r.l/E-Commerce - FOTO PRODOTTO 2019_2022_2023_2024_2025/DISCHI/W-FIX/SZ37FID.jpg,SZ37FID,41160354,DRY_RUN_OK,
/Users/anna.nardi/Library/CloudStorage/OneDrive-Raccoltecondivise-DuckyNetworkS.r.l/E-Commerce - FOTO PRODOTTO 2019_2022_2023_2024_2025/DISCHI/W-FIX/SZ38RID.jpg,SZ38RID,41160355,DRY_RUN_OK,
/Users/anna.nardi/Library/CloudStorage/OneDrive-Raccoltecondivise-DuckyNetworkS.r.l/E-Commerce - FOTO PRODOTTO 2019_2022_2023_2024_2025/DISCHI/W-FIX/SZ40RID.jpg,SZ40RID,41160356,DRY_RUN_OK,
/Users/anna.nardi/Library/CloudStorage/OneDrive-Raccoltecondivise-DuckyNetworkS.r.l/E-Commerce - FOTO PRODOTTO 2019_2022_2023_2024_2025/DISCHI/W-FIX/SZ41RID.jpg,SZ41RID,41160357,DRY_RUN_OK,
/Users/anna.nardi/Library/CloudStorage/OneDrive-Raccoltecondivise-DuckyNetworkS.r.l/E-Commerce - FOTO PRODOTTO 2019_2022_2023_2024_2025/DISCHI/W-FIX/SZ42RID.jpg,SZ42RID,41160358,DRY_RUN_OK,
/Users/anna.nardi/Library/CloudStorage/OneDrive-Raccoltecondivise-DuckyNetworkS.r.l/E-Commerce - FOTO PRODOTTO 2019_2022_2023_2024_2025/DISCHI/W-FIX/SZ43FID.jpg,SZ43FID,41160359,DRY_RUN_OK,
/Users/anna.nardi/Library/CloudStorage/OneDrive-Raccoltecondivise-DuckyNetworkS.r.l/E-Commerce - FOTO PRODOTTO 2019_2022_2023_2024_2025/DISCHI/W-FIX/SZ43RID.jpg,SZ43RID,41160360,DRY_RUN_OK,
/Users/anna.nardi/Library/CloudStorage/OneDrive-Raccoltecondivise-DuckyNetworkS.r.l/E-Commerce - FOTO PRODOTTO 2019_2022_2023_2024_2025/DISCHI/W-FIX/SZ44RID.jpg,SZ44RID,41160361,DRY_RUN_OK,
/Users/anna.nardi/Library/CloudStorage/OneDrive-Raccoltecondivise-DuckyNetworkS.r.l/E-Commerce - FOTO PRODOTTO 2019_2022_2023_2024_2025/BICI/Varie/TB0001.jpg,TB0001,41160362,DRY_RUN_OK,
/Users/anna.nardi/Library/CloudStorage/OneDrive-Raccoltecondivise-DuckyNetworkS.r.l/E-Commerce - FOTO PRODOTTO 2019_2022_2023_2024_2025/DISCHI/W-FLO/TR03FLD.jpg,TR03FLD,41160367,DRY_RUN_OK,
/Users/anna.nardi/Library/CloudStorage/OneDrive-Raccoltecondivise-DuckyNetworkS.r.l/E-Commerce - FOTO PRODOTTO 2019_2022_2023_2024_2025/DISCHI/W-FIX/TR03RID.jpg,TR03RID,41160368,DRY_RUN_OK,
/Users/anna.nardi/Library/CloudStorage/OneDrive-Raccoltecondivise-DuckyNetworkS.r.l/E-Commerce - FOTO PRODOTTO 2019_2022_2023_2024_2025/TUBI/alta ris/TX015C.jpg,TX015C,41160369,DRY_RUN_OK,
/Users/anna.nardi/Library/CloudStorage/OneDrive-Raccoltecondivise-DuckyNetworkS.r.l/E-Commerce - FOTO PRODOTTO 2019_2022_2023_2024_2025/TUBI/alta ris/TX015T.jpg,TX015T,41160370,DRY_RUN_OK,
/Users/anna.nardi/Library/CloudStorage/OneDrive-Raccoltecondivise-DuckyNetworkS.r.l/E-Commerce - FOTO PRODOTTO 2019_2022_2023_2024_2025/TUBI/alta ris/TX020C.jpg,TX020C,41160371,DRY_RUN_OK,
/Users/anna.nardi/Library/CloudStorage/OneDrive-Raccoltecondivise-DuckyNetworkS.r.l/E-Commerce - FOTO PRODOTTO 2019_2022_2023_2024_2025/TUBI/alta ris/TX020T.jpg,TX020T,41160372,DRY_RUN_OK,
/Users/anna.nardi/Library/CloudStorage/OneDrive-Raccoltecondivise-DuckyNetworkS.r.l/E-Commerce - FOTO PRODOTTO 2019_2022_2023_2024_2025/TUBI/alta ris/TX025C.jpg,TX025C,41160373,DRY_RUN_OK,
/Users/anna.nardi/Library/CloudStorage/OneDrive-Raccoltecondivise-DuckyNetworkS.r.l/E-Commerce - FOTO PRODOTTO 2019_2022_2023_2024_2025/TUBI/alta ris/TX025T.jpg,TX025T,41160374,DRY_RUN_OK,
/Users/anna.nardi/Library/CloudStorage/OneDrive-Raccoltecondivise-DuckyNetworkS.r.l/E-Commerce - FOTO PRODOTTO 2019_2022_2023_2024_2025/TUBI/alta ris/TX030C.jpg,TX030C,41160375,DRY_RUN_OK,
/Users/anna.nardi/Library/CloudStorage/OneDrive-Raccoltecondivise-DuckyNetworkS.r.l/E-Commerce - FOTO PRODOTTO 2019_2022_2023_2024_2025/TUBI/alta ris/TX030T.jpg,TX030T,41160376,DRY_RUN_OK,
/Users/anna.nardi/Library/CloudStorage/OneDrive-Raccoltecondivise-DuckyNetworkS.r.l/E-Commerce - FOTO PRODOTTO 2019_2022_2023_2024_2025/TUBI/alta ris/TX035C.jpg,TX035C,41160377,DRY_RUN_OK,
/Users/anna.nardi/Library/CloudStorage/OneDrive-Raccoltecondivise-DuckyNetworkS.r.l/E-Commerce - FOTO PRODOTTO 2019_2022_2023_2024_2025/TUBI/alta ris/TX035T.jpg,TX035T,41160378,DRY_RUN_OK,
/Users/anna.nardi/Library/CloudStorage/OneDrive-Raccoltecondivise-DuckyNetworkS.r.l/E-Commerce - FOTO PRODOTTO 2019_2022_2023_2024_2025/TUBI/alta ris/TX040C.jpg,TX040C,41160379,DRY_RUN_OK,
/Users/anna.nardi/Library/CloudStorage/OneDrive-Raccoltecondivise-DuckyNetworkS.r.l/E-Commerce - FOTO PRODOTTO 2019_2022_2023_2024_2025/TUBI/alta ris/TX040T.jpg,TX040T,41464571,DRY_RUN_OK,
/Users/anna.nardi/Library/CloudStorage/OneDrive-Raccoltecondivise-DuckyNetworkS.r.l/E-Commerce - FOTO PRODOTTO 2019_2022_2023_2024_2025/TUBI/alta ris/TX045C.jpg,TX045C,41160380,DRY_RUN_OK,
/Users/anna.nardi/Library/CloudStorage/OneDrive-Raccoltecondivise-DuckyNetworkS.r.l/E-Commerce - FOTO PRODOTTO 2019_2022_2023_2024_2025/TUBI/alta ris/TX045T.jpg,TX045T,41160381,DRY_RUN_OK,
/Users/anna.nardi/Library/CloudStorage/OneDrive-Raccoltecondivise-DuckyNetworkS.r.l/E-Commerce - FOTO PRODOTTO 2019_2022_2023_2024_2025/TUBI/alta ris/TX050C.jpg,TX050C,41160382,DRY_RUN_OK,
/Users/anna.nardi/Library/CloudStorage/OneDrive-Raccoltecondivise-DuckyNetworkS.r.l/E-Commerce - FOTO PRODOTTO 2019_2022_2023_2024_2025/TUBI/alta ris/TX050T.jpg,TX050T,41160383,DRY_RUN_OK,
/Users/anna.nardi/Library/CloudStorage/OneDrive-Raccoltecondivise-DuckyNetworkS.r.l/E-Commerce - FOTO PRODOTTO 2019_2022_2023_2024_2025/TUBI/alta ris/TX055C.jpg,TX055C,41160384,DRY_RUN_OK,
/Users/anna.nardi/Library/CloudStorage/OneDrive-Raccoltecondivise-DuckyNetworkS.r.l/E-Commerce - FOTO PRODOTTO 2019_2022_2023_2024_2025/TUBI/alta ris/TX055T.jpg,TX055T,41160385,DRY_RUN_OK,
/Users/anna.nardi/Library/CloudStorage/OneDrive-Raccoltecondivise-DuckyNetworkS.r.l/E-Commerce - FOTO PRODOTTO 2019_2022_2023_2024_2025/TUBI/alta ris/TX060C.jpg,TX060C,41160386,DRY_RUN_OK,
/Users/anna.nardi/Library/CloudStorage/OneDrive-Raccoltecondivise-DuckyNetworkS.r.l/E-Commerce - FOTO PRODOTTO 2019_2022_2023_2024_2025/TUBI/alta ris/TX060T.jpg,TX060T,41464572,DRY_RUN_OK,
/Users/anna.nardi/Library/CloudStorage/OneDrive-Raccoltecondivise-DuckyNetworkS.r.l/E-Commerce - FOTO PRODOTTO 2019_2022_2023_2024_2025/TUBI/alta ris/TX065C.jpg,TX065C,41160387,DRY_RUN_OK,
/Users/anna.nardi/Library/CloudStorage/OneDrive-Raccoltecondivise-DuckyNetworkS.r.l/E-Commerce - FOTO PRODOTTO 2019_2022_2023_2024_2025/TUBI/alta ris/TX065T.jpg,TX065T,41160388,DRY_RUN_OK,
/Users/anna.nardi/Library/CloudStorage/OneDrive-Raccoltecondivise-DuckyNetworkS.r.l/E-Commerce - FOTO PRODOTTO 2019_2022_2023_2024_2025/TUBI/alta ris/TX070C.jpg,TX070C,41160389,DRY_RUN_OK,
/Users/anna.nardi/Library/CloudStorage/OneDrive-Raccoltecondivise-DuckyNetworkS.r.l/E-Commerce - FOTO PRODOTTO 2019_2022_2023_2024_2025/TUBI/alta ris/TX070T.jpg,TX070T,41160390,DRY_RUN_OK,
/Users/anna.nardi/Library/CloudStorage/OneDrive-Raccoltecondivise-DuckyNetworkS.r.l/E-Commerce - FOTO PRODOTTO 2019_2022_2023_2024_2025/TUBI/alta ris/TX075C.jpg,TX075C,41160391,DRY_RUN_OK,
/Users/anna.nardi/Library/CloudStorage/OneDrive-Raccoltecondivise-DuckyNetworkS.r.l/E-Commerce - FOTO PRODOTTO 2019_2022_2023_2024_2025/TUBI/alta ris/TX075T.jpg,TX075T,41160392,DRY_RUN_OK,
/Users/anna.nardi/Library/CloudStorage/OneDrive-Raccoltecondivise-DuckyNetworkS.r.l/E-Commerce - FOTO PRODOTTO 2019_2022_2023_2024_2025/TUBI/alta ris/TX080C.jpg,TX080C,41160393,DRY_RUN_OK,
/Users/anna.nardi/Library/CloudStorage/OneDrive-Raccoltecondivise-DuckyNetworkS.r.l/E-Commerce - FOTO PRODOTTO 2019_2022_2023_2024_2025/TUBI/alta ris/TX080T.jpg,TX080T,41160394,DRY_RUN_OK,
/Users/anna.nardi/Library/CloudStorage/OneDrive-Raccoltecondivise-DuckyNetworkS.r.l/E-Commerce - FOTO PRODOTTO 2019_2022_2023_2024_2025/TUBI/alta ris/TX085C.jpg,TX085C,41160395,DRY_RUN_OK,
/Users/anna.nardi/Library/CloudStorage/OneDrive-Raccoltecondivise-DuckyNetworkS.r.l/E-Commerce - FOTO PRODOTTO 2019_2022_2023_2024_2025/TUBI/alta ris/TX085T.jpg,TX085T,41160396,DRY_RUN_OK,
/Users/anna.nardi/Library/CloudStorage/OneDrive-Raccoltecondivise-DuckyNetworkS.r.l/E-Commerce - FOTO PRODOTTO 2019_2022_2023_2024_2025/TUBI/alta ris/TX090C.jpg,TX090C,41160397,DRY_RUN_OK,
/Users/anna.nardi/Library/CloudStorage/OneDrive-Raccoltecondivise-DuckyNetworkS.r.l/E-Commerce - FOTO PRODOTTO 2019_2022_2023_2024_2025/TUBI/alta ris/TX090T.jpg,TX090T,41160398,DRY_RUN_OK,
/Users/anna.nardi/Library/CloudStorage/OneDrive-Raccoltecondivise-DuckyNetworkS.r.l/E-Commerce - FOTO PRODOTTO 2019_2022_2023_2024_2025/TUBI/alta ris/TX095C.jpg,TX095C,41160399,DRY_RUN_OK,
/Users/anna.nardi/Library/CloudStorage/OneDrive-Raccoltecondivise-DuckyNetworkS.r.l/E-Commerce - FOTO PRODOTTO 2019_2022_2023_2024_2025/TUBI/alta ris/TX095T.jpg,TX095T,41160400,DRY_RUN_OK,
/Users/anna.nardi/Library/CloudStorage/OneDrive-Raccoltecondivise-DuckyNetworkS.r.l/E-Commerce - FOTO PRODOTTO 2019_2022_2023_2024_2025/TUBI/alta ris/TX100C.jpg,TX100C,41160401,DRY_RUN_OK,
/Users/anna.nardi/Library/CloudStorage/OneDrive-Raccoltecondivise-DuckyNetworkS.r.l/E-Commerce - FOTO PRODOTTO 2019_2022_2023_2024_2025/TUBI/alta ris/TX100T.jpg,TX100T,41160402,DRY_RUN_OK,
/Users/anna.nardi/Library/CloudStorage/OneDrive-Raccoltecondivise-DuckyNetworkS.r.l/E-Commerce - FOTO PRODOTTO 2019_2022_2023_2024_2025/TUBI/alta ris/TX105C.jpg,TX105C,41160403,DRY_RUN_OK,
/Users/anna.nardi/Library/CloudStorage/OneDrive-Raccoltecondivise-DuckyNetworkS.r.l/E-Commerce - FOTO PRODOTTO 2019_2022_2023_2024_2025/TUBI/alta ris/TX105T.jpg,TX105T,41160404,DRY_RUN_OK,
/Users/anna.nardi/Library/CloudStorage/OneDrive-Raccoltecondivise-DuckyNetworkS.r.l/E-Commerce - FOTO PRODOTTO 2019_2022_2023_2024_2025/TUBI/alta ris/TX110C.jpg,TX110C,41160405,DRY_RUN_OK,
/Users/anna.nardi/Library/CloudStorage/OneDrive-Raccoltecondivise-DuckyNetworkS.r.l/E-Commerce - FOTO PRODOTTO 2019_2022_2023_2024_2025/TUBI/alta ris/TX110T.jpg,TX110T,41160406,DRY_RUN_OK,
/Users/anna.nardi/Library/CloudStorage/OneDrive-Raccoltecondivise-DuckyNetworkS.r.l/E-Commerce - FOTO PRODOTTO 2019_2022_2023_2024_2025/TUBI/alta ris/TX120C.jpg,TX120C,41160407,DRY_RUN_OK,
/Users/anna.nardi/Library/CloudStorage/OneDrive-Raccoltecondivise-DuckyNetworkS.r.l/E-Commerce - FOTO PRODOTTO 2019_2022_2023_2024_2025/TUBI/alta ris/TX120T.jpg,TX120T,41160409,DRY_RUN_OK,
/Users/anna.nardi/Library/CloudStorage/OneDrive-Raccoltecondivise-DuckyNetworkS.r.l/E-Commerce - FOTO PRODOTTO 2019_2022_2023_2024_2025/TUBI/alta ris/TX130C.jpg,TX130C,41160411,DRY_RUN_OK,
/Users/anna.nardi/Library/CloudStorage/OneDrive-Raccoltecondivise-DuckyNetworkS.r.l/E-Commerce - FOTO PRODOTTO 2019_2022_2023_2024_2025/TUBI/alta ris/TX130T.jpg,TX130T,41160412,DRY_RUN_OK,
/Users/anna.nardi/Library/CloudStorage/OneDrive-Raccoltecondivise-DuckyNetworkS.r.l/E-Commerce - FOTO PRODOTTO 2019_2022_2023_2024_2025/TUBI/alta ris/TX140C.jpg,TX140C,41160413,DRY_RUN_OK,
/Users/anna.nardi/Library/CloudStorage/OneDrive-Raccoltecondivise-DuckyNetworkS.r.l/E-Commerce - FOTO PRODOTTO 2019_2022_2023_2024_2025/TUBI/alta ris/TX140T.jpg,TX140T,41160414,DRY_RUN_OK,
/Users/anna.nardi/Library/CloudStorage/OneDrive-Raccoltecondivise-DuckyNetworkS.r.l/E-Commerce - FOTO PRODOTTO 2019_2022_2023_2024_2025/TUBI/alta ris/TX150C.jpg,TX150C,41160415,DRY_RUN_OK,
/Users/anna.nardi/Library/CloudStorage/OneDrive-Raccoltecondivise-DuckyNetworkS.r.l/E-Commerce - FOTO PRODOTTO 2019_2022_2023_2024_2025/TUBI/alta ris/TX150T.jpg,TX150T,41160416,DRY_RUN_OK,
/Users/anna.nardi/Library/CloudStorage/OneDrive-Raccoltecondivise-DuckyNetworkS.r.l/E-Commerce - FOTO PRODOTTO 2019_2022_2023_2024_2025/BICI/Dischi bici/WF2009.jpg,WF2009,41160417,DRY_RUN_OK,
/Users/anna.nardi/Library/CloudStorage/OneDrive-Raccoltecondivise-DuckyNetworkS.r.l/E-Commerce - FOTO PRODOTTO 2019_2022_2023_2024_2025/BICI/Dischi bici/WF2010.jpg,WF2010,41160418,DRY_RUN_OK,
/Users/anna.nardi/Library/CloudStorage/OneDrive-Raccoltecondivise-DuckyNetworkS.r.l/E-Commerce - FOTO PRODOTTO 2019_2022_2023_2024_2025/BICI/Dischi bici/WF2011.jpg,WF2011,41160419,DRY_RUN_OK,
/Users/anna.nardi/Library/CloudStorage/OneDrive-Raccoltecondivise-DuckyNetworkS.r.l/E-Commerce - FOTO PRODOTTO 2019_2022_2023_2024_2025/BICI/Dischi bici/WF2012.jpg,WF2012,41160420,DRY_RUN_OK,
/Users/anna.nardi/Library/CloudStorage/OneDrive-Raccoltecondivise-DuckyNetworkS.r.l/E-Commerce - FOTO PRODOTTO 2019_2022_2023_2024_2025/DISCHI/W-FIX/WF3501.jpg,WF3501,41160423,DRY_RUN_OK,
/Users/anna.nardi/Library/CloudStorage/OneDrive-Raccoltecondivise-DuckyNetworkS.r.l/E-Commerce - FOTO PRODOTTO 2019_2022_2023_2024_2025/DISCHI/W-FIX/WF4101.jpg,WF4101,41160424,DRY_RUN_OK,
/Users/anna.nardi/Library/CloudStorage/OneDrive-Raccoltecondivise-DuckyNetworkS.r.l/E-Commerce - FOTO PRODOTTO 2019_2022_2023_2024_2025/DISCHI/W-FIX/WF4102.jpg,WF4102,41160425,DRY_RUN_OK,
/Users/anna.nardi/Library/CloudStorage/OneDrive-Raccoltecondivise-DuckyNetworkS.r.l/E-Commerce - FOTO PRODOTTO 2019_2022_2023_2024_2025/DISCHI/W-FIX/WF4103.jpg,WF4103,41160426,DRY_RUN_OK,
/Users/anna.nardi/Library/CloudStorage/OneDrive-Raccoltecondivise-DuckyNetworkS.r.l/E-Commerce - FOTO PRODOTTO 2019_2022_2023_2024_2025/DISCHI/W-FIX/WF4104.jpg,WF4104,41160427,DRY_RUN_OK,
/Users/anna.nardi/Library/CloudStorage/OneDrive-Raccoltecondivise-DuckyNetworkS.r.l/E-Commerce - FOTO PRODOTTO 2019_2022_2023_2024_2025/DISCHI/W-FIX/WF4105.jpg,WF4105,41160428,DRY_RUN_OK,
/Users/anna.nardi/Library/CloudStorage/OneDrive-Raccoltecondivise-DuckyNetworkS.r.l/E-Commerce - FOTO PRODOTTO 2019_2022_2023_2024_2025/DISCHI/W-FIX/WF4106.jpg,WF4106,41160429,DRY_RUN_OK,
/Users/anna.nardi/Library/CloudStorage/OneDrive-Raccoltecondivise-DuckyNetworkS.r.l/E-Commerce - FOTO PRODOTTO 2019_2022_2023_2024_2025/DISCHI/W-FIX/WF4108.jpg,WF4108,41160430,DRY_RUN_OK,
/Users/anna.nardi/Library/CloudStorage/OneDrive-Raccoltecondivise-DuckyNetworkS.r.l/E-Commerce - FOTO PRODOTTO 2019_2022_2023_2024_2025/DISCHI/W-FIX/WF4501.jpg,WF4501,41160431,DRY_RUN_OK,
/Users/anna.nardi/Library/CloudStorage/OneDrive-Raccoltecondivise-DuckyNetworkS.r.l/E-Commerce - FOTO PRODOTTO 2019_2022_2023_2024_2025/DISCHI/W-FIX/WF4504.jpg,WF4504,41160432,DRY_RUN_OK,
/Users/anna.nardi/Library/CloudStorage/OneDrive-Raccoltecondivise-DuckyNetworkS.r.l/E-Commerce - FOTO PRODOTTO 2019_2022_2023_2024_2025/DISCHI/W-FIX/WF4505.jpg,WF4505,41160433,DRY_RUN_OK,
/Users/anna.nardi/Library/CloudStorage/OneDrive-Raccoltecondivise-DuckyNetworkS.r.l/E-Commerce - FOTO PRODOTTO 2019_2022_2023_2024_2025/DISCHI/W-FIX/WF4506.jpg,WF4506,41160434,DRY_RUN_OK,
/Users/anna.nardi/Library/CloudStorage/OneDrive-Raccoltecondivise-DuckyNetworkS.r.l/E-Commerce - FOTO PRODOTTO 2019_2022_2023_2024_2025/DISCHI/W-FIX/WF4507.jpg,WF4507,41160435,DRY_RUN_OK,
/Users/anna.nardi/Library/CloudStorage/OneDrive-Raccoltecondivise-DuckyNetworkS.r.l/E-Commerce - FOTO PRODOTTO 2019_2022_2023_2024_2025/DISCHI/W-FIX/WF4508.jpg,WF4508,41160436,DRY_RUN_OK,
/Users/anna.nardi/Library/CloudStorage/OneDrive-Raccoltecondivise-DuckyNetworkS.r.l/E-Commerce - FOTO PRODOTTO 2019_2022_2023_2024_2025/DISCHI/W-FIX/WF4509.jpg,WF4509,41160437,DRY_RUN_OK,
/Users/anna.nardi/Library/CloudStorage/OneDrive-Raccoltecondivise-DuckyNetworkS.r.l/E-Commerce - FOTO PRODOTTO 2019_2022_2023_2024_2025/DISCHI/W-FIX/WF4510.jpg,WF4510,41160438,DRY_RUN_OK,
/Users/anna.nardi/Library/CloudStorage/OneDrive-Raccoltecondivise-DuckyNetworkS.r.l/E-Commerce - FOTO PRODOTTO 2019_2022_2023_2024_2025/DISCHI/W-FIX/WF4511.jpg,WF4511,41160439,DRY_RUN_OK,
/Users/anna.nardi/Library/CloudStorage/OneDrive-Raccoltecondivise-DuckyNetworkS.r.l/E-Commerce - FOTO PRODOTTO 2019_2022_2023_2024_2025/DISCHI/W-FIX/WF4512.jpg,WF4512,41160440,DRY_RUN_OK,
/Users/anna.nardi/Library/CloudStorage/OneDrive-Raccoltecondivise-DuckyNetworkS.r.l/E-Commerce - FOTO PRODOTTO 2019_2022_2023_2024_2025/DISCHI/W-FIX/WF4513.jpg,WF4513,41160441,DRY_RUN_OK,
/Users/anna.nardi/Library/CloudStorage/OneDrive-Raccoltecondivise-DuckyNetworkS.r.l/E-Commerce - FOTO PRODOTTO 2019_2022_2023_2024_2025/DISCHI/W-FIX/WF4514.jpg,WF4514,41160442,DRY_RUN_OK,
/Users/anna.nardi/Library/CloudStorage/OneDrive-Raccoltecondivise-DuckyNetworkS.r.l/E-Commerce - FOTO PRODOTTO 2019_2022_2023_2024_2025/DISCHI/W-FIX/WF4515.jpg,WF4515,41160443,DRY_RUN_OK,
/Users/anna.nardi/Library/CloudStorage/OneDrive-Raccoltecondivise-DuckyNetworkS.r.l/E-Commerce - FOTO PRODOTTO 2019_2022_2023_2024_2025/DISCHI/W-FIX/WF4516.jpg,WF4516,41160444,DRY_RUN_OK,
/Users/anna.nardi/Library/CloudStorage/OneDrive-Raccoltecondivise-DuckyNetworkS.r.l/E-Commerce - FOTO PRODOTTO 2019_2022_2023_2024_2025/DISCHI/W-FIX/WF7101.jpg,WF7101,41160445,DRY_RUN_OK,
/Users/anna.nardi/Library/CloudStorage/OneDrive-Raccoltecondivise-DuckyNetworkS.r.l/E-Commerce - FOTO PRODOTTO 2019_2022_2023_2024_2025/DISCHI/W-FIX/WF7102.jpg,WF7102,41160446,DRY_RUN_OK,
/Users/anna.nardi/Library/CloudStorage/OneDrive-Raccoltecondivise-DuckyNetworkS.r.l/E-Commerce - FOTO PRODOTTO 2019_2022_2023_2024_2025/DISCHI/W-FIX/WF7103.jpg,WF7103,41160447,DRY_RUN_OK,
/Users/anna.nardi/Library/CloudStorage/OneDrive-Raccoltecondivise-DuckyNetworkS.r.l/E-Commerce - FOTO PRODOTTO 2019_2022_2023_2024_2025/DISCHI/W-FIX/WF7104.jpg,WF7104,41160448,DRY_RUN_OK,
/Users/anna.nardi/Library/CloudStorage/OneDrive-Raccoltecondivise-DuckyNetworkS.r.l/E-Commerce - FOTO PRODOTTO 2019_2022_2023_2024_2025/DISCHI/W-FIX/WF7106.jpg,WF7106,41160449,DRY_RUN_OK,
/Users/anna.nardi/Library/CloudStorage/OneDrive-Raccoltecondivise-DuckyNetworkS.r.l/E-Commerce - FOTO PRODOTTO 2019_2022_2023_2024_2025/DISCHI/W-FIX/WF7107.jpg,WF7107,41160450,DRY_RUN_OK,
/Users/anna.nardi/Library/CloudStorage/OneDrive-Raccoltecondivise-DuckyNetworkS.r.l/E-Commerce - FOTO PRODOTTO 2019_2022_2023_2024_2025/DISCHI/W-FIX/WF7108.jpg,WF7108,41160451,DRY_RUN_OK,
/Users/anna.nardi/Library/CloudStorage/OneDrive-Raccoltecondivise-DuckyNetworkS.r.l/E-Commerce - FOTO PRODOTTO 2019_2022_2023_2024_2025/DISCHI/W-FIX/WF7109.jpg,WF7109,41160452,DRY_RUN_OK,
/Users/anna.nardi/Library/CloudStorage/OneDrive-Raccoltecondivise-DuckyNetworkS.r.l/E-Commerce - FOTO PRODOTTO 2019_2022_2023_2024_2025/DISCHI/W-FIX/WF7110.jpg,WF7110,41160453,DRY_RUN_OK,
/Users/anna.nardi/Library/CloudStorage/OneDrive-Raccoltecondivise-DuckyNetworkS.r.l/E-Commerce - FOTO PRODOTTO 2019_2022_2023_2024_2025/DISCHI/W-FIX/WF7501.jpg,WF7501,41160454,DRY_RUN_OK,
/Users/anna.nardi/Library/CloudStorage/OneDrive-Raccoltecondivise-DuckyNetworkS.r.l/E-Commerce - FOTO PRODOTTO 2019_2022_2023_2024_2025/DISCHI/W-FIX/WF7502.jpg,WF7502,41160455,DRY_RUN_OK,
/Users/anna.nardi/Library/CloudStorage/OneDrive-Raccoltecondivise-DuckyNetworkS.r.l/E-Commerce - FOTO PRODOTTO 2019_2022_2023_2024_2025/DISCHI/W-FIX/WF7503.jpg,WF7503,41160456,DRY_RUN_OK,
/Users/anna.nardi/Library/CloudStorage/OneDrive-Raccoltecondivise-DuckyNetworkS.r.l/E-Commerce - FOTO PRODOTTO 2019_2022_2023_2024_2025/DISCHI/W-FIX/WF7504.jpg,WF7504,41160457,DRY_RUN_OK,
/Users/anna.nardi/Library/CloudStorage/OneDrive-Raccoltecondivise-DuckyNetworkS.r.l/E-Commerce - FOTO PRODOTTO 2019_2022_2023_2024_2025/DISCHI/W-FIX/WF7507.jpg,WF7507,41160458,DRY_RUN_OK,
/Users/anna.nardi/Library/CloudStorage/OneDrive-Raccoltecondivise-DuckyNetworkS.r.l/E-Commerce - FOTO PRODOTTO 2019_2022_2023_2024_2025/DISCHI/W-FIX/WF7508.jpg,WF7508,41160459,DRY_RUN_OK,
/Users/anna.nardi/Library/CloudStorage/OneDrive-Raccoltecondivise-DuckyNetworkS.r.l/E-Commerce - FOTO PRODOTTO 2019_2022_2023_2024_2025/DISCHI/W-FIX/WF7509.jpg,WF7509,41160460,DRY_RUN_OK,
/Users/anna.nardi/Library/CloudStorage/OneDrive-Raccoltecondivise-DuckyNetworkS.r.l/E-Commerce - FOTO PRODOTTO 2019_2022_2023_2024_2025/DISCHI/W-FIX/WF7510.jpg,WF7510,41160461,DRY_RUN_OK,
/Users/anna.nardi/Library/CloudStorage/OneDrive-Raccoltecondivise-DuckyNetworkS.r.l/E-Commerce - FOTO PRODOTTO 2019_2022_2023_2024_2025/DISCHI/W-FIX/WF7511.jpg,WF7511,41160462,DRY_RUN_OK,
/Users/anna.nardi/Library/CloudStorage/OneDrive-Raccoltecondivise-DuckyNetworkS.r.l/E-Commerce - FOTO PRODOTTO 2019_2022_2023_2024_2025/DISCHI/W-FIX/WF7512.jpg,WF7512,41160463,DRY_RUN_OK,
/Users/anna.nardi/Library/CloudStorage/OneDrive-Raccoltecondivise-DuckyNetworkS.r.l/E-Commerce - FOTO PRODOTTO 2019_2022_2023_2024_2025/DISCHI/W-FIX/WF7513.jpg,WF7513,41160464,DRY_RUN_OK,
/Users/anna.nardi/Library/CloudStorage/OneDrive-Raccoltecondivise-DuckyNetworkS.r.l/E-Commerce - FOTO PRODOTTO 2019_2022_2023_2024_2025/DISCHI/W-FIX/WF7514.jpg,WF7514,41160465,DRY_RUN_OK,
/Users/anna.nardi/Library/CloudStorage/OneDrive-Raccoltecondivise-DuckyNetworkS.r.l/E-Commerce - FOTO PRODOTTO 2019_2022_2023_2024_2025/DISCHI/W-FIX/WF7515.jpg,WF7515,41160466,DRY_RUN_OK,
/Users/anna.nardi/Library/CloudStorage/OneDrive-Raccoltecondivise-DuckyNetworkS.r.l/E-Commerce - FOTO PRODOTTO 2019_2022_2023_2024_2025/DISCHI/W-FIX/WF7516.jpg,WF7516,41160467,DRY_RUN_OK,
/Users/anna.nardi/Library/CloudStorage/OneDrive-Raccoltecondivise-DuckyNetworkS.r.l/E-Commerce - FOTO PRODOTTO 2019_2022_2023_2024_2025/DISCHI/W-FIX/WF7517.jpg,WF7517,41160468,DRY_RUN_OK,
/Users/anna.nardi/Library/CloudStorage/OneDrive-Raccoltecondivise-DuckyNetworkS.r.l/E-Commerce - FOTO PRODOTTO 2019_2022_2023_2024_2025/DISCHI/W-FIX/WF7518.jpg,WF7518,41160469,DRY_RUN_OK,
/Users/anna.nardi/Library/CloudStorage/OneDrive-Raccoltecondivise-DuckyNetworkS.r.l/E-Commerce - FOTO PRODOTTO 2019_2022_2023_2024_2025/DISCHI/W-FIX/WF7519.jpg,WF7519,41160470,DRY_RUN_OK,
/Users/anna.nardi/Library/CloudStorage/OneDrive-Raccoltecondivise-DuckyNetworkS.r.l/E-Commerce - FOTO PRODOTTO 2019_2022_2023_2024_2025/DISCHI/W-FIX/WF7520.jpg,WF7520,41160471,DRY_RUN_OK,
/Users/anna.nardi/Library/CloudStorage/OneDrive-Raccoltecondivise-DuckyNetworkS.r.l/E-Commerce - FOTO PRODOTTO 2019_2022_2023_2024_2025/DISCHI/W-FIX/WF7521.jpg,WF7521,41160472,DRY_RUN_OK,
/Users/anna.nardi/Library/CloudStorage/OneDrive-Raccoltecondivise-DuckyNetworkS.r.l/E-Commerce - FOTO PRODOTTO 2019_2022_2023_2024_2025/DISCHI/W-FIX/WF7522.jpg,WF7522,41160473,DRY_RUN_OK,
/Users/anna.nardi/Library/CloudStorage/OneDrive-Raccoltecondivise-DuckyNetworkS.r.l/E-Commerce - FOTO PRODOTTO 2019_2022_2023_2024_2025/DISCHI/W-FIX/WF7523.jpg,WF7523,41160474,DRY_RUN_OK,
/Users/anna.nardi/Library/CloudStorage/OneDrive-Raccoltecondivise-DuckyNetworkS.r.l/E-Commerce - FOTO PRODOTTO 2019_2022_2023_2024_2025/DISCHI/W-FIX/WF7524.jpg,WF7524,41160475,DRY_RUN_OK,
/Users/anna.nardi/Library/CloudStorage/OneDrive-Raccoltecondivise-DuckyNetworkS.r.l/E-Commerce - FOTO PRODOTTO 2019_2022_2023_2024_2025/DISCHI/W-FIX/WF7525.jpg,WF7525,41160476,DRY_RUN_OK,
/Users/anna.nardi/Library/CloudStorage/OneDrive-Raccoltecondivise-DuckyNetworkS.r.l/E-Commerce - FOTO PRODOTTO 2019_2022_2023_2024_2025/DISCHI/W-FIX/WF7526.jpg,WF7526,41160477,DRY_RUN_OK,
/Users/anna.nardi/Library/CloudStorage/OneDrive-Raccoltecondivise-DuckyNetworkS.r.l/E-Commerce - FOTO PRODOTTO 2019_2022_2023_2024_2025/DISCHI/W-FIX/WF7527.jpg,WF7527,41160478,DRY_RUN_OK,
/Users/anna.nardi/Library/CloudStorage/OneDrive-Raccoltecondivise-DuckyNetworkS.r.l/E-Commerce - FOTO PRODOTTO 2019_2022_2023_2024_2025/DISCHI/W-FIX/WF7528.jpg,WF7528,41160479,DRY_RUN_OK,
/Users/anna.nardi/Library/CloudStorage/OneDrive-Raccoltecondivise-DuckyNetworkS.r.l/E-Commerce - FOTO PRODOTTO 2019_2022_2023_2024_2025/DISCHI/W-FIX/WF7529.jpg,WF7529,41160480,DRY_RUN_OK,
/Users/anna.nardi/Library/CloudStorage/OneDrive-Raccoltecondivise-DuckyNetworkS.r.l/E-Commerce - FOTO PRODOTTO 2019_2022_2023_2024_2025/DISCHI/W-FIX/WF7530.jpg,WF7530,41160481,DRY_RUN_OK,
/Users/anna.nardi/Library/CloudStorage/OneDrive-Raccoltecondivise-DuckyNetworkS.r.l/E-Commerce - FOTO PRODOTTO 2019_2022_2023_2024_2025/DISCHI/W-FIX/WF7531.jpg,WF7531,41160482,DRY_RUN_OK,
/Users/anna.nardi/Library/CloudStorage/OneDrive-Raccoltecondivise-DuckyNetworkS.r.l/E-Commerce - FOTO PRODOTTO 2019_2022_2023_2024_2025/DISCHI/W-FIX/WF7532.jpg,WF7532,41160483,DRY_RUN_OK,
/Users/anna.nardi/Library/CloudStorage/OneDrive-Raccoltecondivise-DuckyNetworkS.r.l/E-Commerce - FOTO PRODOTTO 2019_2022_2023_2024_2025/DISCHI/W-FIX/WF7533.jpg,WF7533,41160484,DRY_RUN_OK,
/Users/anna.nardi/Library/CloudStorage/OneDrive-Raccoltecondivise-DuckyNetworkS.r.l/E-Commerce - FOTO PRODOTTO 2019_2022_2023_2024_2025/DISCHI/W-FIX/WF7534.jpg,WF7534,41160485,DRY_RUN_OK,
/Users/anna.nardi/Library/CloudStorage/OneDrive-Raccoltecondivise-DuckyNetworkS.r.l/E-Commerce - FOTO PRODOTTO 2019_2022_2023_2024_2025/DISCHI/W-FIX/WF7535.jpg,WF7535,41160486,DRY_RUN_OK,
/Users/anna.nardi/Library/CloudStorage/OneDrive-Raccoltecondivise-DuckyNetworkS.r.l/E-Commerce - FOTO PRODOTTO 2019_2022_2023_2024_2025/DISCHI/W-FIX/WF7537.jpg,WF7537,41160487,DRY_RUN_OK,
/Users/anna.nardi/Library/CloudStorage/OneDrive-Raccoltecondivise-DuckyNetworkS.r.l/E-Commerce - FOTO PRODOTTO 2019_2022_2023_2024_2025/DISCHI/W-FIX/WF7538.jpg,WF7538,41160488,DRY_RUN_OK,
/Users/anna.nardi/Library/CloudStorage/OneDrive-Raccoltecondivise-DuckyNetworkS.r.l/E-Commerce - FOTO PRODOTTO 2019_2022_2023_2024_2025/DISCHI/W-FIX/WF7539.jpg,WF7539,41160489,DRY_RUN_OK,
/Users/anna.nardi/Library/CloudStorage/OneDrive-Raccoltecondivise-DuckyNetworkS.r.l/E-Commerce - FOTO PRODOTTO 2019_2022_2023_2024_2025/DISCHI/W-FIX/WF7540.jpg,WF7540,41160490,DRY_RUN_OK,
/Users/anna.nardi/Library/CloudStorage/OneDrive-Raccoltecondivise-DuckyNetworkS.r.l/E-Commerce - FOTO PRODOTTO 2019_2022_2023_2024_2025/DISCHI/W-FIX/WF7542.jpg,WF7542,41160491,DRY_RUN_OK,
/Users/anna.nardi/Library/CloudStorage/OneDrive-Raccoltecondivise-DuckyNetworkS.r.l/E-Commerce - FOTO PRODOTTO 2019_2022_2023_2024_2025/DISCHI/W-FIX/WF8101.jpg,WF8101,41160493,DRY_RUN_OK,
/Users/anna.nardi/Library/CloudStorage/OneDrive-Raccoltecondivise-DuckyNetworkS.r.l/E-Commerce - FOTO PRODOTTO 2019_2022_2023_2024_2025/DISCHI/W-FIX/WF8102.jpg,WF8102,41160494,DRY_RUN_OK,
/Users/anna.nardi/Library/CloudStorage/OneDrive-Raccoltecondivise-DuckyNetworkS.r.l/E-Commerce - FOTO PRODOTTO 2019_2022_2023_2024_2025/DISCHI/W-FIX/WF8103.jpg,WF8103,41160495,DRY_RUN_OK,
/Users/anna.nardi/Library/CloudStorage/OneDrive-Raccoltecondivise-DuckyNetworkS.r.l/E-Commerce - FOTO PRODOTTO 2019_2022_2023_2024_2025/DISCHI/W-FIX/WF8105.jpg,WF8105,41160496,DRY_RUN_OK,
/Users/anna.nardi/Library/CloudStorage/OneDrive-Raccoltecondivise-DuckyNetworkS.r.l/E-Commerce - FOTO PRODOTTO 2019_2022_2023_2024_2025/DISCHI/W-FIX/WF8106.jpg,WF8106,41160497,DRY_RUN_OK,
/Users/anna.nardi/Library/CloudStorage/OneDrive-Raccoltecondivise-DuckyNetworkS.r.l/E-Commerce - FOTO PRODOTTO 2019_2022_2023_2024_2025/DISCHI/W-FIX/WF8111.jpg,WF8111,41160498,DRY_RUN_OK,
/Users/anna.nardi/Library/CloudStorage/OneDrive-Raccoltecondivise-DuckyNetworkS.r.l/E-Commerce - FOTO PRODOTTO 2019_2022_2023_2024_2025/DISCHI/W-FIX/WF8112.jpg,WF8112,41160499,DRY_RUN_OK,
/Users/anna.nardi/Library/CloudStorage/OneDrive-Raccoltecondivise-DuckyNetworkS.r.l/E-Commerce - FOTO PRODOTTO 2019_2022_2023_2024_2025/DISCHI/W-FIX/WF8113.jpg,WF8113,41160500,DRY_RUN_OK,
/Users/anna.nardi/Library/CloudStorage/OneDrive-Raccoltecondivise-DuckyNetworkS.r.l/E-Commerce - FOTO PRODOTTO 2019_2022_2023_2024_2025/DISCHI/W-FIX/WF8114.jpg,WF8114,41160501,DRY_RUN_OK,
/Users/anna.nardi/Library/CloudStorage/OneDrive-Raccoltecondivise-DuckyNetworkS.r.l/E-Commerce - FOTO PRODOTTO 2019_2022_2023_2024_2025/DISCHI/W-FIX/WF8115.jpg,WF8115,41160502,DRY_RUN_OK,
/Users/anna.nardi/Library/CloudStorage/OneDrive-Raccoltecondivise-DuckyNetworkS.r.l/E-Commerce - FOTO PRODOTTO 2019_2022_2023_2024_2025/DISCHI/W-FIX/WF8117.jpg,WF8117,41160503,DRY_RUN_OK,
/Users/anna.nardi/Library/CloudStorage/OneDrive-Raccoltecondivise-DuckyNetworkS.r.l/E-Commerce - FOTO PRODOTTO 2019_2022_2023_2024_2025/DISCHI/W-FIX/WF8118.jpg,WF8118,41160504,DRY_RUN_OK,
/Users/anna.nardi/Library/CloudStorage/OneDrive-Raccoltecondivise-DuckyNetworkS.r.l/E-Commerce - FOTO PRODOTTO 2019_2022_2023_2024_2025/DISCHI/W-FIX/WF8119.jpg,WF8119,41160505,DRY_RUN_OK,
/Users/anna.nardi/Library/CloudStorage/OneDrive-Raccoltecondivise-DuckyNetworkS.r.l/E-Commerce - FOTO PRODOTTO 2019_2022_2023_2024_2025/DISCHI/W-FIX/WF8120.jpg,WF8120,41160506,DRY_RUN_OK,
/Users/anna.nardi/Library/CloudStorage/OneDrive-Raccoltecondivise-DuckyNetworkS.r.l/E-Commerce - FOTO PRODOTTO 2019_2022_2023_2024_2025/DISCHI/W-FIX/WF8501.jpg,WF8501,41160507,DRY_RUN_OK,
/Users/anna.nardi/Library/CloudStorage/OneDrive-Raccoltecondivise-DuckyNetworkS.r.l/E-Commerce - FOTO PRODOTTO 2019_2022_2023_2024_2025/DISCHI/W-FIX/WF8502.JPG,WF8502,41160508,DRY_RUN_OK,
/Users/anna.nardi/Library/CloudStorage/OneDrive-Raccoltecondivise-DuckyNetworkS.r.l/E-Commerce - FOTO PRODOTTO 2019_2022_2023_2024_2025/DISCHI/W-FIX/WF8503.jpg,WF8503,41160509,DRY_RUN_OK,
/Users/anna.nardi/Library/CloudStorage/OneDrive-Raccoltecondivise-DuckyNetworkS.r.l/E-Commerce - FOTO PRODOTTO 2019_2022_2023_2024_2025/DISCHI/W-FIX/WF8504.jpg,WF8504,41232136,DRY_RUN_OK,
/Users/anna.nardi/Library/CloudStorage/OneDrive-Raccoltecondivise-DuckyNetworkS.r.l/E-Commerce - FOTO PRODOTTO 2019_2022_2023_2024_2025/DISCHI/W-FIX/WF8505.jpg,WF8505,41160510,DRY_RUN_OK,
/Users/anna.nardi/Library/CloudStorage/OneDrive-Raccoltecondivise-DuckyNetworkS.r.l/E-Commerce - FOTO PRODOTTO 2019_2022_2023_2024_2025/DISCHI/W-FIX/WF8506.jpg,WF8506,41160511,DRY_RUN_OK,
/Users/anna.nardi/Library/CloudStorage/OneDrive-Raccoltecondivise-DuckyNetworkS.r.l/E-Commerce - FOTO PRODOTTO 2019_2022_2023_2024_2025/DISCHI/W-FIX/WF8507.jpg,WF8507,41160512,DRY_RUN_OK,
/Users/anna.nardi/Library/CloudStorage/OneDrive-Raccoltecondivise-DuckyNetworkS.r.l/E-Commerce - FOTO PRODOTTO 2019_2022_2023_2024_2025/DISCHI/W-FIX/WF8508.jpg,WF8508,41160513,DRY_RUN_OK,
/Users/anna.nardi/Library/CloudStorage/OneDrive-Raccoltecondivise-DuckyNetworkS.r.l/E-Commerce - FOTO PRODOTTO 2019_2022_2023_2024_2025/DISCHI/W-FIX/WF8510.jpg,WF8510,41160514,DRY_RUN_OK,
/Users/anna.nardi/Library/CloudStorage/OneDrive-Raccoltecondivise-DuckyNetworkS.r.l/E-Commerce - FOTO PRODOTTO 2019_2022_2023_2024_2025/DISCHI/W-FIX/WF8511.jpg,WF8511,41160515,DRY_RUN_OK,
/Users/anna.nardi/Library/CloudStorage/OneDrive-Raccoltecondivise-DuckyNetworkS.r.l/E-Commerce - FOTO PRODOTTO 2019_2022_2023_2024_2025/DISCHI/W-FIX/WF8512.jpg,WF8512,41160516,DRY_RUN_OK,
/Users/anna.nardi/Library/CloudStorage/OneDrive-Raccoltecondivise-DuckyNetworkS.r.l/E-Commerce - FOTO PRODOTTO 2019_2022_2023_2024_2025/DISCHI/W-FIX/WF8514.jpg,WF8514,41160517,DRY_RUN_OK,
/Users/anna.nardi/Library/CloudStorage/OneDrive-Raccoltecondivise-DuckyNetworkS.r.l/E-Commerce - FOTO PRODOTTO 2019_2022_2023_2024_2025/DISCHI/W-FIX/WF8515.jpg,WF8515,41160518,DRY_RUN_OK,
/Users/anna.nardi/Library/CloudStorage/OneDrive-Raccoltecondivise-DuckyNetworkS.r.l/E-Commerce - FOTO PRODOTTO 2019_2022_2023_2024_2025/DISCHI/W-FIX/WF8516.jpg,WF8516,41160519,DRY_RUN_OK,
/Users/anna.nardi/Library/CloudStorage/OneDrive-Raccoltecondivise-DuckyNetworkS.r.l/E-Commerce - FOTO PRODOTTO 2019_2022_2023_2024_2025/DISCHI/W-FIX/WF9101.jpg,WF9101,41160520,DRY_RUN_OK,
/Users/anna.nardi/Library/CloudStorage/OneDrive-Raccoltecondivise-DuckyNetworkS.r.l/E-Commerce - FOTO PRODOTTO 2019_2022_2023_2024_2025/DISCHI/W-FIX/WF9501.jpg,WF9501,41160521,DRY_RUN_OK,
/Users/anna.nardi/Library/CloudStorage/OneDrive-Raccoltecondivise-DuckyNetworkS.r.l/E-Commerce - FOTO PRODOTTO 2019_2022_2023_2024_2025/DISCHI/W-FLO/WH7003.jpg,WH7003,41160522,DRY_RUN_OK,
/Users/anna.nardi/Library/CloudStorage/OneDrive-Raccoltecondivise-DuckyNetworkS.r.l/E-Commerce - FOTO PRODOTTO 2019_2022_2023_2024_2025/DISCHI/W-FLO/WH7004.jpg,WH7004,41160523,DRY_RUN_OK,
/Users/anna.nardi/Library/CloudStorage/OneDrive-Raccoltecondivise-DuckyNetworkS.r.l/E-Commerce - FOTO PRODOTTO 2019_2022_2023_2024_2025/DISCHI/W-FLO/WH7006L.jpg,WH7006L,41160524,DRY_RUN_OK,
/Users/anna.nardi/Library/CloudStorage/OneDrive-Raccoltecondivise-DuckyNetworkS.r.l/E-Commerce - FOTO PRODOTTO 2019_2022_2023_2024_2025/DISCHI/W-FLO/WH7006R.jpg,WH7006R,41160525,DRY_RUN_OK,
/Users/anna.nardi/Library/CloudStorage/OneDrive-Raccoltecondivise-DuckyNetworkS.r.l/E-Commerce - FOTO PRODOTTO 2019_2022_2023_2024_2025/DISCHI/W-FLO/WH8101L.jpg,WH8101L,41160526,DRY_RUN_OK,
/Users/anna.nardi/Library/CloudStorage/OneDrive-Raccoltecondivise-DuckyNetworkS.r.l/E-Commerce - FOTO PRODOTTO 2019_2022_2023_2024_2025/DISCHI/W-FLO/WH8101R.jpg,WH8101R,41160527,DRY_RUN_OK,
/Users/anna.nardi/Library/CloudStorage/OneDrive-Raccoltecondivise-DuckyNetworkS.r.l/E-Commerce - FOTO PRODOTTO 2019_2022_2023_2024_2025/DISCHI/W-FLO/WH8102.jpg,WH8102,41160528,DRY_RUN_OK,
/Users/anna.nardi/Library/CloudStorage/OneDrive-Raccoltecondivise-DuckyNetworkS.r.l/E-Commerce - FOTO PRODOTTO 2019_2022_2023_2024_2025/DISCHI/W-FLO/WH8501.jpg,WH8501,41160529,DRY_RUN_OK,
/Users/anna.nardi/Library/CloudStorage/OneDrive-Raccoltecondivise-DuckyNetworkS.r.l/E-Commerce - FOTO PRODOTTO 2019_2022_2023_2024_2025/DISCHI/SK2/WK001L.jpg,WK001L,41160530,DRY_RUN_OK,
/Users/anna.nardi/Library/CloudStorage/OneDrive-Raccoltecondivise-DuckyNetworkS.r.l/E-Commerce - FOTO PRODOTTO 2019_2022_2023_2024_2025/DISCHI/SK2/WK001R.jpg,WK001R,41160531,DRY_RUN_OK,
/Users/anna.nardi/Library/CloudStorage/OneDrive-Raccoltecondivise-DuckyNetworkS.r.l/E-Commerce - FOTO PRODOTTO 2019_2022_2023_2024_2025/DISCHI/SK2/WK004L.jpg,WK004L,41160532,DRY_RUN_OK,
/Users/anna.nardi/Library/CloudStorage/OneDrive-Raccoltecondivise-DuckyNetworkS.r.l/E-Commerce - FOTO PRODOTTO 2019_2022_2023_2024_2025/DISCHI/SK2/WK004R.jpg,WK004R,41160533,DRY_RUN_OK,
/Users/anna.nardi/Library/CloudStorage/OneDrive-Raccoltecondivise-DuckyNetworkS.r.l/E-Commerce - FOTO PRODOTTO 2019_2022_2023_2024_2025/DISCHI/SK2/WK005L.jpg,WK005L,41160534,DRY_RUN_OK,
/Users/anna.nardi/Library/CloudStorage/OneDrive-Raccoltecondivise-DuckyNetworkS.r.l/E-Commerce - FOTO PRODOTTO 2019_2022_2023_2024_2025/DISCHI/SK2/WK005R.jpg,WK005R,41160535,DRY_RUN_OK,
/Users/anna.nardi/Library/CloudStorage/OneDrive-Raccoltecondivise-DuckyNetworkS.r.l/E-Commerce - FOTO PRODOTTO 2019_2022_2023_2024_2025/DISCHI/SK2/WK006L.jpg,WK006L,41160536,DRY_RUN_OK,
/Users/anna.nardi/Library/CloudStorage/OneDrive-Raccoltecondivise-DuckyNetworkS.r.l/E-Commerce - FOTO PRODOTTO 2019_2022_2023_2024_2025/DISCHI/SK2/WK006R.jpg,WK006R,41160537,DRY_RUN_OK,
/Users/anna.nardi/Library/CloudStorage/OneDrive-Raccoltecondivise-DuckyNetworkS.r.l/E-Commerce - FOTO PRODOTTO 2019_2022_2023_2024_2025/DISCHI/SK2/WK008L.jpg,WK008L,41160538,DRY_RUN_OK,
/Users/anna.nardi/Library/CloudStorage/OneDrive-Raccoltecondivise-DuckyNetworkS.r.l/E-Commerce - FOTO PRODOTTO 2019_2022_2023_2024_2025/DISCHI/SK2/WK008R.jpg,WK008R,41160539,DRY_RUN_OK,
/Users/anna.nardi/Library/CloudStorage/OneDrive-Raccoltecondivise-DuckyNetworkS.r.l/E-Commerce - FOTO PRODOTTO 2019_2022_2023_2024_2025/DISCHI/SK2/WK009L.jpg,WK009L,41160540,DRY_RUN_OK,
/Users/anna.nardi/Library/CloudStorage/OneDrive-Raccoltecondivise-DuckyNetworkS.r.l/E-Commerce - FOTO PRODOTTO 2019_2022_2023_2024_2025/DISCHI/SK2/WK009R.jpg,WK009R,41160541,DRY_RUN_OK,
/Users/anna.nardi/Library/CloudStorage/OneDrive-Raccoltecondivise-DuckyNetworkS.r.l/E-Commerce - FOTO PRODOTTO 2019_2022_2023_2024_2025/DISCHI/SK2/WK010L.jpg,WK010L,41160542,DRY_RUN_OK,
/Users/anna.nardi/Library/CloudStorage/OneDrive-Raccoltecondivise-DuckyNetworkS.r.l/E-Commerce - FOTO PRODOTTO 2019_2022_2023_2024_2025/DISCHI/SK2/WK010R.jpg,WK010R,41160543,DRY_RUN_OK,
/Users/anna.nardi/Library/CloudStorage/OneDrive-Raccoltecondivise-DuckyNetworkS.r.l/E-Commerce - FOTO PRODOTTO 2019_2022_2023_2024_2025/DISCHI/SK2/WK012L.jpg,WK012L,41160544,DRY_RUN_OK,
/Users/anna.nardi/Library/CloudStorage/OneDrive-Raccoltecondivise-DuckyNetworkS.r.l/E-Commerce - FOTO PRODOTTO 2019_2022_2023_2024_2025/DISCHI/SK2/WK012R.jpg,WK012R,41160545,DRY_RUN_OK,
/Users/anna.nardi/Library/CloudStorage/OneDrive-Raccoltecondivise-DuckyNetworkS.r.l/E-Commerce - FOTO PRODOTTO 2019_2022_2023_2024_2025/DISCHI/SK2/WK015L.jpg,WK015L,41160546,DRY_RUN_OK,
/Users/anna.nardi/Library/CloudStorage/OneDrive-Raccoltecondivise-DuckyNetworkS.r.l/E-Commerce - FOTO PRODOTTO 2019_2022_2023_2024_2025/DISCHI/SK2/WK015R.jpg,WK015R,41160547,DRY_RUN_OK,
/Users/anna.nardi/Library/CloudStorage/OneDrive-Raccoltecondivise-DuckyNetworkS.r.l/E-Commerce - FOTO PRODOTTO 2019_2022_2023_2024_2025/DISCHI/SK2/WK020L.jpg,WK020L,41160548,DRY_RUN_OK,
/Users/anna.nardi/Library/CloudStorage/OneDrive-Raccoltecondivise-DuckyNetworkS.r.l/E-Commerce - FOTO PRODOTTO 2019_2022_2023_2024_2025/DISCHI/SK2/WK020R.jpg,WK020R,41160549,DRY_RUN_OK,
/Users/anna.nardi/Library/CloudStorage/OneDrive-Raccoltecondivise-DuckyNetworkS.r.l/E-Commerce - FOTO PRODOTTO 2019_2022_2023_2024_2025/DISCHI/SK2/WK021L.jpg,WK021L,41160550,DRY_RUN_OK,
/Users/anna.nardi/Library/CloudStorage/OneDrive-Raccoltecondivise-DuckyNetworkS.r.l/E-Commerce - FOTO PRODOTTO 2019_2022_2023_2024_2025/DISCHI/SK2/WK021R.jpg,WK021R,41160551,DRY_RUN_OK,
/Users/anna.nardi/Library/CloudStorage/OneDrive-Raccoltecondivise-DuckyNetworkS.r.l/E-Commerce - FOTO PRODOTTO 2019_2022_2023_2024_2025/DISCHI/SK2/WK029L.jpg,WK029L,41160552,DRY_RUN_OK,
/Users/anna.nardi/Library/CloudStorage/OneDrive-Raccoltecondivise-DuckyNetworkS.r.l/E-Commerce - FOTO PRODOTTO 2019_2022_2023_2024_2025/DISCHI/SK2/WK029R.jpg,WK029R,41160553,DRY_RUN_OK,
/Users/anna.nardi/Library/CloudStorage/OneDrive-Raccoltecondivise-DuckyNetworkS.r.l/E-Commerce - FOTO PRODOTTO 2019_2022_2023_2024_2025/DISCHI/SK2/WK030L.jpg,WK030L,41160554,DRY_RUN_OK,
/Users/anna.nardi/Library/CloudStorage/OneDrive-Raccoltecondivise-DuckyNetworkS.r.l/E-Commerce - FOTO PRODOTTO 2019_2022_2023_2024_2025/DISCHI/SK2/WK030R.jpg,WK030R,41232137,DRY_RUN_OK,
/Users/anna.nardi/Library/CloudStorage/OneDrive-Raccoltecondivise-DuckyNetworkS.r.l/E-Commerce - FOTO PRODOTTO 2019_2022_2023_2024_2025/DISCHI/SK2/WK033L.jpg,WK033L,41160555,DRY_RUN_OK,
/Users/anna.nardi/Library/CloudStorage/OneDrive-Raccoltecondivise-DuckyNetworkS.r.l/E-Commerce - FOTO PRODOTTO 2019_2022_2023_2024_2025/DISCHI/SK2/WK033R.jpg,WK033R,41160556,DRY_RUN_OK,
/Users/anna.nardi/Library/CloudStorage/OneDrive-Raccoltecondivise-DuckyNetworkS.r.l/E-Commerce - FOTO PRODOTTO 2019_2022_2023_2024_2025/DISCHI/SK2/WK036L.jpg,WK036L,41160557,DRY_RUN_OK,
/Users/anna.nardi/Library/CloudStorage/OneDrive-Raccoltecondivise-DuckyNetworkS.r.l/E-Commerce - FOTO PRODOTTO 2019_2022_2023_2024_2025/DISCHI/SK2/WK036R.jpg,WK036R,41160558,DRY_RUN_OK,
/Users/anna.nardi/Library/CloudStorage/OneDrive-Raccoltecondivise-DuckyNetworkS.r.l/E-Commerce - FOTO PRODOTTO 2019_2022_2023_2024_2025/DISCHI/SK2/WK038L.jpg,WK038L,41160559,DRY_RUN_OK,
/Users/anna.nardi/Library/CloudStorage/OneDrive-Raccoltecondivise-DuckyNetworkS.r.l/E-Commerce - FOTO PRODOTTO 2019_2022_2023_2024_2025/DISCHI/SK2/WK038R.jpg,WK038R,41160560,DRY_RUN_OK,
/Users/anna.nardi/Library/CloudStorage/OneDrive-Raccoltecondivise-DuckyNetworkS.r.l/E-Commerce - FOTO PRODOTTO 2019_2022_2023_2024_2025/DISCHI/SK2/WK039L.jpg,WK039L,41160561,DRY_RUN_OK,
/Users/anna.nardi/Library/CloudStorage/OneDrive-Raccoltecondivise-DuckyNetworkS.r.l/E-Commerce - FOTO PRODOTTO 2019_2022_2023_2024_2025/DISCHI/SK2/WK039R.jpg,WK039R,41160562,DRY_RUN_OK,
/Users/anna.nardi/Library/CloudStorage/OneDrive-Raccoltecondivise-DuckyNetworkS.r.l/E-Commerce - FOTO PRODOTTO 2019_2022_2023_2024_2025/DISCHI/SK2/WK040L.jpg,WK040L,41160563,DRY_RUN_OK,
/Users/anna.nardi/Library/CloudStorage/OneDrive-Raccoltecondivise-DuckyNetworkS.r.l/E-Commerce - FOTO PRODOTTO 2019_2022_2023_2024_2025/DISCHI/SK2/WK040R.jpg,WK040R,41160564,DRY_RUN_OK,
/Users/anna.nardi/Library/CloudStorage/OneDrive-Raccoltecondivise-DuckyNetworkS.r.l/E-Commerce - FOTO PRODOTTO 2019_2022_2023_2024_2025/DISCHI/SK2/WK041L.jpg,WK041L,41160565,DRY_RUN_OK,
/Users/anna.nardi/Library/CloudStorage/OneDrive-Raccoltecondivise-DuckyNetworkS.r.l/E-Commerce - FOTO PRODOTTO 2019_2022_2023_2024_2025/DISCHI/SK2/WK041R.jpg,WK041R,41160566,DRY_RUN_OK,
/Users/anna.nardi/Library/CloudStorage/OneDrive-Raccoltecondivise-DuckyNetworkS.r.l/E-Commerce - FOTO PRODOTTO 2019_2022_2023_2024_2025/DISCHI/SK2/WK042R.jpg,WK042R,41160567,DRY_RUN_OK,
/Users/anna.nardi/Library/CloudStorage/OneDrive-Raccoltecondivise-DuckyNetworkS.r.l/E-Commerce - FOTO PRODOTTO 2019_2022_2023_2024_2025/DISCHI/SK2/WK043L.jpg,WK043L,41160568,DRY_RUN_OK,
/Users/anna.nardi/Library/CloudStorage/OneDrive-Raccoltecondivise-DuckyNetworkS.r.l/E-Commerce - FOTO PRODOTTO 2019_2022_2023_2024_2025/DISCHI/SK2/WK043R.jpg,WK043R,41160569,DRY_RUN_OK,
/Users/anna.nardi/Library/CloudStorage/OneDrive-Raccoltecondivise-DuckyNetworkS.r.l/E-Commerce - FOTO PRODOTTO 2019_2022_2023_2024_2025/DISCHI/SK2/WK046L.jpg,WK046L,41160570,DRY_RUN_OK,
/Users/anna.nardi/Library/CloudStorage/OneDrive-Raccoltecondivise-DuckyNetworkS.r.l/E-Commerce - FOTO PRODOTTO 2019_2022_2023_2024_2025/DISCHI/SK2/WK046R.jpg,WK046R,41160571,DRY_RUN_OK,
/Users/anna.nardi/Library/CloudStorage/OneDrive-Raccoltecondivise-DuckyNetworkS.r.l/E-Commerce - FOTO PRODOTTO 2019_2022_2023_2024_2025/DISCHI/SK2/WK047L.jpg,WK047L,41160572,DRY_RUN_OK,
/Users/anna.nardi/Library/CloudStorage/OneDrive-Raccoltecondivise-DuckyNetworkS.r.l/E-Commerce - FOTO PRODOTTO 2019_2022_2023_2024_2025/DISCHI/SK2/WK047R.jpg,WK047R,41160573,DRY_RUN_OK,
/Users/anna.nardi/Library/CloudStorage/OneDrive-Raccoltecondivise-DuckyNetworkS.r.l/E-Commerce - FOTO PRODOTTO 2019_2022_2023_2024_2025/DISCHI/SK2/WK048L.jpg,WK048L,41160574,DRY_RUN_OK,
/Users/anna.nardi/Library/CloudStorage/OneDrive-Raccoltecondivise-DuckyNetworkS.r.l/E-Commerce - FOTO PRODOTTO 2019_2022_2023_2024_2025/DISCHI/SK2/WK048R.jpg,WK048R,41160575,DRY_RUN_OK,
/Users/anna.nardi/Library/CloudStorage/OneDrive-Raccoltecondivise-DuckyNetworkS.r.l/E-Commerce - FOTO PRODOTTO 2019_2022_2023_2024_2025/DISCHI/SK2/WK050L.jpg,WK050L,41160576,DRY_RUN_OK,
/Users/anna.nardi/Library/CloudStorage/OneDrive-Raccoltecondivise-DuckyNetworkS.r.l/E-Commerce - FOTO PRODOTTO 2019_2022_2023_2024_2025/DISCHI/SK2/WK051L.jpg,WK051L,41160577,DRY_RUN_OK,
/Users/anna.nardi/Library/CloudStorage/OneDrive-Raccoltecondivise-DuckyNetworkS.r.l/E-Commerce - FOTO PRODOTTO 2019_2022_2023_2024_2025/DISCHI/SK2/WK054L.jpg,WK054L,41160578,DRY_RUN_OK,
/Users/anna.nardi/Library/CloudStorage/OneDrive-Raccoltecondivise-DuckyNetworkS.r.l/E-Commerce - FOTO PRODOTTO 2019_2022_2023_2024_2025/DISCHI/SK2/WK055L.jpg,WK055L,41160579,DRY_RUN_OK,
/Users/anna.nardi/Library/CloudStorage/OneDrive-Raccoltecondivise-DuckyNetworkS.r.l/E-Commerce - FOTO PRODOTTO 2019_2022_2023_2024_2025/DISCHI/SK2/WK059L.jpg,WK059L,41160580,DRY_RUN_OK,
/Users/anna.nardi/Library/CloudStorage/OneDrive-Raccoltecondivise-DuckyNetworkS.r.l/E-Commerce - FOTO PRODOTTO 2019_2022_2023_2024_2025/DISCHI/SK2/WK062L.jpg,WK062L,41160581,DRY_RUN_OK,
/Users/anna.nardi/Library/CloudStorage/OneDrive-Raccoltecondivise-DuckyNetworkS.r.l/E-Commerce - FOTO PRODOTTO 2019_2022_2023_2024_2025/DISCHI/SK2/WK062R.jpg,WK062R,41160582,DRY_RUN_OK,
/Users/anna.nardi/Library/CloudStorage/OneDrive-Raccoltecondivise-DuckyNetworkS.r.l/E-Commerce - FOTO PRODOTTO 2019_2022_2023_2024_2025/DISCHI/SK2/WK066L.jpg,WK066L,41160583,DRY_RUN_OK,
/Users/anna.nardi/Library/CloudStorage/OneDrive-Raccoltecondivise-DuckyNetworkS.r.l/E-Commerce - FOTO PRODOTTO 2019_2022_2023_2024_2025/DISCHI/SK2/WK066R.jpg,WK066R,41160584,DRY_RUN_OK,
/Users/anna.nardi/Library/CloudStorage/OneDrive-Raccoltecondivise-DuckyNetworkS.r.l/E-Commerce - FOTO PRODOTTO 2019_2022_2023_2024_2025/DISCHI/SK2/WK067L.jpg,WK067L,41160585,DRY_RUN_OK,
/Users/anna.nardi/Library/CloudStorage/OneDrive-Raccoltecondivise-DuckyNetworkS.r.l/E-Commerce - FOTO PRODOTTO 2019_2022_2023_2024_2025/DISCHI/SK2/WK067R.jpg,WK067R,41160586,DRY_RUN_OK,
/Users/anna.nardi/Library/CloudStorage/OneDrive-Raccoltecondivise-DuckyNetworkS.r.l/E-Commerce - FOTO PRODOTTO 2019_2022_2023_2024_2025/DISCHI/SK2/WK068L.jpg,WK068L,41160587,DRY_RUN_OK,
/Users/anna.nardi/Library/CloudStorage/OneDrive-Raccoltecondivise-DuckyNetworkS.r.l/E-Commerce - FOTO PRODOTTO 2019_2022_2023_2024_2025/DISCHI/SK2/WK068R.jpg,WK068R,41160588,DRY_RUN_OK,
/Users/anna.nardi/Library/CloudStorage/OneDrive-Raccoltecondivise-DuckyNetworkS.r.l/E-Commerce - FOTO PRODOTTO 2019_2022_2023_2024_2025/DISCHI/SK2/WK069L.jpg,WK069L,41160589,DRY_RUN_OK,
/Users/anna.nardi/Library/CloudStorage/OneDrive-Raccoltecondivise-DuckyNetworkS.r.l/E-Commerce - FOTO PRODOTTO 2019_2022_2023_2024_2025/DISCHI/SK2/WK069R.jpg,WK069R,41160590,DRY_RUN_OK,
/Users/anna.nardi/Library/CloudStorage/OneDrive-Raccoltecondivise-DuckyNetworkS.r.l/E-Commerce - FOTO PRODOTTO 2019_2022_2023_2024_2025/DISCHI/SK2/WK070L.jpg,WK070L,41160591,DRY_RUN_OK,
/Users/anna.nardi/Library/CloudStorage/OneDrive-Raccoltecondivise-DuckyNetworkS.r.l/E-Commerce - FOTO PRODOTTO 2019_2022_2023_2024_2025/DISCHI/SK2/WK070R.jpg,WK070R,41160592,DRY_RUN_OK,
/Users/anna.nardi/Library/CloudStorage/OneDrive-Raccoltecondivise-DuckyNetworkS.r.l/E-Commerce - FOTO PRODOTTO 2019_2022_2023_2024_2025/DISCHI/SK2/WK071L.jpg,WK071L,41160593,DRY_RUN_OK,
/Users/anna.nardi/Library/CloudStorage/OneDrive-Raccoltecondivise-DuckyNetworkS.r.l/E-Commerce - FOTO PRODOTTO 2019_2022_2023_2024_2025/DISCHI/SK2/WK071R.jpg,WK071R,41160594,DRY_RUN_OK,
/Users/anna.nardi/Library/CloudStorage/OneDrive-Raccoltecondivise-DuckyNetworkS.r.l/E-Commerce - FOTO PRODOTTO 2019_2022_2023_2024_2025/DISCHI/SK2/WK073L.jpg,WK073L,41160595,DRY_RUN_OK,
/Users/anna.nardi/Library/CloudStorage/OneDrive-Raccoltecondivise-DuckyNetworkS.r.l/E-Commerce - FOTO PRODOTTO 2019_2022_2023_2024_2025/DISCHI/SK2/WK073R.jpg,WK073R,41160596,DRY_RUN_OK,
/Users/anna.nardi/Library/CloudStorage/OneDrive-Raccoltecondivise-DuckyNetworkS.r.l/E-Commerce - FOTO PRODOTTO 2019_2022_2023_2024_2025/DISCHI/SK2/WK074L.jpg,WK074L,41160597,DRY_RUN_OK,
/Users/anna.nardi/Library/CloudStorage/OneDrive-Raccoltecondivise-DuckyNetworkS.r.l/E-Commerce - FOTO PRODOTTO 2019_2022_2023_2024_2025/DISCHI/SK2/WK076L.jpg,WK076L,41160598,DRY_RUN_OK,
/Users/anna.nardi/Library/CloudStorage/OneDrive-Raccoltecondivise-DuckyNetworkS.r.l/E-Commerce - FOTO PRODOTTO 2019_2022_2023_2024_2025/DISCHI/SK2/WK076R.jpg,WK076R,41160599,DRY_RUN_OK,
/Users/anna.nardi/Library/CloudStorage/OneDrive-Raccoltecondivise-DuckyNetworkS.r.l/E-Commerce - FOTO PRODOTTO 2019_2022_2023_2024_2025/DISCHI/SK2/WK077L.jpg,WK077L,41160600,DRY_RUN_OK,
/Users/anna.nardi/Library/CloudStorage/OneDrive-Raccoltecondivise-DuckyNetworkS.r.l/E-Commerce - FOTO PRODOTTO 2019_2022_2023_2024_2025/DISCHI/SK2/WK078L.jpg,WK078L,41160601,DRY_RUN_OK,
/Users/anna.nardi/Library/CloudStorage/OneDrive-Raccoltecondivise-DuckyNetworkS.r.l/E-Commerce - FOTO PRODOTTO 2019_2022_2023_2024_2025/DISCHI/SK2/WK078R.jpg,WK078R,41160602,DRY_RUN_OK,
/Users/anna.nardi/Library/CloudStorage/OneDrive-Raccoltecondivise-DuckyNetworkS.r.l/E-Commerce - FOTO PRODOTTO 2019_2022_2023_2024_2025/DISCHI/SK2/WK079L.jpg,WK079L,41160603,DRY_RUN_OK,
/Users/anna.nardi/Library/CloudStorage/OneDrive-Raccoltecondivise-DuckyNetworkS.r.l/E-Commerce - FOTO PRODOTTO 2019_2022_2023_2024_2025/DISCHI/SK2/WK083L.jpg,WK083L,41160604,DRY_RUN_OK,
/Users/anna.nardi/Library/CloudStorage/OneDrive-Raccoltecondivise-DuckyNetworkS.r.l/E-Commerce - FOTO PRODOTTO 2019_2022_2023_2024_2025/DISCHI/SK2/WK083R.jpg,WK083R,41160605,DRY_RUN_OK,
/Users/anna.nardi/Library/CloudStorage/OneDrive-Raccoltecondivise-DuckyNetworkS.r.l/E-Commerce - FOTO PRODOTTO 2019_2022_2023_2024_2025/DISCHI/SK2/WK086L.jpg,WK086L,41160606,DRY_RUN_OK,
/Users/anna.nardi/Library/CloudStorage/OneDrive-Raccoltecondivise-DuckyNetworkS.r.l/E-Commerce - FOTO PRODOTTO 2019_2022_2023_2024_2025/DISCHI/SK2/WK087L.jpg,WK087L,41160607,DRY_RUN_OK,
/Users/anna.nardi/Library/CloudStorage/OneDrive-Raccoltecondivise-DuckyNetworkS.r.l/E-Commerce - FOTO PRODOTTO 2019_2022_2023_2024_2025/DISCHI/SK2/WK089L.jpg,WK089L,41160608,DRY_RUN_OK,
/Users/anna.nardi/Library/CloudStorage/OneDrive-Raccoltecondivise-DuckyNetworkS.r.l/E-Commerce - FOTO PRODOTTO 2019_2022_2023_2024_2025/DISCHI/SK2/WK089R.jpg,WK089R,41160609,DRY_RUN_OK,
/Users/anna.nardi/Library/CloudStorage/OneDrive-Raccoltecondivise-DuckyNetworkS.r.l/E-Commerce - FOTO PRODOTTO 2019_2022_2023_2024_2025/DISCHI/SK2/WK090L.jpg,WK090L,41160610,DRY_RUN_OK,
/Users/anna.nardi/Library/CloudStorage/OneDrive-Raccoltecondivise-DuckyNetworkS.r.l/E-Commerce - FOTO PRODOTTO 2019_2022_2023_2024_2025/DISCHI/SK2/WK090R.jpg,WK090R,41160611,DRY_RUN_OK,
/Users/anna.nardi/Library/CloudStorage/OneDrive-Raccoltecondivise-DuckyNetworkS.r.l/E-Commerce - FOTO PRODOTTO 2019_2022_2023_2024_2025/DISCHI/SK2/WK092L.jpg,WK092L,41160612,DRY_RUN_OK,
/Users/anna.nardi/Library/CloudStorage/OneDrive-Raccoltecondivise-DuckyNetworkS.r.l/E-Commerce - FOTO PRODOTTO 2019_2022_2023_2024_2025/DISCHI/SK2/WK092R.jpg,WK092R,41160613,DRY_RUN_OK,
/Users/anna.nardi/Library/CloudStorage/OneDrive-Raccoltecondivise-DuckyNetworkS.r.l/E-Commerce - FOTO PRODOTTO 2019_2022_2023_2024_2025/DISCHI/SK2/WK093L.jpg,WK093L,41160614,DRY_RUN_OK,
/Users/anna.nardi/Library/CloudStorage/OneDrive-Raccoltecondivise-DuckyNetworkS.r.l/E-Commerce - FOTO PRODOTTO 2019_2022_2023_2024_2025/DISCHI/SK2/WK093R.jpg,WK093R,41160615,DRY_RUN_OK,
/Users/anna.nardi/Library/CloudStorage/OneDrive-Raccoltecondivise-DuckyNetworkS.r.l/E-Commerce - FOTO PRODOTTO 2019_2022_2023_2024_2025/DISCHI/SK2/WK094L.jpg,WK094L,41160616,DRY_RUN_OK,
/Users/anna.nardi/Library/CloudStorage/OneDrive-Raccoltecondivise-DuckyNetworkS.r.l/E-Commerce - FOTO PRODOTTO 2019_2022_2023_2024_2025/DISCHI/SK2/WK094R.jpg,WK094R,41160617,DRY_RUN_OK,
/Users/anna.nardi/Library/CloudStorage/OneDrive-Raccoltecondivise-DuckyNetworkS.r.l/E-Commerce - FOTO PRODOTTO 2019_2022_2023_2024_2025/DISCHI/SK2/WK095L.jpg,WK095L,41160618,DRY_RUN_OK,
/Users/anna.nardi/Library/CloudStorage/OneDrive-Raccoltecondivise-DuckyNetworkS.r.l/E-Commerce - FOTO PRODOTTO 2019_2022_2023_2024_2025/DISCHI/SK2/WK095R.jpg,WK095R,41160619,DRY_RUN_OK,
/Users/anna.nardi/Library/CloudStorage/OneDrive-Raccoltecondivise-DuckyNetworkS.r.l/E-Commerce - FOTO PRODOTTO 2019_2022_2023_2024_2025/DISCHI/SK2/WK096L.jpg,WK096L,41160620,DRY_RUN_OK,
/Users/anna.nardi/Library/CloudStorage/OneDrive-Raccoltecondivise-DuckyNetworkS.r.l/E-Commerce - FOTO PRODOTTO 2019_2022_2023_2024_2025/DISCHI/SK2/WK096R.jpg,WK096R,41160621,DRY_RUN_OK,
/Users/anna.nardi/Library/CloudStorage/OneDrive-Raccoltecondivise-DuckyNetworkS.r.l/E-Commerce - FOTO PRODOTTO 2019_2022_2023_2024_2025/DISCHI/SK2/WK097L.jpg,WK097L,41160622,DRY_RUN_OK,
/Users/anna.nardi/Library/CloudStorage/OneDrive-Raccoltecondivise-DuckyNetworkS.r.l/E-Commerce - FOTO PRODOTTO 2019_2022_2023_2024_2025/DISCHI/SK2/WK097R.jpg,WK097R,41160623,DRY_RUN_OK,
/Users/anna.nardi/Library/CloudStorage/OneDrive-Raccoltecondivise-DuckyNetworkS.r.l/E-Commerce - FOTO PRODOTTO 2019_2022_2023_2024_2025/DISCHI/SK2/WK098L.jpg,WK098L,41160624,DRY_RUN_OK,
/Users/anna.nardi/Library/CloudStorage/OneDrive-Raccoltecondivise-DuckyNetworkS.r.l/E-Commerce - FOTO PRODOTTO 2019_2022_2023_2024_2025/DISCHI/SK2/WK098R.jpg,WK098R,41160625,DRY_RUN_OK,
/Users/anna.nardi/Library/CloudStorage/OneDrive-Raccoltecondivise-DuckyNetworkS.r.l/E-Commerce - FOTO PRODOTTO 2019_2022_2023_2024_2025/DISCHI/SK2/WK101L.jpg,WK101L,41160626,DRY_RUN_OK,
/Users/anna.nardi/Library/CloudStorage/OneDrive-Raccoltecondivise-DuckyNetworkS.r.l/E-Commerce - FOTO PRODOTTO 2019_2022_2023_2024_2025/DISCHI/SK2/WK101R.jpg,WK101R,41160627,DRY_RUN_OK,
/Users/anna.nardi/Library/CloudStorage/OneDrive-Raccoltecondivise-DuckyNetworkS.r.l/E-Commerce - FOTO PRODOTTO 2019_2022_2023_2024_2025/DISCHI/SK2/WK102L.jpg,WK102L,41160628,DRY_RUN_OK,
/Users/anna.nardi/Library/CloudStorage/OneDrive-Raccoltecondivise-DuckyNetworkS.r.l/E-Commerce - FOTO PRODOTTO 2019_2022_2023_2024_2025/DISCHI/SK2/WK102R.jpg,WK102R,41160629,DRY_RUN_OK,
/Users/anna.nardi/Library/CloudStorage/OneDrive-Raccoltecondivise-DuckyNetworkS.r.l/E-Commerce - FOTO PRODOTTO 2019_2022_2023_2024_2025/DISCHI/SK2/WK103R.jpg,WK103R,41160630,DRY_RUN_OK,
/Users/anna.nardi/Library/CloudStorage/OneDrive-Raccoltecondivise-DuckyNetworkS.r.l/E-Commerce - FOTO PRODOTTO 2019_2022_2023_2024_2025/DISCHI/SK2/WK104L.jpg,WK104L,41160631,DRY_RUN_OK,
/Users/anna.nardi/Library/CloudStorage/OneDrive-Raccoltecondivise-DuckyNetworkS.r.l/E-Commerce - FOTO PRODOTTO 2019_2022_2023_2024_2025/DISCHI/SK2/WK104R.jpg,WK104R,41160632,DRY_RUN_OK,
/Users/anna.nardi/Library/CloudStorage/OneDrive-Raccoltecondivise-DuckyNetworkS.r.l/E-Commerce - FOTO PRODOTTO 2019_2022_2023_2024_2025/DISCHI/SK2/WK105L.jpg,WK105L,41160633,DRY_RUN_OK,
/Users/anna.nardi/Library/CloudStorage/OneDrive-Raccoltecondivise-DuckyNetworkS.r.l/E-Commerce - FOTO PRODOTTO 2019_2022_2023_2024_2025/DISCHI/SK2/WK105R.jpg,WK105R,41160634,DRY_RUN_OK,
/Users/anna.nardi/Library/CloudStorage/OneDrive-Raccoltecondivise-DuckyNetworkS.r.l/E-Commerce - FOTO PRODOTTO 2019_2022_2023_2024_2025/DISCHI/SK2/WK106L.jpg,WK106L,41160635,DRY_RUN_OK,
/Users/anna.nardi/Library/CloudStorage/OneDrive-Raccoltecondivise-DuckyNetworkS.r.l/E-Commerce - FOTO PRODOTTO 2019_2022_2023_2024_2025/DISCHI/SK2/WK106R.jpg,WK106R,41160636,DRY_RUN_OK,
/Users/anna.nardi/Library/CloudStorage/OneDrive-Raccoltecondivise-DuckyNetworkS.r.l/E-Commerce - FOTO PRODOTTO 2019_2022_2023_2024_2025/DISCHI/SK2/WK107R.jpg,WK107R,41160637,DRY_RUN_OK,
/Users/anna.nardi/Library/CloudStorage/OneDrive-Raccoltecondivise-DuckyNetworkS.r.l/E-Commerce - FOTO PRODOTTO 2019_2022_2023_2024_2025/DISCHI/SK2/WK108L.jpg,WK108L,41160638,DRY_RUN_OK,
/Users/anna.nardi/Library/CloudStorage/OneDrive-Raccoltecondivise-DuckyNetworkS.r.l/E-Commerce - FOTO PRODOTTO 2019_2022_2023_2024_2025/DISCHI/SK2/WK108R.jpg,WK108R,41160639,DRY_RUN_OK,
/Users/anna.nardi/Library/CloudStorage/OneDrive-Raccoltecondivise-DuckyNetworkS.r.l/E-Commerce - FOTO PRODOTTO 2019_2022_2023_2024_2025/DISCHI/SK2/WK109L.jpg,WK109L,41160640,DRY_RUN_OK,
/Users/anna.nardi/Library/CloudStorage/OneDrive-Raccoltecondivise-DuckyNetworkS.r.l/E-Commerce - FOTO PRODOTTO 2019_2022_2023_2024_2025/DISCHI/SK2/WK109R.jpg,WK109R,41160641,DRY_RUN_OK,
/Users/anna.nardi/Library/CloudStorage/OneDrive-Raccoltecondivise-DuckyNetworkS.r.l/E-Commerce - FOTO PRODOTTO 2019_2022_2023_2024_2025/DISCHI/SK2/WK110L.jpg,WK110L,41160642,DRY_RUN_OK,
/Users/anna.nardi/Library/CloudStorage/OneDrive-Raccoltecondivise-DuckyNetworkS.r.l/E-Commerce - FOTO PRODOTTO 2019_2022_2023_2024_2025/DISCHI/SK2/WK110R.jpg,WK110R,41160643,DRY_RUN_OK,
/Users/anna.nardi/Library/CloudStorage/OneDrive-Raccoltecondivise-DuckyNetworkS.r.l/E-Commerce - FOTO PRODOTTO 2019_2022_2023_2024_2025/DISCHI/SK2/WK111L.jpg,WK111L,41160644,DRY_RUN_OK,
/Users/anna.nardi/Library/CloudStorage/OneDrive-Raccoltecondivise-DuckyNetworkS.r.l/E-Commerce - FOTO PRODOTTO 2019_2022_2023_2024_2025/DISCHI/SK2/WK111R.jpg,WK111R,41160645,DRY_RUN_OK,
/Users/anna.nardi/Library/CloudStorage/OneDrive-Raccoltecondivise-DuckyNetworkS.r.l/E-Commerce - FOTO PRODOTTO 2019_2022_2023_2024_2025/DISCHI/SK2/WK112L.jpg,WK112L,41160646,DRY_RUN_OK,
/Users/anna.nardi/Library/CloudStorage/OneDrive-Raccoltecondivise-DuckyNetworkS.r.l/E-Commerce - FOTO PRODOTTO 2019_2022_2023_2024_2025/DISCHI/SK2/WK112R.jpg,WK112R,41160647,DRY_RUN_OK,
/Users/anna.nardi/Library/CloudStorage/OneDrive-Raccoltecondivise-DuckyNetworkS.r.l/E-Commerce - FOTO PRODOTTO 2019_2022_2023_2024_2025/DISCHI/SK2/WK113L.jpg,WK113L,41160648,DRY_RUN_OK,
/Users/anna.nardi/Library/CloudStorage/OneDrive-Raccoltecondivise-DuckyNetworkS.r.l/E-Commerce - FOTO PRODOTTO 2019_2022_2023_2024_2025/DISCHI/SK2/WK113R.jpg,WK113R,41160649,DRY_RUN_OK,
/Users/anna.nardi/Library/CloudStorage/OneDrive-Raccoltecondivise-DuckyNetworkS.r.l/E-Commerce - FOTO PRODOTTO 2019_2022_2023_2024_2025/DISCHI/SK2/WK114L.jpg,WK114L,41160650,DRY_RUN_OK,
/Users/anna.nardi/Library/CloudStorage/OneDrive-Raccoltecondivise-DuckyNetworkS.r.l/E-Commerce - FOTO PRODOTTO 2019_2022_2023_2024_2025/DISCHI/SK2/WK114R.jpg,WK114R,41160651,DRY_RUN_OK,
/Users/anna.nardi/Library/CloudStorage/OneDrive-Raccoltecondivise-DuckyNetworkS.r.l/E-Commerce - FOTO PRODOTTO 2019_2022_2023_2024_2025/DISCHI/SK2/WK115L.jpg,WK115L,41160652,DRY_RUN_OK,
/Users/anna.nardi/Library/CloudStorage/OneDrive-Raccoltecondivise-DuckyNetworkS.r.l/E-Commerce - FOTO PRODOTTO 2019_2022_2023_2024_2025/DISCHI/SK2/WK117L.jpg,WK117L,41160653,DRY_RUN_OK,
/Users/anna.nardi/Library/CloudStorage/OneDrive-Raccoltecondivise-DuckyNetworkS.r.l/E-Commerce - FOTO PRODOTTO 2019_2022_2023_2024_2025/DISCHI/SK2/WK117R.jpg,WK117R,41160654,DRY_RUN_OK,
/Users/anna.nardi/Library/CloudStorage/OneDrive-Raccoltecondivise-DuckyNetworkS.r.l/E-Commerce - FOTO PRODOTTO 2019_2022_2023_2024_2025/DISCHI/SK2/WK118L.jpg,WK118L,41160655,DRY_RUN_OK,
/Users/anna.nardi/Library/CloudStorage/OneDrive-Raccoltecondivise-DuckyNetworkS.r.l/E-Commerce - FOTO PRODOTTO 2019_2022_2023_2024_2025/DISCHI/SK2/WK118R.jpg,WK118R,41160656,DRY_RUN_OK,
/Users/anna.nardi/Library/CloudStorage/OneDrive-Raccoltecondivise-DuckyNetworkS.r.l/E-Commerce - FOTO PRODOTTO 2019_2022_2023_2024_2025/DISCHI/SK2/WK120L.jpg,WK120L,41160657,DRY_RUN_OK,
/Users/anna.nardi/Library/CloudStorage/OneDrive-Raccoltecondivise-DuckyNetworkS.r.l/E-Commerce - FOTO PRODOTTO 2019_2022_2023_2024_2025/DISCHI/SK2/WK121R.jpg,WK121R,41160658,DRY_RUN_OK,
/Users/anna.nardi/Library/CloudStorage/OneDrive-Raccoltecondivise-DuckyNetworkS.r.l/E-Commerce - FOTO PRODOTTO 2019_2022_2023_2024_2025/DISCHI/SK2/WK122L.jpg,WK122L,41160659,DRY_RUN_OK,
/Users/anna.nardi/Library/CloudStorage/OneDrive-Raccoltecondivise-DuckyNetworkS.r.l/E-Commerce - FOTO PRODOTTO 2019_2022_2023_2024_2025/DISCHI/SK2/WK122R.jpg,WK122R,41160660,DRY_RUN_OK,
/Users/anna.nardi/Library/CloudStorage/OneDrive-Raccoltecondivise-DuckyNetworkS.r.l/E-Commerce - FOTO PRODOTTO 2019_2022_2023_2024_2025/DISCHI/SK2/WK123R.jpg,WK123R,41160661,DRY_RUN_OK,
/Users/anna.nardi/Library/CloudStorage/OneDrive-Raccoltecondivise-DuckyNetworkS.r.l/E-Commerce - FOTO PRODOTTO 2019_2022_2023_2024_2025/DISCHI/SK2/WK124L.jpg,WK124L,41160662,DRY_RUN_OK,
/Users/anna.nardi/Library/CloudStorage/OneDrive-Raccoltecondivise-DuckyNetworkS.r.l/E-Commerce - FOTO PRODOTTO 2019_2022_2023_2024_2025/DISCHI/SK2/WK125L.jpg,WK125L,41160663,DRY_RUN_OK,
/Users/anna.nardi/Library/CloudStorage/OneDrive-Raccoltecondivise-DuckyNetworkS.r.l/E-Commerce - FOTO PRODOTTO 2019_2022_2023_2024_2025/DISCHI/SK2/WK125R.jpg,WK125R,41160664,DRY_RUN_OK,
/Users/anna.nardi/Library/CloudStorage/OneDrive-Raccoltecondivise-DuckyNetworkS.r.l/E-Commerce - FOTO PRODOTTO 2019_2022_2023_2024_2025/DISCHI/SK2/WK128L.jpg,WK128L,41160665,DRY_RUN_OK,
/Users/anna.nardi/Library/CloudStorage/OneDrive-Raccoltecondivise-DuckyNetworkS.r.l/E-Commerce - FOTO PRODOTTO 2019_2022_2023_2024_2025/DISCHI/SK2/WK129L.jpg,WK129L,41160666,DRY_RUN_OK,
/Users/anna.nardi/Library/CloudStorage/OneDrive-Raccoltecondivise-DuckyNetworkS.r.l/E-Commerce - FOTO PRODOTTO 2019_2022_2023_2024_2025/DISCHI/SK2/WK130L.jpg,WK130L,41160667,DRY_RUN_OK,
/Users/anna.nardi/Library/CloudStorage/OneDrive-Raccoltecondivise-DuckyNetworkS.r.l/E-Commerce - FOTO PRODOTTO 2019_2022_2023_2024_2025/DISCHI/SK2/WK130R.jpg,WK130R,41160668,DRY_RUN_OK,
/Users/anna.nardi/Library/CloudStorage/OneDrive-Raccoltecondivise-DuckyNetworkS.r.l/E-Commerce - FOTO PRODOTTO 2019_2022_2023_2024_2025/DISCHI/SK2/WK131L.jpg,WK131L,41160669,DRY_RUN_OK,
/Users/anna.nardi/Library/CloudStorage/OneDrive-Raccoltecondivise-DuckyNetworkS.r.l/E-Commerce - FOTO PRODOTTO 2019_2022_2023_2024_2025/DISCHI/SK2/WK133L.jpg,WK133L,41160670,DRY_RUN_OK,
/Users/anna.nardi/Library/CloudStorage/OneDrive-Raccoltecondivise-DuckyNetworkS.r.l/E-Commerce - FOTO PRODOTTO 2019_2022_2023_2024_2025/DISCHI/SK2/WK133R.jpg,WK133R,41160671,DRY_RUN_OK,
/Users/anna.nardi/Library/CloudStorage/OneDrive-Raccoltecondivise-DuckyNetworkS.r.l/E-Commerce - FOTO PRODOTTO 2019_2022_2023_2024_2025/DISCHI/SK2/WK134L.jpg,WK134L,41160672,DRY_RUN_OK,
/Users/anna.nardi/Library/CloudStorage/OneDrive-Raccoltecondivise-DuckyNetworkS.r.l/E-Commerce - FOTO PRODOTTO 2019_2022_2023_2024_2025/DISCHI/SK2/WK134R.jpg,WK134R,41160673,DRY_RUN_OK,
/Users/anna.nardi/Library/CloudStorage/OneDrive-Raccoltecondivise-DuckyNetworkS.r.l/E-Commerce - FOTO PRODOTTO 2019_2022_2023_2024_2025/DISCHI/SK2/WK135L.jpg,WK135L,41227137,DRY_RUN_OK,
/Users/anna.nardi/Library/CloudStorage/OneDrive-Raccoltecondivise-DuckyNetworkS.r.l/E-Commerce - FOTO PRODOTTO 2019_2022_2023_2024_2025/DISCHI/SK2/WK136L.jpg,WK136L,41160674,DRY_RUN_OK,
/Users/anna.nardi/Library/CloudStorage/OneDrive-Raccoltecondivise-DuckyNetworkS.r.l/E-Commerce - FOTO PRODOTTO 2019_2022_2023_2024_2025/DISCHI/SK2/WK136R.jpg,WK136R,41160675,DRY_RUN_OK,
/Users/anna.nardi/Library/CloudStorage/OneDrive-Raccoltecondivise-DuckyNetworkS.r.l/E-Commerce - FOTO PRODOTTO 2019_2022_2023_2024_2025/DISCHI/SK2/WK139L.jpg,WK139L,41160676,DRY_RUN_OK,
/Users/anna.nardi/Library/CloudStorage/OneDrive-Raccoltecondivise-DuckyNetworkS.r.l/E-Commerce - FOTO PRODOTTO 2019_2022_2023_2024_2025/DISCHI/SK2/WK139R.jpg,WK139R,41160677,DRY_RUN_OK,
/Users/anna.nardi/Library/CloudStorage/OneDrive-Raccoltecondivise-DuckyNetworkS.r.l/E-Commerce - FOTO PRODOTTO 2019_2022_2023_2024_2025/DISCHI/SK2/WK140L.jpg,WK140L,41160678,DRY_RUN_OK,
/Users/anna.nardi/Library/CloudStorage/OneDrive-Raccoltecondivise-DuckyNetworkS.r.l/E-Commerce - FOTO PRODOTTO 2019_2022_2023_2024_2025/DISCHI/SK2/WK140R.jpg,WK140R,41160679,DRY_RUN_OK,
/Users/anna.nardi/Library/CloudStorage/OneDrive-Raccoltecondivise-DuckyNetworkS.r.l/E-Commerce - FOTO PRODOTTO 2019_2022_2023_2024_2025/DISCHI/SK2/WK142L.jpg,WK142L,41160680,DRY_RUN_OK,
/Users/anna.nardi/Library/CloudStorage/OneDrive-Raccoltecondivise-DuckyNetworkS.r.l/E-Commerce - FOTO PRODOTTO 2019_2022_2023_2024_2025/DISCHI/SK2/WK142R.jpg,WK142R,41160681,DRY_RUN_OK,
/Users/anna.nardi/Library/CloudStorage/OneDrive-Raccoltecondivise-DuckyNetworkS.r.l/E-Commerce - FOTO PRODOTTO 2019_2022_2023_2024_2025/DISCHI/SK2/WK144L.jpg,WK144L,41160682,DRY_RUN_OK,
/Users/anna.nardi/Library/CloudStorage/OneDrive-Raccoltecondivise-DuckyNetworkS.r.l/E-Commerce - FOTO PRODOTTO 2019_2022_2023_2024_2025/DISCHI/SK2/WK144R.jpg,WK144R,41160683,DRY_RUN_OK,
/Users/anna.nardi/Library/CloudStorage/OneDrive-Raccoltecondivise-DuckyNetworkS.r.l/E-Commerce - FOTO PRODOTTO 2019_2022_2023_2024_2025/DISCHI/SK2/WK145L.jpg,WK145L,41160684,DRY_RUN_OK,
/Users/anna.nardi/Library/CloudStorage/OneDrive-Raccoltecondivise-DuckyNetworkS.r.l/E-Commerce - FOTO PRODOTTO 2019_2022_2023_2024_2025/DISCHI/SK2/WK145R.jpg,WK145R,41160685,DRY_RUN_OK,
/Users/anna.nardi/Library/CloudStorage/OneDrive-Raccoltecondivise-DuckyNetworkS.r.l/E-Commerce - FOTO PRODOTTO 2019_2022_2023_2024_2025/DISCHI/SK2/WK146L.jpg,WK146L,41160686,DRY_RUN_OK,
/Users/anna.nardi/Library/CloudStorage/OneDrive-Raccoltecondivise-DuckyNetworkS.r.l/E-Commerce - FOTO PRODOTTO 2019_2022_2023_2024_2025/DISCHI/SK2/WK146R.jpg,WK146R,41160687,DRY_RUN_OK,
/Users/anna.nardi/Library/CloudStorage/OneDrive-Raccoltecondivise-DuckyNetworkS.r.l/E-Commerce - FOTO PRODOTTO 2019_2022_2023_2024_2025/DISCHI/SK2/WK147L.jpg,WK147L,41160688,DRY_RUN_OK,
/Users/anna.nardi/Library/CloudStorage/OneDrive-Raccoltecondivise-DuckyNetworkS.r.l/E-Commerce - FOTO PRODOTTO 2019_2022_2023_2024_2025/DISCHI/SK2/WK147R.jpg,WK147R,41160689,DRY_RUN_OK,
/Users/anna.nardi/Library/CloudStorage/OneDrive-Raccoltecondivise-DuckyNetworkS.r.l/E-Commerce - FOTO PRODOTTO 2019_2022_2023_2024_2025/DISCHI/SK2/WK148L.jpg,WK148L,41160690,DRY_RUN_OK,
/Users/anna.nardi/Library/CloudStorage/OneDrive-Raccoltecondivise-DuckyNetworkS.r.l/E-Commerce - FOTO PRODOTTO 2019_2022_2023_2024_2025/DISCHI/SK2/WK148R.jpg,WK148R,41160691,DRY_RUN_OK,
/Users/anna.nardi/Library/CloudStorage/OneDrive-Raccoltecondivise-DuckyNetworkS.r.l/E-Commerce - FOTO PRODOTTO 2019_2022_2023_2024_2025/DISCHI/SK2/WK149L.jpg,WK149L,41160692,DRY_RUN_OK,
/Users/anna.nardi/Library/CloudStorage/OneDrive-Raccoltecondivise-DuckyNetworkS.r.l/E-Commerce - FOTO PRODOTTO 2019_2022_2023_2024_2025/DISCHI/SK2/WK149R.jpg,WK149R,41160693,DRY_RUN_OK,
/Users/anna.nardi/Library/CloudStorage/OneDrive-Raccoltecondivise-DuckyNetworkS.r.l/E-Commerce - FOTO PRODOTTO 2019_2022_2023_2024_2025/DISCHI/SK2/WK150L.jpg,WK150L,41160694,DRY_RUN_OK,
/Users/anna.nardi/Library/CloudStorage/OneDrive-Raccoltecondivise-DuckyNetworkS.r.l/E-Commerce - FOTO PRODOTTO 2019_2022_2023_2024_2025/DISCHI/SK2/WK150R.jpg,WK150R,41160695,DRY_RUN_OK,
/Users/anna.nardi/Library/CloudStorage/OneDrive-Raccoltecondivise-DuckyNetworkS.r.l/E-Commerce - FOTO PRODOTTO 2019_2022_2023_2024_2025/DISCHI/SK2/WK151L.jpg,WK151L,41160696,DRY_RUN_OK,
/Users/anna.nardi/Library/CloudStorage/OneDrive-Raccoltecondivise-DuckyNetworkS.r.l/E-Commerce - FOTO PRODOTTO 2019_2022_2023_2024_2025/DISCHI/SK2/WK151R.jpg,WK151R,41160697,DRY_RUN_OK,
/Users/anna.nardi/Library/CloudStorage/OneDrive-Raccoltecondivise-DuckyNetworkS.r.l/E-Commerce - FOTO PRODOTTO 2019_2022_2023_2024_2025/DISCHI/SK2/WK152L.jpg,WK152L,41160698,DRY_RUN_OK,
/Users/anna.nardi/Library/CloudStorage/OneDrive-Raccoltecondivise-DuckyNetworkS.r.l/E-Commerce - FOTO PRODOTTO 2019_2022_2023_2024_2025/DISCHI/SK2/WK152R.jpg,WK152R,41160699,DRY_RUN_OK,
/Users/anna.nardi/Library/CloudStorage/OneDrive-Raccoltecondivise-DuckyNetworkS.r.l/E-Commerce - FOTO PRODOTTO 2019_2022_2023_2024_2025/DISCHI/SK2/WK153L.jpg,WK153L,41160700,DRY_RUN_OK,
/Users/anna.nardi/Library/CloudStorage/OneDrive-Raccoltecondivise-DuckyNetworkS.r.l/E-Commerce - FOTO PRODOTTO 2019_2022_2023_2024_2025/DISCHI/SK2/WK153R.jpg,WK153R,41160701,DRY_RUN_OK,
/Users/anna.nardi/Library/CloudStorage/OneDrive-Raccoltecondivise-DuckyNetworkS.r.l/E-Commerce - FOTO PRODOTTO 2019_2022_2023_2024_2025/DISCHI/SK2/WK154L.jpg,WK154L,41160702,DRY_RUN_OK,
/Users/anna.nardi/Library/CloudStorage/OneDrive-Raccoltecondivise-DuckyNetworkS.r.l/E-Commerce - FOTO PRODOTTO 2019_2022_2023_2024_2025/DISCHI/SK2/WK154R.jpg,WK154R,41160703,DRY_RUN_OK,
/Users/anna.nardi/Library/CloudStorage/OneDrive-Raccoltecondivise-DuckyNetworkS.r.l/E-Commerce - FOTO PRODOTTO 2019_2022_2023_2024_2025/DISCHI/WK3/WK3001L.jpg,WK3001L,41160704,DRY_RUN_OK,
/Users/anna.nardi/Library/CloudStorage/OneDrive-Raccoltecondivise-DuckyNetworkS.r.l/E-Commerce - FOTO PRODOTTO 2019_2022_2023_2024_2025/DISCHI/WK3/WK3001R.jpg,WK3001R,41160705,DRY_RUN_OK,
/Users/anna.nardi/Library/CloudStorage/OneDrive-Raccoltecondivise-DuckyNetworkS.r.l/E-Commerce - FOTO PRODOTTO 2019_2022_2023_2024_2025/DISCHI/WK3/WK3005L.jpg,WK3005L,41160706,DRY_RUN_OK,
/Users/anna.nardi/Library/CloudStorage/OneDrive-Raccoltecondivise-DuckyNetworkS.r.l/E-Commerce - FOTO PRODOTTO 2019_2022_2023_2024_2025/DISCHI/WK3/WK3005R.jpg,WK3005R,41160707,DRY_RUN_OK,
/Users/anna.nardi/Library/CloudStorage/OneDrive-Raccoltecondivise-DuckyNetworkS.r.l/E-Commerce - FOTO PRODOTTO 2019_2022_2023_2024_2025/DISCHI/WK3/WK3008L.jpg,WK3008L,41160708,DRY_RUN_OK,
/Users/anna.nardi/Library/CloudStorage/OneDrive-Raccoltecondivise-DuckyNetworkS.r.l/E-Commerce - FOTO PRODOTTO 2019_2022_2023_2024_2025/DISCHI/WK3/WK3008R.jpg,WK3008R,41160709,DRY_RUN_OK,
/Users/anna.nardi/Library/CloudStorage/OneDrive-Raccoltecondivise-DuckyNetworkS.r.l/E-Commerce - FOTO PRODOTTO 2019_2022_2023_2024_2025/DISCHI/WK3/WK3020L.jpg,WK3020L,41160710,DRY_RUN_OK,
/Users/anna.nardi/Library/CloudStorage/OneDrive-Raccoltecondivise-DuckyNetworkS.r.l/E-Commerce - FOTO PRODOTTO 2019_2022_2023_2024_2025/DISCHI/WK3/WK3020R.jpg,WK3020R,41160711,DRY_RUN_OK,
/Users/anna.nardi/Library/CloudStorage/OneDrive-Raccoltecondivise-DuckyNetworkS.r.l/E-Commerce - FOTO PRODOTTO 2019_2022_2023_2024_2025/DISCHI/WK3/WK3021L.jpg,WK3021L,41160712,DRY_RUN_OK,
/Users/anna.nardi/Library/CloudStorage/OneDrive-Raccoltecondivise-DuckyNetworkS.r.l/E-Commerce - FOTO PRODOTTO 2019_2022_2023_2024_2025/DISCHI/WK3/WK3021R.jpg,WK3021R,41160713,DRY_RUN_OK,
/Users/anna.nardi/Library/CloudStorage/OneDrive-Raccoltecondivise-DuckyNetworkS.r.l/E-Commerce - FOTO PRODOTTO 2019_2022_2023_2024_2025/DISCHI/WK3/WK3036L.jpg,WK3036L,41160714,DRY_RUN_OK,
/Users/anna.nardi/Library/CloudStorage/OneDrive-Raccoltecondivise-DuckyNetworkS.r.l/E-Commerce - FOTO PRODOTTO 2019_2022_2023_2024_2025/DISCHI/WK3/WK3036R.jpg,WK3036R,41160715,DRY_RUN_OK,
/Users/anna.nardi/Library/CloudStorage/OneDrive-Raccoltecondivise-DuckyNetworkS.r.l/E-Commerce - FOTO PRODOTTO 2019_2022_2023_2024_2025/DISCHI/WK3/WK3038L.jpg,WK3038L,41160716,DRY_RUN_OK,
/Users/anna.nardi/Library/CloudStorage/OneDrive-Raccoltecondivise-DuckyNetworkS.r.l/E-Commerce - FOTO PRODOTTO 2019_2022_2023_2024_2025/DISCHI/WK3/WK3038R.jpg,WK3038R,41160717,DRY_RUN_OK,
/Users/anna.nardi/Library/CloudStorage/OneDrive-Raccoltecondivise-DuckyNetworkS.r.l/E-Commerce - FOTO PRODOTTO 2019_2022_2023_2024_2025/DISCHI/WK3/WK3039L.jpg,WK3039L,41232154,DRY_RUN_OK,
/Users/anna.nardi/Library/CloudStorage/OneDrive-Raccoltecondivise-DuckyNetworkS.r.l/E-Commerce - FOTO PRODOTTO 2019_2022_2023_2024_2025/DISCHI/WK3/WK3039R.jpg,WK3039R,41232155,DRY_RUN_OK,
/Users/anna.nardi/Library/CloudStorage/OneDrive-Raccoltecondivise-DuckyNetworkS.r.l/E-Commerce - FOTO PRODOTTO 2019_2022_2023_2024_2025/DISCHI/WK3/WK3040L.jpg,WK3040L,41160718,DRY_RUN_OK,
/Users/anna.nardi/Library/CloudStorage/OneDrive-Raccoltecondivise-DuckyNetworkS.r.l/E-Commerce - FOTO PRODOTTO 2019_2022_2023_2024_2025/DISCHI/WK3/WK3040R.jpg,WK3040R,41160719,DRY_RUN_OK,
/Users/anna.nardi/Library/CloudStorage/OneDrive-Raccoltecondivise-DuckyNetworkS.r.l/E-Commerce - FOTO PRODOTTO 2019_2022_2023_2024_2025/DISCHI/WK3/WK3041L.jpg,WK3041L,41160720,DRY_RUN_OK,
/Users/anna.nardi/Library/CloudStorage/OneDrive-Raccoltecondivise-DuckyNetworkS.r.l/E-Commerce - FOTO PRODOTTO 2019_2022_2023_2024_2025/DISCHI/WK3/WK3041R.jpg,WK3041R,41160721,DRY_RUN_OK,
/Users/anna.nardi/Library/CloudStorage/OneDrive-Raccoltecondivise-DuckyNetworkS.r.l/E-Commerce - FOTO PRODOTTO 2019_2022_2023_2024_2025/DISCHI/WK3/WK3043L.jpg,WK3043L,41160722,DRY_RUN_OK,
/Users/anna.nardi/Library/CloudStorage/OneDrive-Raccoltecondivise-DuckyNetworkS.r.l/E-Commerce - FOTO PRODOTTO 2019_2022_2023_2024_2025/DISCHI/WK3/WK3043R.jpg,WK3043R,41160723,DRY_RUN_OK,
/Users/anna.nardi/Library/CloudStorage/OneDrive-Raccoltecondivise-DuckyNetworkS.r.l/E-Commerce - FOTO PRODOTTO 2019_2022_2023_2024_2025/DISCHI/WK3/WK3046L.jpg,WK3046L,41160724,DRY_RUN_OK,
/Users/anna.nardi/Library/CloudStorage/OneDrive-Raccoltecondivise-DuckyNetworkS.r.l/E-Commerce - FOTO PRODOTTO 2019_2022_2023_2024_2025/DISCHI/WK3/WK3046R.jpg,WK3046R,41160725,DRY_RUN_OK,
/Users/anna.nardi/Library/CloudStorage/OneDrive-Raccoltecondivise-DuckyNetworkS.r.l/E-Commerce - FOTO PRODOTTO 2019_2022_2023_2024_2025/DISCHI/WK3/WK3047L.jpg,WK3047L,41160726,DRY_RUN_OK,
/Users/anna.nardi/Library/CloudStorage/OneDrive-Raccoltecondivise-DuckyNetworkS.r.l/E-Commerce - FOTO PRODOTTO 2019_2022_2023_2024_2025/DISCHI/WK3/WK3047R.jpg,WK3047R,41160727,DRY_RUN_OK,
/Users/anna.nardi/Library/CloudStorage/OneDrive-Raccoltecondivise-DuckyNetworkS.r.l/E-Commerce - FOTO PRODOTTO 2019_2022_2023_2024_2025/DISCHI/WK3/WK3050L.jpg,WK3050L,41160728,DRY_RUN_OK,
/Users/anna.nardi/Library/CloudStorage/OneDrive-Raccoltecondivise-DuckyNetworkS.r.l/E-Commerce - FOTO PRODOTTO 2019_2022_2023_2024_2025/DISCHI/WK3/WK3051L.jpg,WK3051L,41160729,DRY_RUN_OK,
/Users/anna.nardi/Library/CloudStorage/OneDrive-Raccoltecondivise-DuckyNetworkS.r.l/E-Commerce - FOTO PRODOTTO 2019_2022_2023_2024_2025/DISCHI/WK3/WK3054L.jpg,WK3054L,41160730,DRY_RUN_OK,
/Users/anna.nardi/Library/CloudStorage/OneDrive-Raccoltecondivise-DuckyNetworkS.r.l/E-Commerce - FOTO PRODOTTO 2019_2022_2023_2024_2025/DISCHI/WK3/WK3055L.jpg,WK3055L,41160731,DRY_RUN_OK,
/Users/anna.nardi/Library/CloudStorage/OneDrive-Raccoltecondivise-DuckyNetworkS.r.l/E-Commerce - FOTO PRODOTTO 2019_2022_2023_2024_2025/DISCHI/WK3/WK3062L.jpg,WK3062L,41160732,DRY_RUN_OK,
/Users/anna.nardi/Library/CloudStorage/OneDrive-Raccoltecondivise-DuckyNetworkS.r.l/E-Commerce - FOTO PRODOTTO 2019_2022_2023_2024_2025/DISCHI/WK3/WK3062R.jpg,WK3062R,41160733,DRY_RUN_OK,
/Users/anna.nardi/Library/CloudStorage/OneDrive-Raccoltecondivise-DuckyNetworkS.r.l/E-Commerce - FOTO PRODOTTO 2019_2022_2023_2024_2025/DISCHI/WK3/WK3066L.jpg,WK3066L,41160734,DRY_RUN_OK,
/Users/anna.nardi/Library/CloudStorage/OneDrive-Raccoltecondivise-DuckyNetworkS.r.l/E-Commerce - FOTO PRODOTTO 2019_2022_2023_2024_2025/DISCHI/WK3/WK3066R.jpg,WK3066R,41160735,DRY_RUN_OK,
/Users/anna.nardi/Library/CloudStorage/OneDrive-Raccoltecondivise-DuckyNetworkS.r.l/E-Commerce - FOTO PRODOTTO 2019_2022_2023_2024_2025/DISCHI/WK3/WK3067L.jpg,WK3067L,41160736,DRY_RUN_OK,
/Users/anna.nardi/Library/CloudStorage/OneDrive-Raccoltecondivise-DuckyNetworkS.r.l/E-Commerce - FOTO PRODOTTO 2019_2022_2023_2024_2025/DISCHI/WK3/WK3067R.jpg,WK3067R,41160737,DRY_RUN_OK,
/Users/anna.nardi/Library/CloudStorage/OneDrive-Raccoltecondivise-DuckyNetworkS.r.l/E-Commerce - FOTO PRODOTTO 2019_2022_2023_2024_2025/DISCHI/WK3/WK3068L.jpg,WK3068L,41160738,DRY_RUN_OK,
/Users/anna.nardi/Library/CloudStorage/OneDrive-Raccoltecondivise-DuckyNetworkS.r.l/E-Commerce - FOTO PRODOTTO 2019_2022_2023_2024_2025/DISCHI/WK3/WK3068R.jpg,WK3068R,41160739,DRY_RUN_OK,
/Users/anna.nardi/Library/CloudStorage/OneDrive-Raccoltecondivise-DuckyNetworkS.r.l/E-Commerce - FOTO PRODOTTO 2019_2022_2023_2024_2025/DISCHI/WK3/WK3069L.jpg,WK3069L,41160740,DRY_RUN_OK,
/Users/anna.nardi/Library/CloudStorage/OneDrive-Raccoltecondivise-DuckyNetworkS.r.l/E-Commerce - FOTO PRODOTTO 2019_2022_2023_2024_2025/DISCHI/WK3/WK3069R.jpg,WK3069R,41160741,DRY_RUN_OK,
/Users/anna.nardi/Library/CloudStorage/OneDrive-Raccoltecondivise-DuckyNetworkS.r.l/E-Commerce - FOTO PRODOTTO 2019_2022_2023_2024_2025/DISCHI/WK3/WK3070L.jpg,WK3070L,41160742,DRY_RUN_OK,
/Users/anna.nardi/Library/CloudStorage/OneDrive-Raccoltecondivise-DuckyNetworkS.r.l/E-Commerce - FOTO PRODOTTO 2019_2022_2023_2024_2025/DISCHI/WK3/WK3070R.jpg,WK3070R,41160743,DRY_RUN_OK,
/Users/anna.nardi/Library/CloudStorage/OneDrive-Raccoltecondivise-DuckyNetworkS.r.l/E-Commerce - FOTO PRODOTTO 2019_2022_2023_2024_2025/DISCHI/WK3/WK3071L.jpg,WK3071L,41160744,DRY_RUN_OK,
/Users/anna.nardi/Library/CloudStorage/OneDrive-Raccoltecondivise-DuckyNetworkS.r.l/E-Commerce - FOTO PRODOTTO 2019_2022_2023_2024_2025/DISCHI/WK3/WK3071R.jpg,WK3071R,41160745,DRY_RUN_OK,
/Users/anna.nardi/Library/CloudStorage/OneDrive-Raccoltecondivise-DuckyNetworkS.r.l/E-Commerce - FOTO PRODOTTO 2019_2022_2023_2024_2025/DISCHI/WK3/WK3074L.jpg,WK3074L,41227141,DRY_RUN_OK,
/Users/anna.nardi/Library/CloudStorage/OneDrive-Raccoltecondivise-DuckyNetworkS.r.l/E-Commerce - FOTO PRODOTTO 2019_2022_2023_2024_2025/DISCHI/WK3/WK3076L.jpg,WK3076L,41160746,DRY_RUN_OK,
/Users/anna.nardi/Library/CloudStorage/OneDrive-Raccoltecondivise-DuckyNetworkS.r.l/E-Commerce - FOTO PRODOTTO 2019_2022_2023_2024_2025/DISCHI/WK3/WK3076R.jpg,WK3076R,41160747,DRY_RUN_OK,
/Users/anna.nardi/Library/CloudStorage/OneDrive-Raccoltecondivise-DuckyNetworkS.r.l/E-Commerce - FOTO PRODOTTO 2019_2022_2023_2024_2025/DISCHI/WK3/WK3083L.jpg,WK3083L,41160748,DRY_RUN_OK,
/Users/anna.nardi/Library/CloudStorage/OneDrive-Raccoltecondivise-DuckyNetworkS.r.l/E-Commerce - FOTO PRODOTTO 2019_2022_2023_2024_2025/DISCHI/WK3/WK3083R.jpg,WK3083R,41160749,DRY_RUN_OK,
/Users/anna.nardi/Library/CloudStorage/OneDrive-Raccoltecondivise-DuckyNetworkS.r.l/E-Commerce - FOTO PRODOTTO 2019_2022_2023_2024_2025/DISCHI/WK3/WK3089L.jpg,WK3089L,41160750,DRY_RUN_OK,
/Users/anna.nardi/Library/CloudStorage/OneDrive-Raccoltecondivise-DuckyNetworkS.r.l/E-Commerce - FOTO PRODOTTO 2019_2022_2023_2024_2025/DISCHI/WK3/WK3090L.jpg,WK3090L,41160752,DRY_RUN_OK,
/Users/anna.nardi/Library/CloudStorage/OneDrive-Raccoltecondivise-DuckyNetworkS.r.l/E-Commerce - FOTO PRODOTTO 2019_2022_2023_2024_2025/DISCHI/WK3/WK3090R.jpg,WK3090R,41160753,DRY_RUN_OK,
/Users/anna.nardi/Library/CloudStorage/OneDrive-Raccoltecondivise-DuckyNetworkS.r.l/E-Commerce - FOTO PRODOTTO 2019_2022_2023_2024_2025/DISCHI/WK3/WK3109L.jpg,WK3109L,41160758,DRY_RUN_OK,
/Users/anna.nardi/Library/CloudStorage/OneDrive-Raccoltecondivise-DuckyNetworkS.r.l/E-Commerce - FOTO PRODOTTO 2019_2022_2023_2024_2025/DISCHI/WK3/WK3109R.jpg,WK3109R,41160759,DRY_RUN_OK,
/Users/anna.nardi/Library/CloudStorage/OneDrive-Raccoltecondivise-DuckyNetworkS.r.l/E-Commerce - FOTO PRODOTTO 2019_2022_2023_2024_2025/DISCHI/WK3/WK3111R.jpg,WK3111R,41160763,DRY_RUN_OK,
/Users/anna.nardi/Library/CloudStorage/OneDrive-Raccoltecondivise-DuckyNetworkS.r.l/E-Commerce - FOTO PRODOTTO 2019_2022_2023_2024_2025/DISCHI/WK3/WK3117L.jpg,WK3117L,41160764,DRY_RUN_OK,
/Users/anna.nardi/Library/CloudStorage/OneDrive-Raccoltecondivise-DuckyNetworkS.r.l/E-Commerce - FOTO PRODOTTO 2019_2022_2023_2024_2025/DISCHI/WK3/WK3117R.jpg,WK3117R,41160765,DRY_RUN_OK,
/Users/anna.nardi/Library/CloudStorage/OneDrive-Raccoltecondivise-DuckyNetworkS.r.l/E-Commerce - FOTO PRODOTTO 2019_2022_2023_2024_2025/DISCHI/WK3/WK3126L.jpg,WK3126L,41160768,DRY_RUN_OK,
/Users/anna.nardi/Library/CloudStorage/OneDrive-Raccoltecondivise-DuckyNetworkS.r.l/E-Commerce - FOTO PRODOTTO 2019_2022_2023_2024_2025/DISCHI/WK3/WK3134L.jpg,WK3134L,41160772,DRY_RUN_OK,
/Users/anna.nardi/Library/CloudStorage/OneDrive-Raccoltecondivise-DuckyNetworkS.r.l/E-Commerce - FOTO PRODOTTO 2019_2022_2023_2024_2025/DISCHI/WK3/WK3134R.jpg,WK3134R,41160773,DRY_RUN_OK,
/Users/anna.nardi/Library/CloudStorage/OneDrive-Raccoltecondivise-DuckyNetworkS.r.l/E-Commerce - FOTO PRODOTTO 2019_2022_2023_2024_2025/DISCHI/WK3/WK3135L.jpg,WK3135L,41160774,DRY_RUN_OK,
/Users/anna.nardi/Library/CloudStorage/OneDrive-Raccoltecondivise-DuckyNetworkS.r.l/E-Commerce - FOTO PRODOTTO 2019_2022_2023_2024_2025/DISCHI/WK3/WK3140L.jpg,WK3140L,41160779,DRY_RUN_OK,
/Users/anna.nardi/Library/CloudStorage/OneDrive-Raccoltecondivise-DuckyNetworkS.r.l/E-Commerce - FOTO PRODOTTO 2019_2022_2023_2024_2025/DISCHI/WK3/WK3140R.jpg,WK3140R,41160780,DRY_RUN_OK,
/Users/anna.nardi/Library/CloudStorage/OneDrive-Raccoltecondivise-DuckyNetworkS.r.l/E-Commerce - FOTO PRODOTTO 2019_2022_2023_2024_2025/DISCHI/WK3/WK3142L.jpg,WK3142L,41160781,DRY_RUN_OK,
/Users/anna.nardi/Library/CloudStorage/OneDrive-Raccoltecondivise-DuckyNetworkS.r.l/E-Commerce - FOTO PRODOTTO 2019_2022_2023_2024_2025/DISCHI/WK3/WK3142R.jpg,WK3142R,41160782,DRY_RUN_OK,
/Users/anna.nardi/Library/CloudStorage/OneDrive-Raccoltecondivise-DuckyNetworkS.r.l/E-Commerce - FOTO PRODOTTO 2019_2022_2023_2024_2025/DISCHI/WK3/WK3144L.jpg,WK3144L,41160783,DRY_RUN_OK,
/Users/anna.nardi/Library/CloudStorage/OneDrive-Raccoltecondivise-DuckyNetworkS.r.l/E-Commerce - FOTO PRODOTTO 2019_2022_2023_2024_2025/DISCHI/WK3/WK3144R.jpg,WK3144R,41160784,DRY_RUN_OK,
/Users/anna.nardi/Library/CloudStorage/OneDrive-Raccoltecondivise-DuckyNetworkS.r.l/E-Commerce - FOTO PRODOTTO 2019_2022_2023_2024_2025/DISCHI/WK3/WK3147L.jpg,WK3147L,41160789,DRY_RUN_OK,
/Users/anna.nardi/Library/CloudStorage/OneDrive-Raccoltecondivise-DuckyNetworkS.r.l/E-Commerce - FOTO PRODOTTO 2019_2022_2023_2024_2025/DISCHI/WK3/WK3147R.png,WK3147R,41160790,DRY_RUN_OK,
/Users/anna.nardi/Library/CloudStorage/OneDrive-Raccoltecondivise-DuckyNetworkS.r.l/E-Commerce - FOTO PRODOTTO 2019_2022_2023_2024_2025/DISCHI/WK3/WK3148L.jpg,WK3148L,41160791,DRY_RUN_OK,
/Users/anna.nardi/Library/CloudStorage/OneDrive-Raccoltecondivise-DuckyNetworkS.r.l/E-Commerce - FOTO PRODOTTO 2019_2022_2023_2024_2025/DISCHI/WK3/WK3148R.jpg,WK3148R,41160792,DRY_RUN_OK,
/Users/anna.nardi/Library/CloudStorage/OneDrive-Raccoltecondivise-DuckyNetworkS.r.l/E-Commerce - FOTO PRODOTTO 2019_2022_2023_2024_2025/DISCHI/WK3/WK3149L.jpg,WK3149L,41160793,DRY_RUN_OK,
/Users/anna.nardi/Library/CloudStorage/OneDrive-Raccoltecondivise-DuckyNetworkS.r.l/E-Commerce - FOTO PRODOTTO 2019_2022_2023_2024_2025/DISCHI/WK3/WK3149R.jpg,WK3149R,41160794,DRY_RUN_OK,
/Users/anna.nardi/Library/CloudStorage/OneDrive-Raccoltecondivise-DuckyNetworkS.r.l/E-Commerce - FOTO PRODOTTO 2019_2022_2023_2024_2025/DISCHI/WK3/WK3150L.jpg,WK3150L,41160795,DRY_RUN_OK,
/Users/anna.nardi/Library/CloudStorage/OneDrive-Raccoltecondivise-DuckyNetworkS.r.l/E-Commerce - FOTO PRODOTTO 2019_2022_2023_2024_2025/DISCHI/WK3/WK3150R.jpg,WK3150R,41160796,DRY_RUN_OK,
/Users/anna.nardi/Library/CloudStorage/OneDrive-Raccoltecondivise-DuckyNetworkS.r.l/E-Commerce - FOTO PRODOTTO 2019_2022_2023_2024_2025/DISCHI/WK3/WK3154L.jpg,WK3154L,41160801,DRY_RUN_OK,
/Users/anna.nardi/Library/CloudStorage/OneDrive-Raccoltecondivise-DuckyNetworkS.r.l/E-Commerce - FOTO PRODOTTO 2019_2022_2023_2024_2025/DISCHI/WK3/WK3154R.jpg,WK3154R,41160802,DRY_RUN_OK,
/Users/anna.nardi/Library/CloudStorage/OneDrive-Raccoltecondivise-DuckyNetworkS.r.l/E-Commerce - FOTO PRODOTTO 2019_2022_2023_2024_2025/DISCHI/WK3/WK3156R.jpg,WK3156R,41160804,DRY_RUN_OK,
/Users/anna.nardi/Library/CloudStorage/OneDrive-Raccoltecondivise-DuckyNetworkS.r.l/E-Commerce - FOTO PRODOTTO 2019_2022_2023_2024_2025/DISCHI/WK3/WK3158L.jpg,WK3158L,41160805,DRY_RUN_OK,
/Users/anna.nardi/Library/CloudStorage/OneDrive-Raccoltecondivise-DuckyNetworkS.r.l/E-Commerce - FOTO PRODOTTO 2019_2022_2023_2024_2025/DISCHI/WK3/WK3158R.jpg,WK3158R,41160806,DRY_RUN_OK,
/Users/anna.nardi/Library/CloudStorage/OneDrive-Raccoltecondivise-DuckyNetworkS.r.l/E-Commerce - FOTO PRODOTTO 2019_2022_2023_2024_2025/DISCHI/WK3/WK3160R.jpg,WK3160R,41160807,DRY_RUN_OK,
/Users/anna.nardi/Library/CloudStorage/OneDrive-Raccoltecondivise-DuckyNetworkS.r.l/E-Commerce - FOTO PRODOTTO 2019_2022_2023_2024_2025/DISCHI/WK3/WK3161L.jpg,WK3161L,41160808,DRY_RUN_OK,
/Users/anna.nardi/Library/CloudStorage/OneDrive-Raccoltecondivise-DuckyNetworkS.r.l/E-Commerce - FOTO PRODOTTO 2019_2022_2023_2024_2025/DISCHI/WK3/WK3161R.jpg,WK3161R,41160809,DRY_RUN_OK,
/Users/anna.nardi/Library/CloudStorage/OneDrive-Raccoltecondivise-DuckyNetworkS.r.l/E-Commerce - FOTO PRODOTTO 2019_2022_2023_2024_2025/DISCHI/WK3/WK3162L.jpg,WK3162L,41160810,DRY_RUN_OK,
/Users/anna.nardi/Library/CloudStorage/OneDrive-Raccoltecondivise-DuckyNetworkS.r.l/E-Commerce - FOTO PRODOTTO 2019_2022_2023_2024_2025/DISCHI/WK3/WK3162R.jpg,WK3162R,41160811,DRY_RUN_OK,
/Users/anna.nardi/Library/CloudStorage/OneDrive-Raccoltecondivise-DuckyNetworkS.r.l/E-Commerce - FOTO PRODOTTO 2019_2022_2023_2024_2025/DISCHI/WK3/WK3163R.jpg,WK3163R,41464573,DRY_RUN_OK,
/Users/anna.nardi/Library/CloudStorage/OneDrive-Raccoltecondivise-DuckyNetworkS.r.l/E-Commerce - FOTO PRODOTTO 2019_2022_2023_2024_2025/DISCHI/WK3/WK3164L.jpg,WK3164L,41160812,DRY_RUN_OK,
/Users/anna.nardi/Library/CloudStorage/OneDrive-Raccoltecondivise-DuckyNetworkS.r.l/E-Commerce - FOTO PRODOTTO 2019_2022_2023_2024_2025/DISCHI/WK3/WK3165L.jpg,WK3165L,41160814,DRY_RUN_OK,
/Users/anna.nardi/Library/CloudStorage/OneDrive-Raccoltecondivise-DuckyNetworkS.r.l/E-Commerce - FOTO PRODOTTO 2019_2022_2023_2024_2025/DISCHI/WK3/WK3165R.jpg,WK3165R,41160815,DRY_RUN_OK,
/Users/anna.nardi/Library/CloudStorage/OneDrive-Raccoltecondivise-DuckyNetworkS.r.l/E-Commerce - FOTO PRODOTTO 2019_2022_2023_2024_2025/DISCHI/W-FLO/WL1001.jpg,WL1001,41160818,DRY_RUN_OK,
/Users/anna.nardi/Library/CloudStorage/OneDrive-Raccoltecondivise-DuckyNetworkS.r.l/E-Commerce - FOTO PRODOTTO 2019_2022_2023_2024_2025/DISCHI/W-FLO/WL4002.jpg,WL4002,41160819,DRY_RUN_OK,
/Users/anna.nardi/Library/CloudStorage/OneDrive-Raccoltecondivise-DuckyNetworkS.r.l/E-Commerce - FOTO PRODOTTO 2019_2022_2023_2024_2025/DISCHI/W-FLO/WL4003.jpg,WL4003,41160820,DRY_RUN_OK,
/Users/anna.nardi/Library/CloudStorage/OneDrive-Raccoltecondivise-DuckyNetworkS.r.l/E-Commerce - FOTO PRODOTTO 2019_2022_2023_2024_2025/DISCHI/W-FLO/WL4005.jpg,WL4005,41160821,DRY_RUN_OK,
/Users/anna.nardi/Library/CloudStorage/OneDrive-Raccoltecondivise-DuckyNetworkS.r.l/E-Commerce - FOTO PRODOTTO 2019_2022_2023_2024_2025/DISCHI/W-FLO/WL4007.jpg,WL4007,41160822,DRY_RUN_OK,
/Users/anna.nardi/Library/CloudStorage/OneDrive-Raccoltecondivise-DuckyNetworkS.r.l/E-Commerce - FOTO PRODOTTO 2019_2022_2023_2024_2025/DISCHI/W-FLO/WL4008.jpg,WL4008,41160823,DRY_RUN_OK,
/Users/anna.nardi/Library/CloudStorage/OneDrive-Raccoltecondivise-DuckyNetworkS.r.l/E-Commerce - FOTO PRODOTTO 2019_2022_2023_2024_2025/DISCHI/W-FLO/WL4010.jpg,WL4010,41160824,DRY_RUN_OK,
/Users/anna.nardi/Library/CloudStorage/OneDrive-Raccoltecondivise-DuckyNetworkS.r.l/E-Commerce - FOTO PRODOTTO 2019_2022_2023_2024_2025/DISCHI/W-FLO/WL4012.jpg,WL4012,41160825,DRY_RUN_OK,
/Users/anna.nardi/Library/CloudStorage/OneDrive-Raccoltecondivise-DuckyNetworkS.r.l/E-Commerce - FOTO PRODOTTO 2019_2022_2023_2024_2025/DISCHI/W-FLO/WL4014.jpg,WL4014,41160826,DRY_RUN_OK,
/Users/anna.nardi/Library/CloudStorage/OneDrive-Raccoltecondivise-DuckyNetworkS.r.l/E-Commerce - FOTO PRODOTTO 2019_2022_2023_2024_2025/DISCHI/W-FLO/WL4016.jpg,WL4016,41160827,DRY_RUN_OK,
/Users/anna.nardi/Library/CloudStorage/OneDrive-Raccoltecondivise-DuckyNetworkS.r.l/E-Commerce - FOTO PRODOTTO 2019_2022_2023_2024_2025/DISCHI/W-FLO/WL7001L.jpg,WL7001L,41160828,DRY_RUN_OK,
/Users/anna.nardi/Library/CloudStorage/OneDrive-Raccoltecondivise-DuckyNetworkS.r.l/E-Commerce - FOTO PRODOTTO 2019_2022_2023_2024_2025/DISCHI/W-FLO/WL8001L.jpg,WL8001L,41160829,DRY_RUN_OK,
/Users/anna.nardi/Library/CloudStorage/OneDrive-Raccoltecondivise-DuckyNetworkS.r.l/E-Commerce - FOTO PRODOTTO 2019_2022_2023_2024_2025/DISCHI/W-FLO/WL8001R.jpg,WL8001R,41160830,DRY_RUN_OK,
/Users/anna.nardi/Library/CloudStorage/OneDrive-Raccoltecondivise-DuckyNetworkS.r.l/E-Commerce - FOTO PRODOTTO 2019_2022_2023_2024_2025/DISCHI/W-FLO/WL8002R.jpg,WL8002R,41160831,DRY_RUN_OK,
/Users/anna.nardi/Library/CloudStorage/OneDrive-Raccoltecondivise-DuckyNetworkS.r.l/E-Commerce - FOTO PRODOTTO 2019_2022_2023_2024_2025/DISCHI/W-FLO/WL8003L.jpg,WL8003L,41160832,DRY_RUN_OK,
/Users/anna.nardi/Library/CloudStorage/OneDrive-Raccoltecondivise-DuckyNetworkS.r.l/E-Commerce - FOTO PRODOTTO 2019_2022_2023_2024_2025/DISCHI/W-FLO/WL8003R.jpg,WL8003R,41160833,DRY_RUN_OK,
/Users/anna.nardi/Library/CloudStorage/OneDrive-Raccoltecondivise-DuckyNetworkS.r.l/E-Commerce - FOTO PRODOTTO 2019_2022_2023_2024_2025/DISCHI/R-FIX/YA01RI.jpg,YA01RI,41160834,DRY_RUN_OK,
/Users/anna.nardi/Library/CloudStorage/OneDrive-Raccoltecondivise-DuckyNetworkS.r.l/E-Commerce - FOTO PRODOTTO 2019_2022_2023_2024_2025/DISCHI/R-FIX/YA01RID.jpg,YA01RID,41160835,DRY_RUN_OK,
/Users/anna.nardi/Library/CloudStorage/OneDrive-Raccoltecondivise-DuckyNetworkS.r.l/E-Commerce - FOTO PRODOTTO 2019_2022_2023_2024_2025/DISCHI/R-FIX/YA02FI.jpg,YA02FI,41160836,DRY_RUN_OK,
/Users/anna.nardi/Library/CloudStorage/OneDrive-Raccoltecondivise-DuckyNetworkS.r.l/E-Commerce - FOTO PRODOTTO 2019_2022_2023_2024_2025/DISCHI/R-FIX/YA02RI.jpg,YA02RI,41160837,DRY_RUN_OK,
/Users/anna.nardi/Library/CloudStorage/OneDrive-Raccoltecondivise-DuckyNetworkS.r.l/E-Commerce - FOTO PRODOTTO 2019_2022_2023_2024_2025/DISCHI/R-FIX/YA03FI.jpg,YA03FI,41160838,DRY_RUN_OK,
/Users/anna.nardi/Library/CloudStorage/OneDrive-Raccoltecondivise-DuckyNetworkS.r.l/E-Commerce - FOTO PRODOTTO 2019_2022_2023_2024_2025/DISCHI/R-FIX/YA03RI.jpg,YA03RI,41160839,DRY_RUN_OK,
/Users/anna.nardi/Library/CloudStorage/OneDrive-Raccoltecondivise-DuckyNetworkS.r.l/E-Commerce - FOTO PRODOTTO 2019_2022_2023_2024_2025/DISCHI/R-FIX/YA05FI.jpg,YA05FI,41160840,DRY_RUN_OK,
/Users/anna.nardi/Library/CloudStorage/OneDrive-Raccoltecondivise-DuckyNetworkS.r.l/E-Commerce - FOTO PRODOTTO 2019_2022_2023_2024_2025/DISCHI/R-FIX/YA05FID.jpg,YA05FID,41160841,DRY_RUN_OK,
/Users/anna.nardi/Library/CloudStorage/OneDrive-Raccoltecondivise-DuckyNetworkS.r.l/E-Commerce - FOTO PRODOTTO 2019_2022_2023_2024_2025/DISCHI/R-FIX/YA06FID.jpg,YA06FID,41160842,DRY_RUN_OK,
/Users/anna.nardi/Library/CloudStorage/OneDrive-Raccoltecondivise-DuckyNetworkS.r.l/E-Commerce - FOTO PRODOTTO 2019_2022_2023_2024_2025/DISCHI/R-FIX/YA08RI.jpg,YA08RI,41160843,DRY_RUN_OK,
/Users/anna.nardi/Library/CloudStorage/OneDrive-Raccoltecondivise-DuckyNetworkS.r.l/E-Commerce - FOTO PRODOTTO 2019_2022_2023_2024_2025/DISCHI/R-FIX/YA08RID.jpg,YA08RID,41160844,DRY_RUN_OK,
/Users/anna.nardi/Library/CloudStorage/OneDrive-Raccoltecondivise-DuckyNetworkS.r.l/E-Commerce - FOTO PRODOTTO 2019_2022_2023_2024_2025/DISCHI/R-FIX/YA09RI.jpg,YA09RI,41160845,DRY_RUN_OK,
/Users/anna.nardi/Library/CloudStorage/OneDrive-Raccoltecondivise-DuckyNetworkS.r.l/E-Commerce - FOTO PRODOTTO 2019_2022_2023_2024_2025/DISCHI/R-FIX/YA09RID.jpg,YA09RID,41160846,DRY_RUN_OK,
/Users/anna.nardi/Library/CloudStorage/OneDrive-Raccoltecondivise-DuckyNetworkS.r.l/E-Commerce - FOTO PRODOTTO 2019_2022_2023_2024_2025/DISCHI/R-FIX/YA10RID.jpg,YA10RID,41160847,DRY_RUN_OK,
/Users/anna.nardi/Library/CloudStorage/OneDrive-Raccoltecondivise-DuckyNetworkS.r.l/E-Commerce - FOTO PRODOTTO 2019_2022_2023_2024_2025/DISCHI/R-FIX/YA12FI.jpg,YA12FI,41160848,DRY_RUN_OK,
/Users/anna.nardi/Library/CloudStorage/OneDrive-Raccoltecondivise-DuckyNetworkS.r.l/E-Commerce - FOTO PRODOTTO 2019_2022_2023_2024_2025/DISCHI/R-FIX/YA12FID.jpg,YA12FID,41160849,DRY_RUN_OK,
/Users/anna.nardi/Library/CloudStorage/OneDrive-Raccoltecondivise-DuckyNetworkS.r.l/E-Commerce - FOTO PRODOTTO 2019_2022_2023_2024_2025/DISCHI/R-FIX/YA17FI.jpg,YA17FI,41160850,DRY_RUN_OK,
/Users/anna.nardi/Library/CloudStorage/OneDrive-Raccoltecondivise-DuckyNetworkS.r.l/E-Commerce - FOTO PRODOTTO 2019_2022_2023_2024_2025/DISCHI/R-FIX/YA18FID.jpg,YA18FID,41160851,DRY_RUN_OK,
/Users/anna.nardi/Library/CloudStorage/OneDrive-Raccoltecondivise-DuckyNetworkS.r.l/E-Commerce - FOTO PRODOTTO 2019_2022_2023_2024_2025/DISCHI/R-FIX/YA19FI.jpg,YA19FI,41160852,DRY_RUN_OK,
/Users/anna.nardi/Library/CloudStorage/OneDrive-Raccoltecondivise-DuckyNetworkS.r.l/E-Commerce - FOTO PRODOTTO 2019_2022_2023_2024_2025/DISCHI/R-FIX/YA21FL.jpg,YA21FL,41160853,DRY_RUN_OK,
/Users/anna.nardi/Library/CloudStorage/OneDrive-Raccoltecondivise-DuckyNetworkS.r.l/E-Commerce - FOTO PRODOTTO 2019_2022_2023_2024_2025/DISCHI/W-FIX/YA22FID.jpg,YA22FID,41160854,DRY_RUN_OK,
/Users/anna.nardi/Library/CloudStorage/OneDrive-Raccoltecondivise-DuckyNetworkS.r.l/E-Commerce - FOTO PRODOTTO 2019_2022_2023_2024_2025/DISCHI/W-FIX/YA22RID.jpg,YA22RID,41160855,DRY_RUN_OK,
/Users/anna.nardi/Library/CloudStorage/OneDrive-Raccoltecondivise-DuckyNetworkS.r.l/E-Commerce - FOTO PRODOTTO 2019_2022_2023_2024_2025/DISCHI/R-FIX/YA23RI.jpg,YA23RI,41232184,DRY_RUN_OK,
/Users/anna.nardi/Library/CloudStorage/OneDrive-Raccoltecondivise-DuckyNetworkS.r.l/E-Commerce - FOTO PRODOTTO 2019_2022_2023_2024_2025/DISCHI/W-FIX/YA23RID.jpg,YA23RID,41160856,DRY_RUN_OK,
/Users/anna.nardi/Library/CloudStorage/OneDrive-Raccoltecondivise-DuckyNetworkS.r.l/E-Commerce - FOTO PRODOTTO 2019_2022_2023_2024_2025/DISCHI/W-FIX/YA24RID.jpg,YA24RID,41160857,DRY_RUN_OK,
/Users/anna.nardi/Library/CloudStorage/OneDrive-Raccoltecondivise-DuckyNetworkS.r.l/E-Commerce - FOTO PRODOTTO 2019_2022_2023_2024_2025/DISCHI/W-FIX/YA25FID.jpg,YA25FID,41160858,DRY_RUN_OK,
/Users/anna.nardi/Library/CloudStorage/OneDrive-Raccoltecondivise-DuckyNetworkS.r.l/E-Commerce - FOTO PRODOTTO 2019_2022_2023_2024_2025/DISCHI/W-FIX/YA30FID.jpg,YA30FID,41160859,DRY_RUN_OK,
/Users/anna.nardi/Library/CloudStorage/OneDrive-Raccoltecondivise-DuckyNetworkS.r.l/E-Commerce - FOTO PRODOTTO 2019_2022_2023_2024_2025/DISCHI/W-FIX/YA30RID.jpg,YA30RID,41160860,DRY_RUN_OK,
/Users/anna.nardi/Library/CloudStorage/OneDrive-Raccoltecondivise-DuckyNetworkS.r.l/E-Commerce - FOTO PRODOTTO 2019_2022_2023_2024_2025/DISCHI/W-FIX/YA31RID.jpg,YA31RID,41160861,DRY_RUN_OK,
/Users/anna.nardi/Library/CloudStorage/OneDrive-Raccoltecondivise-DuckyNetworkS.r.l/E-Commerce - FOTO PRODOTTO 2019_2022_2023_2024_2025/DISCHI/W-FIX/YA32FID.jpg,YA32FID,41160862,DRY_RUN_OK,
/Users/anna.nardi/Library/CloudStorage/OneDrive-Raccoltecondivise-DuckyNetworkS.r.l/E-Commerce - FOTO PRODOTTO 2019_2022_2023_2024_2025/DISCHI/R-FIX/YA32RI.jpg,YA32RI,41160863,DRY_RUN_OK,
/Users/anna.nardi/Library/CloudStorage/OneDrive-Raccoltecondivise-DuckyNetworkS.r.l/E-Commerce - FOTO PRODOTTO 2019_2022_2023_2024_2025/DISCHI/W-FIX/YA32RID.jpg,YA32RID,41160864,DRY_RUN_OK,
/Users/anna.nardi/Library/CloudStorage/OneDrive-Raccoltecondivise-DuckyNetworkS.r.l/E-Commerce - FOTO PRODOTTO 2019_2022_2023_2024_2025/DISCHI/R-FIX/YA34RI.jpg,YA34RI,41160865,DRY_RUN_OK,
/Users/anna.nardi/Library/CloudStorage/OneDrive-Raccoltecondivise-DuckyNetworkS.r.l/E-Commerce - FOTO PRODOTTO 2019_2022_2023_2024_2025/DISCHI/W-FIX/YA34RID.jpg,YA34RID,41160866,DRY_RUN_OK,
/Users/anna.nardi/Library/CloudStorage/OneDrive-Raccoltecondivise-DuckyNetworkS.r.l/E-Commerce - FOTO PRODOTTO 2019_2022_2023_2024_2025/DISCHI/W-FIX/YA39FID.jpg,YA39FID,41160867,DRY_RUN_OK,
/Users/anna.nardi/Library/CloudStorage/OneDrive-Raccoltecondivise-DuckyNetworkS.r.l/E-Commerce - FOTO PRODOTTO 2019_2022_2023_2024_2025/DISCHI/W-FIX/YA43RID.jpg,YA43RID,41160868,DRY_RUN_OK,
/Users/anna.nardi/Library/CloudStorage/OneDrive-Raccoltecondivise-DuckyNetworkS.r.l/E-Commerce - FOTO PRODOTTO 2019_2022_2023_2024_2025/DISCHI/R-FIX/YA44RI.jpg,YA44RI,41160869,DRY_RUN_OK,
/Users/anna.nardi/Library/CloudStorage/OneDrive-Raccoltecondivise-DuckyNetworkS.r.l/E-Commerce - FOTO PRODOTTO 2019_2022_2023_2024_2025/DISCHI/W-FIX/YA44RID.JPG,YA44RID,41160870,DRY_RUN_OK,
/Users/anna.nardi/Library/CloudStorage/OneDrive-Raccoltecondivise-DuckyNetworkS.r.l/E-Commerce - FOTO PRODOTTO 2019_2022_2023_2024_2025/DISCHI/W-FLO/YA45FLD.jpg,YA45FLD,41160871,DRY_RUN_OK,
/Users/anna.nardi/Library/CloudStorage/OneDrive-Raccoltecondivise-DuckyNetworkS.r.l/E-Commerce - FOTO PRODOTTO 2019_2022_2023_2024_2025/DISCHI/W-FLO/YA46FLD.jpg,YA46FLD,41160872,DRY_RUN_OK,
/Users/anna.nardi/Library/CloudStorage/OneDrive-Raccoltecondivise-DuckyNetworkS.r.l/E-Commerce - FOTO PRODOTTO 2019_2022_2023_2024_2025/DISCHI/W-FIX/YA46RID.jpg,YA46RID,41160873,DRY_RUN_OK,
/Users/anna.nardi/Library/CloudStorage/OneDrive-Raccoltecondivise-DuckyNetworkS.r.l/E-Commerce - FOTO PRODOTTO 2019_2022_2023_2024_2025/DISCHI/W-FLO/YA47FLD.jpg,YA47FLD,41160874,DRY_RUN_OK,
/Users/anna.nardi/Library/CloudStorage/OneDrive-Raccoltecondivise-DuckyNetworkS.r.l/E-Commerce - FOTO PRODOTTO 2019_2022_2023_2024_2025/DISCHI/W-FIX/YA47RID.jpg,YA47RID,41160875,DRY_RUN_OK,
/Users/anna.nardi/Library/CloudStorage/OneDrive-Raccoltecondivise-DuckyNetworkS.r.l/E-Commerce - FOTO PRODOTTO 2019_2022_2023_2024_2025/DISCHI/R-FIX/YA48RI.jpg,YA48RI,41160876,DRY_RUN_OK,
/Users/anna.nardi/Library/CloudStorage/OneDrive-Raccoltecondivise-DuckyNetworkS.r.l/E-Commerce - FOTO PRODOTTO 2019_2022_2023_2024_2025/DISCHI/W-FIX/YA48RID.jpg,YA48RID,41160877,DRY_RUN_OK,
/Users/anna.nardi/Library/CloudStorage/OneDrive-Raccoltecondivise-DuckyNetworkS.r.l/E-Commerce - FOTO PRODOTTO 2019_2022_2023_2024_2025/DISCHI/W-FIX/YA51RID.jpg,YA51RID,41160878,DRY_RUN_OK,
/Users/anna.nardi/Library/CloudStorage/OneDrive-Raccoltecondivise-DuckyNetworkS.r.l/E-Commerce - FOTO PRODOTTO 2019_2022_2023_2024_2025/DISCHI/W-FIX/YA52RID.jpg,YA52RID,41160879,DRY_RUN_OK,
